millis,iso_time,sequence,f1,f2,f3,f4,f5,f6,f7,f8,f9,f10,f11,f12,f13,f14,f15,f16,f17,f18,f19,f20,f21,f22,f23,f24
7794,NO_TIME,1,20.900,30.244,29.280,987.792,214.141,34.598,2400.000,0.240,1.923,1591.000,1.923,1591.000,0.000,0.000,0.000,0.000,0.502,415.000,0.502,415.000,0.000,0.000,0.000,0.000
27857,2026-05-26 11:38:49,2,20.100,30.459,29.320,987.773,214.306,34.413,1700.000,0.170,1.831,1210.000,1.463,1514.800,0.000,0.000,0.000,0.000,0.418,70.000,0.085,346.000,0.000,0.000,0.000,0.000
47922,2026-05-26 11:39:09,3,20.100,30.566,29.330,987.797,214.100,34.216,1300.000,0.130,1.759,1216.000,1.470,1455.040,0.000,0.000,0.000,0.000,0.356,89.000,0.108,294.600,0.000,0.000,0.000,0.000
67987,2026-05-26 11:39:29,4,20.100,30.674,29.350,987.818,213.925,34.159,1500.000,0.150,1.627,910.000,1.100,1346.032,0.000,0.000,0.000,0.000,0.333,198.000,0.239,275.280,0.000,0.000,0.000,0.000
88145,2026-05-26 11:39:49,5,20.100,30.566,29.340,987.838,213.756,34.450,1600.000,0.160,1.574,1127.000,1.362,1302.226,0.000,0.000,0.000,0.000,0.313,192.000,0.232,258.624,0.000,0.000,0.000,0.000
108210,2026-05-26 11:40:09,6,20.100,30.674,29.330,987.785,214.208,35.418,1800.000,0.180,1.500,994.000,1.202,1240.581,0.000,0.000,0.000,0.000,0.296,188.000,0.227,244.499,0.000,0.000,0.000,0.000
128275,2026-05-26 11:40:29,7,20.100,30.674,29.300,987.777,214.269,34.750,1300.000,0.130,1.457,1063.000,1.285,1205.065,0.000,0.000,0.000,0.000,0.266,124.000,0.150,220.399,0.000,0.000,0.000,0.000
148340,2026-05-26 11:40:50,8,20.100,30.782,29.260,987.782,214.228,35.318,1300.000,0.130,1.412,1021.000,1.234,1168.252,0.000,0.000,0.000,0.000,0.233,84.000,0.102,193.120,0.000,0.000,0.000,0.000
168405,2026-05-26 11:41:10,9,20.100,30.782,29.290,987.772,214.314,35.543,1400.000,0.140,1.378,1027.000,1.241,1140.001,0.000,0.000,0.000,0.000,0.217,127.000,0.154,179.896,0.000,0.000,0.000,0.000
188470,2026-05-26 11:41:30,10,20.000,30.782,29.310,987.757,214.445,36.326,2000.000,0.200,1.388,1181.000,1.428,1148.201,0.000,0.000,0.000,0.000,0.193,77.000,0.093,159.316,0.000,0.000,0.000,0.000
208535,2026-05-26 11:41:50,11,20.000,30.890,29.330,987.795,214.123,35.208,2200.000,0.220,1.356,1016.000,1.228,1121.761,0.000,0.000,0.000,0.000,0.175,88.000,0.106,145.053,0.000,0.000,0.000,0.000
7331,NO_TIME,1,20.900,30.890,29.150,987.747,214.530,35.869,1700.000,0.170,1.621,1341.000,1.621,1341.000,0.000,0.000,0.000,0.000,0.286,237.000,0.286,237.000,0.000,0.000,0.000,0.000
27394,2026-05-26 11:44:12,2,20.000,30.890,29.200,987.755,214.456,35.115,1700.000,0.170,1.561,1093.000,1.321,1291.400,0.000,0.000,0.000,0.000,0.250,88.000,0.106,207.200,0.000,0.000,0.000,0.000
47459,2026-05-26 11:44:32,3,20.100,30.890,29.200,987.757,214.444,34.918,1400.000,0.140,1.493,1008.000,1.218,1234.720,0.000,0.000,0.000,0.000,0.221,85.000,0.103,182.760,0.000,0.000,0.000,0.000
67540,2026-05-26 11:44:52,4,20.100,30.998,29.190,987.722,214.740,34.800,1300.000,0.130,1.370,726.000,0.878,1132.976,0.000,0.000,0.000,0.000,0.215,159.000,0.192,178.008,0.000,0.000,0.000,0.000
87605,2026-05-26 11:45:12,5,20.100,30.998,29.180,987.716,214.788,34.858,1300.000,0.130,1.355,1073.000,1.297,1120.981,0.000,0.000,0.000,0.000,0.213,170.000,0.205,176.406,0.000,0.000,0.000,0.000
107670,2026-05-26 11:45:32,6,20.100,30.998,29.200,987.720,214.754,34.532,1200.000,0.120,1.322,983.000,1.188,1093.385,0.000,0.000,0.000,0.000,0.208,153.000,0.185,171.725,0.000,0.000,0.000,0.000
127735,2026-05-26 11:45:52,7,20.100,30.998,29.190,987.722,214.743,34.625,1200.000,0.120,1.310,1045.000,1.263,1083.708,0.000,0.000,0.000,0.000,0.199,135.000,0.163,164.380,0.000,0.000,0.000,0.000
147800,2026-05-26 11:46:12,8,20.100,31.107,29.180,987.684,215.061,34.473,1200.000,0.120,1.335,1188.000,1.436,1104.566,0.000,0.000,0.000,0.000,0.175,65.000,0.079,144.504,0.000,0.000,0.000,0.000
167865,2026-05-26 11:46:33,9,20.100,31.107,29.220,987.713,214.814,34.568,1200.000,0.120,1.355,1185.000,1.432,1120.653,0.000,0.000,0.000,0.000,0.154,57.000,0.069,127.003,0.000,0.000,0.000,0.000
187930,2026-05-26 11:46:53,10,20.100,31.107,29.200,987.669,215.189,34.720,1300.000,0.130,1.328,1012.000,1.223,1098.922,0.000,0.000,0.000,0.000,0.148,103.000,0.125,122.203,0.000,0.000,0.000,0.000
207995,2026-05-26 11:47:13,11,20.100,31.107,29.220,987.668,215.201,35.141,1300.000,0.130,1.293,954.000,1.153,1069.938,0.000,0.000,0.000,0.000,0.144,107.000,0.129,119.162,0.000,0.000,0.000,0.000
228060,2026-05-26 11:47:33,12,20.100,30.998,29.190,987.652,215.336,34.602,1300.000,0.130,1.294,1072.000,1.296,1070.350,0.000,0.000,0.000,0.000,0.135,80.000,0.097,111.330,0.000,0.000,0.000,0.000
248125,2026-05-26 11:47:53,13,20.100,31.107,29.160,987.678,215.116,34.495,1200.000,0.120,1.291,1057.000,1.278,1067.680,0.000,0.000,0.000,0.000,0.146,160.000,0.193,121.064,0.000,0.000,0.000,0.000
268190,2026-05-26 11:48:13,14,20.100,31.107,29.170,987.675,215.138,34.390,1200.000,0.120,1.315,1170.000,1.414,1088.144,0.000,0.000,0.000,0.000,0.137,81.000,0.098,113.051,0.000,0.000,0.000,0.000
288255,2026-05-26 11:48:33,15,20.100,31.107,29.210,987.647,215.381,34.498,1200.000,0.120,1.293,997.000,1.205,1069.915,0.000,0.000,0.000,0.000,0.122,53.000,0.064,101.041,0.000,0.000,0.000,0.000
308320,2026-05-26 11:48:53,16,20.100,31.107,29.200,987.652,215.337,34.066,1300.000,0.130,1.320,1182.000,1.429,1092.332,0.000,0.000,0.000,0.000,0.113,63.000,0.076,93.433,0.000,0.000,0.000,0.000
328385,2026-05-26 11:49:13,17,20.100,31.107,29.200,987.674,215.144,34.510,1200.000,0.120,1.339,1169.000,1.413,1107.666,0.000,0.000,0.000,0.000,0.107,68.000,0.082,88.346,0.000,0.000,0.000,0.000
348450,2026-05-26 11:49:33,18,20.100,31.107,29.230,987.667,215.203,34.268,1200.000,0.120,1.343,1126.000,1.361,1111.333,0.000,0.000,0.000,0.000,0.099,56.000,0.068,81.877,0.000,0.000,0.000,0.000
368515,2026-05-26 11:49:53,19,20.100,31.215,29.220,987.631,215.513,33.893,1200.000,0.120,1.329,1053.000,1.273,1099.666,0.000,0.000,0.000,0.000,0.093,56.000,0.068,76.702,0.000,0.000,0.000,0.000
388580,2026-05-26 11:50:13,20,20.100,31.107,29.210,987.644,215.403,34.896,1300.000,0.130,1.356,1210.000,1.463,1121.733,0.000,0.000,0.000,0.000,0.088,59.000,0.071,73.161,0.000,0.000,0.000,0.000
408746,2026-05-26 11:50:33,21,20.100,31.215,29.230,987.658,215.287,35.071,1300.000,0.130,1.366,1165.000,1.408,1130.386,0.000,0.000,0.000,0.000,0.104,139.000,0.168,86.329,0.000,0.000,0.000,0.000
428811,2026-05-26 11:50:53,22,20.100,31.215,29.210,987.634,215.484,34.638,1200.000,0.120,1.358,1095.000,1.324,1123.309,0.000,0.000,0.000,0.000,0.113,121.000,0.146,93.263,0.000,0.000,0.000,0.000
448876,2026-05-26 11:51:14,23,20.100,31.215,29.190,987.602,215.939,34.496,1200.000,0.120,1.372,1182.000,1.429,1135.047,0.000,0.000,0.000,0.000,0.104,59.000,0.071,86.411,0.000,0.000,0.000,0.000
468941,2026-05-26 11:51:34,24,20.100,31.215,29.170,987.606,215.726,34.273,1200.000,0.120,1.352,1051.000,1.270,1118.238,0.000,0.000,0.000,0.000,0.100,69.000,0.083,82.928,0.000,0.000,0.000,0.000
489006,2026-05-26 11:51:54,25,20.100,31.215,29.180,987.652,215.333,34.589,1200.000,0.120,1.368,1186.000,1.434,1131.790,0.000,0.000,0.000,0.000,0.110,122.000,0.147,90.743,0.000,0.000,0.000,0.000
509071,2026-05-26 11:52:14,26,20.100,31.215,29.080,987.615,215.650,35.375,1300.000,0.130,1.322,940.000,1.136,1093.432,0.000,0.000,0.000,0.000,0.114,108.000,0.131,94.194,0.000,0.000,0.000,0.000
529136,2026-05-26 11:52:34,27,20.100,31.107,29.070,987.640,215.436,35.188,1300.000,0.130,1.299,1000.000,1.209,1074.746,0.000,0.000,0.000,0.000,0.109,75.000,0.091,90.355,0.000,0.000,0.000,0.000
549288,2026-05-26 11:52:54,28,20.100,31.215,29.090,987.642,215.423,35.398,1300.000,0.130,1.296,1063.000,1.285,1072.397,0.000,0.000,0.000,0.000,0.116,119.000,0.144,96.084,0.000,0.000,0.000,0.000
569353,2026-05-26 11:53:14,29,20.100,31.107,29.130,987.628,215.535,34.830,1300.000,0.130,1.299,1083.000,1.309,1074.517,0.000,0.000,0.000,0.000,0.131,156.000,0.189,108.067,0.000,0.000,0.000,0.000
589418,2026-05-26 11:53:34,30,20.100,31.215,29.150,987.598,215.792,34.669,1300.000,0.130,1.287,1025.000,1.239,1064.614,0.000,0.000,0.000,0.000,0.118,54.000,0.065,97.254,0.000,0.000,0.000,0.000
609483,2026-05-26 11:53:54,31,20.100,31.107,29.190,987.615,215.652,35.068,1200.000,0.120,1.272,1004.000,1.214,1052.491,0.000,0.000,0.000,0.000,0.125,128.000,0.155,103.403,0.000,0.000,0.000,0.000
629548,2026-05-26 11:54:14,32,20.100,31.215,29.200,987.633,215.499,35.150,1300.000,0.130,1.295,1146.000,1.385,1071.193,0.000,0.000,0.000,0.000,0.121,87.000,0.105,100.123,0.000,0.000,0.000,0.000
649613,2026-05-26 11:54:34,33,20.100,31.324,29.240,987.672,215.168,34.990,1300.000,0.130,1.307,1122.000,1.356,1081.354,0.000,0.000,0.000,0.000,0.132,147.000,0.178,109.498,0.000,0.000,0.000,0.000
669678,2026-05-26 11:54:54,34,20.100,31.215,29.240,987.680,215.097,34.478,1300.000,0.130,1.266,913.000,1.104,1047.683,0.000,0.000,0.000,0.000,0.143,155.000,0.187,118.598,0.000,0.000,0.000,0.000
689830,2026-05-26 11:55:15,35,20.100,31.215,29.230,987.681,215.084,35.130,1300.000,0.130,1.268,1055.000,1.275,1049.147,0.000,0.000,0.000,0.000,0.135,85.000,0.103,111.879,0.000,0.000,0.000,0.000
709895,2026-05-26 11:55:35,36,20.100,31.215,29.240,987.661,215.254,34.723,1300.000,0.130,1.251,976.000,1.180,1034.517,0.000,0.000,0.000,0.000,0.131,93.000,0.112,108.103,0.000,0.000,0.000,0.000
729960,2026-05-26 11:55:55,37,20.100,31.215,29.250,987.678,215.115,34.933,1200.000,0.120,1.264,1092.000,1.320,1046.014,0.000,0.000,0.000,0.000,0.142,157.000,0.190,117.882,0.000,0.000,0.000,0.000
750025,2026-05-26 11:56:15,38,20.100,31.215,29.280,987.639,215.446,35.040,1300.000,0.130,1.237,932.000,1.127,1023.211,0.000,0.000,0.000,0.000,0.148,140.000,0.169,122.306,0.000,0.000,0.000,0.000
770090,2026-05-26 11:56:35,39,20.100,31.324,29.270,987.638,215.458,35.331,1300.000,0.130,1.282,1212.000,1.465,1060.969,0.000,0.000,0.000,0.000,0.131,54.000,0.065,108.645,0.000,0.000,0.000,0.000
790155,2026-05-26 11:56:55,40,20.100,31.324,29.280,987.645,215.390,34.993,1300.000,0.130,1.242,892.000,1.078,1027.175,0.000,0.000,0.000,0.000,0.144,163.000,0.197,119.516,0.000,0.000,0.000,0.000
810220,2026-05-26 11:57:15,41,20.100,31.324,29.250,987.622,215.587,34.759,1300.000,0.130,1.258,1096.000,1.325,1040.940,0.000,0.000,0.000,0.000,0.139,95.000,0.115,114.613,0.000,0.000,0.000,0.000
830372,2026-05-26 11:57:35,42,20.100,31.215,29.270,987.607,215.715,34.806,1200.000,0.120,1.301,1218.000,1.472,1076.352,0.000,0.000,0.000,0.000,0.125,60.000,0.073,103.690,0.000,0.000,0.000,0.000
850437,2026-05-26 11:57:55,43,20.100,31.324,29.290,987.632,215.507,35.775,1400.000,0.140,1.321,1158.000,1.400,1092.682,0.000,0.000,0.000,0.000,0.131,128.000,0.155,108.552,0.000,0.000,0.000,0.000
870502,2026-05-26 11:58:15,44,20.100,31.324,29.300,987.615,215.650,35.252,1400.000,0.140,1.317,1077.000,1.302,1089.545,0.000,0.000,0.000,0.000,0.142,154.000,0.186,117.642,0.000,0.000,0.000,0.000
890567,2026-05-26 11:58:35,45,20.100,31.215,29.380,987.591,215.850,35.048,1300.000,0.130,1.304,1037.000,1.254,1079.036,0.000,0.000,0.000,0.000,0.148,141.000,0.170,122.313,0.000,0.000,0.000,0.000
910632,2026-05-26 11:58:55,46,20.100,31.324,29.380,987.563,216.093,35.095,1300.000,0.130,1.311,1105.000,1.336,1084.229,0.000,0.000,0.000,0.000,0.156,155.000,0.187,128.851,0.000,0.000,0.000,0.000
930697,2026-05-26 11:59:15,47,20.100,31.324,29.400,987.603,215.754,35.003,1300.000,0.130,1.334,1179.000,1.425,1103.183,0.000,0.000,0.000,0.000,0.143,75.000,0.091,118.081,0.000,0.000,0.000,0.000
950762,2026-05-26 11:59:36,48,20.100,31.324,29.400,987.606,215.725,34.805,1300.000,0.130,1.272,847.000,1.024,1051.947,0.000,0.000,0.000,0.000,0.155,168.000,0.203,128.064,0.000,0.000,0.000,0.000
970916,2026-05-26 11:59:56,49,20.100,31.324,29.380,987.640,215.440,34.896,1300.000,0.130,1.287,1117.000,1.350,1064.957,0.000,0.000,0.000,0.000,0.150,108.000,0.131,124.052,0.000,0.000,0.000,0.000
990981,2026-05-26 12:00:16,50,20.100,31.324,29.390,987.589,215.868,35.037,1200.000,0.120,1.255,933.000,1.128,1038.566,0.000,0.000,0.000,0.000,0.153,137.000,0.166,126.641,0.000,0.000,0.000,0.000
1011046,2026-05-26 12:00:36,51,20.100,31.324,29.400,987.594,215.829,35.120,1200.000,0.120,1.242,982.000,1.187,1027.253,0.000,0.000,0.000,0.000,0.158,149.000,0.180,131.113,0.000,0.000,0.000,0.000
1031111,2026-05-26 12:00:56,52,20.100,31.324,29.390,987.607,215.719,35.294,1200.000,0.120,1.282,1192.000,1.441,1060.202,0.000,0.000,0.000,0.000,0.153,110.000,0.133,126.890,0.000,0.000,0.000,0.000
1051176,2026-05-26 12:01:16,53,20.100,31.324,29.350,987.560,216.115,35.139,1300.000,0.130,1.317,1206.000,1.458,1089.362,0.000,0.000,0.000,0.000,0.138,62.000,0.075,113.912,0.000,0.000,0.000,0.000
1071241,2026-05-26 12:01:36,54,20.100,31.324,29.360,987.545,216.244,35.198,1300.000,0.130,1.307,1048.000,1.267,1081.089,0.000,0.000,0.000,0.000,0.124,59.000,0.071,102.930,0.000,0.000,0.000,0.000
1091306,2026-05-26 12:01:56,55,20.100,31.324,29.350,987.547,216.223,35.221,1200.000,0.120,1.333,1191.000,1.440,1103.072,0.000,0.000,0.000,0.000,0.115,62.000,0.075,94.744,0.000,0.000,0.000,0.000
1111460,2026-05-26 12:02:16,56,20.100,31.324,29.330,987.544,216.256,35.396,1200.000,0.120,1.364,1228.000,1.484,1128.057,0.000,0.000,0.000,0.000,0.113,87.000,0.105,93.195,0.000,0.000,0.000,0.000
1131525,2026-05-26 12:02:36,57,20.100,31.324,29.370,987.533,216.345,35.291,1300.000,0.130,1.323,960.000,1.160,1094.446,0.000,0.000,0.000,0.000,0.116,109.000,0.132,96.356,0.000,0.000,0.000,0.000
1151590,2026-05-26 12:02:56,58,20.100,31.324,29.370,987.552,216.183,35.304,1300.000,0.130,1.315,1060.000,1.281,1087.557,0.000,0.000,0.000,0.000,0.109,64.000,0.077,89.885,0.000,0.000,0.000,0.000
1171655,2026-05-26 12:03:16,59,20.100,31.324,29.400,987.532,216.354,35.225,1300.000,0.130,1.311,1072.000,1.296,1084.445,0.000,0.000,0.000,0.000,0.123,150.000,0.181,101.908,0.000,0.000,0.000,0.000
1191720,2026-05-26 12:03:36,60,20.100,31.324,29.420,987.542,216.273,35.086,1300.000,0.130,1.329,1158.000,1.400,1099.156,0.000,0.000,0.000,0.000,0.127,119.000,0.144,105.326,0.000,0.000,0.000,0.000
1211785,2026-05-26 12:03:56,61,20.100,31.324,29.440,987.563,216.094,35.170,1300.000,0.130,1.348,1179.000,1.425,1115.125,0.000,0.000,0.000,0.000,0.115,54.000,0.065,95.061,0.000,0.000,0.000,0.000
1231850,2026-05-26 12:04:17,62,20.100,31.432,29.440,987.543,216.258,35.345,1400.000,0.140,1.345,1104.000,1.335,1112.900,0.000,0.000,0.000,0.000,0.125,135.000,0.163,103.049,0.000,0.000,0.000,0.000
1252006,2026-05-26 12:04:37,63,20.100,31.324,29.480,987.554,216.171,35.161,1300.000,0.130,1.335,1070.000,1.293,1104.320,0.000,0.000,0.000,0.000,0.138,157.000,0.190,113.839,0.000,0.000,0.000,0.000
1272071,2026-05-26 12:04:57,64,20.100,31.324,29.500,987.525,216.418,35.115,1300.000,0.130,1.325,1065.000,1.287,1096.456,0.000,0.000,0.000,0.000,0.148,156.000,0.189,122.271,0.000,0.000,0.000,0.000
1292136,2026-05-26 12:05:17,65,20.100,31.432,29.490,987.496,216.664,35.103,1400.000,0.140,1.353,1210.000,1.463,1119.165,0.000,0.000,0.000,0.000,0.139,86.000,0.104,115.017,0.000,0.000,0.000,0.000
1312201,2026-05-26 12:05:37,66,20.100,31.432,29.480,987.495,216.673,35.057,1300.000,0.130,1.334,1041.000,1.258,1103.532,0.000,0.000,0.000,0.000,0.138,111.000,0.134,114.214,0.000,0.000,0.000,0.000
1332266,2026-05-26 12:05:57,67,20.100,31.432,29.490,987.523,216.430,35.021,1300.000,0.130,1.309,1002.000,1.211,1083.226,0.000,0.000,0.000,0.000,0.144,140.000,0.169,119.371,0.000,0.000,0.000,0.000
1352331,2026-05-26 12:06:17,68,20.100,31.432,29.490,987.483,216.774,35.045,1300.000,0.130,1.305,1066.000,1.289,1079.781,0.000,0.000,0.000,0.000,0.150,143.000,0.173,124.097,0.000,0.000,0.000,0.000
1372396,2026-05-26 12:06:37,69,20.100,31.432,29.480,987.518,216.477,34.927,1200.000,0.120,1.268,924.000,1.117,1048.624,0.000,0.000,0.000,0.000,0.159,163.000,0.197,131.877,0.000,0.000,0.000,0.000
1392550,2026-05-26 12:06:57,70,20.100,31.432,29.470,987.483,216.767,34.927,1300.000,0.130,1.269,1054.000,1.274,1049.700,0.000,0.000,0.000,0.000,0.165,154.000,0.186,136.302,0.000,0.000,0.000,0.000
1412615,2026-05-26 12:07:17,71,20.100,31.432,29.450,987.482,216.778,35.030,1200.000,0.120,1.237,919.000,1.111,1023.560,0.000,0.000,0.000,0.000,0.159,111.000,0.134,131.242,0.000,0.000,0.000,0.000
1432680,2026-05-26 12:07:37,72,20.100,31.432,29.470,987.474,216.850,34.820,1200.000,0.120,1.263,1129.000,1.365,1044.648,0.000,0.000,0.000,0.000,0.143,65.000,0.079,117.993,0.000,0.000,0.000,0.000
1452745,2026-05-26 12:07:57,73,20.100,31.324,29.440,987.472,216.866,35.087,1300.000,0.130,1.275,1095.000,1.324,1054.718,0.000,0.000,0.000,0.000,0.133,79.000,0.095,110.195,0.000,0.000,0.000,0.000
1472810,2026-05-26 12:08:17,74,20.100,31.432,29.440,987.437,217.160,35.063,1300.000,0.130,1.248,943.000,1.140,1032.375,0.000,0.000,0.000,0.000,0.130,98.000,0.118,107.756,0.000,0.000,0.000,0.000
1492875,2026-05-26 12:08:38,75,20.100,31.432,29.430,987.444,217.099,35.075,1300.000,0.130,1.237,989.000,1.195,1023.700,0.000,0.000,0.000,0.000,0.131,110.000,0.133,108.205,0.000,0.000,0.000,0.000
1512940,2026-05-26 12:08:58,76,20.100,31.432,29.380,987.463,216.945,35.072,1300.000,0.130,1.251,1081.000,1.307,1035.160,0.000,0.000,0.000,0.000,0.141,152.000,0.184,116.964,0.000,0.000,0.000,0.000
1533098,2026-05-26 12:09:18,77,20.100,31.432,29.410,987.458,216.982,35.155,1300.000,0.130,1.264,1089.000,1.316,1045.928,0.000,0.000,0.000,0.000,0.131,75.000,0.091,108.571,0.000,0.000,0.000,0.000
1553163,2026-05-26 12:09:38,78,20.100,31.432,29.400,987.461,216.960,35.108,1300.000,0.130,1.287,1138.000,1.376,1064.342,0.000,0.000,0.000,0.000,0.118,55.000,0.066,97.857,0.000,0.000,0.000,0.000
1573228,2026-05-26 12:09:58,79,20.100,31.432,29.430,987.477,216.820,35.040,1300.000,0.130,1.293,1089.000,1.316,1069.274,0.000,0.000,0.000,0.000,0.132,156.000,0.189,109.485,0.000,0.000,0.000,0.000
1593293,2026-05-26 12:10:18,80,20.100,31.432,29.440,987.420,217.305,35.041,1300.000,0.130,1.304,1117.000,1.350,1078.819,0.000,0.000,0.000,0.000,0.127,87.000,0.105,104.988,0.000,0.000,0.000,0.000
1613358,2026-05-26 12:10:38,81,20.100,31.432,29.420,987.463,216.942,34.911,1200.000,0.120,1.335,1207.000,1.459,1104.455,0.000,0.000,0.000,0.000,0.123,88.000,0.106,101.591,0.000,0.000,0.000,0.000
1633423,2026-05-26 12:10:58,82,20.100,31.432,29.450,987.401,217.468,35.205,1300.000,0.130,1.297,945.000,1.142,1072.564,0.000,0.000,0.000,0.000,0.135,150.000,0.181,111.273,0.000,0.000,0.000,0.000
1653488,2026-05-26 12:11:18,83,20.100,31.432,29.420,987.411,217.383,35.133,1300.000,0.130,1.294,1064.000,1.286,1070.851,0.000,0.000,0.000,0.000,0.137,122.000,0.147,113.418,0.000,0.000,0.000,0.000
1673646,2026-05-26 12:11:38,84,20.100,31.432,29.470,987.427,217.249,35.102,1300.000,0.130,1.279,1007.000,1.217,1058.081,0.000,0.000,0.000,0.000,0.129,79.000,0.095,106.534,0.000,0.000,0.000,0.000
1693711,2026-05-26 12:11:58,85,20.100,31.432,29.490,987.436,217.171,35.114,1200.000,0.120,1.250,938.000,1.134,1034.065,0.000,0.000,0.000,0.000,0.141,156.000,0.189,116.428,0.000,0.000,0.000,0.000
1713776,2026-05-26 12:12:18,86,20.100,31.432,29.520,987.428,217.238,35.245,1300.000,0.130,1.271,1122.000,1.356,1051.652,0.000,0.000,0.000,0.000,0.127,59.000,0.071,104.942,0.000,0.000,0.000,0.000
1733841,2026-05-26 12:12:39,87,20.100,31.541,29.500,987.375,217.692,35.256,1300.000,0.130,1.231,885.000,1.070,1018.322,0.000,0.000,0.000,0.000,0.138,149.000,0.180,113.754,0.000,0.000,0.000,0.000
1753906,2026-05-26 12:12:59,88,20.100,31.541,29.530,987.409,217.400,35.176,1200.000,0.120,1.282,1228.000,1.484,1060.257,0.000,0.000,0.000,0.000,0.123,55.000,0.066,102.003,0.000,0.000,0.000,0.000
1773971,2026-05-26 12:13:19,89,20.100,31.541,29.510,987.355,217.858,35.386,1300.000,0.130,1.247,916.000,1.107,1031.406,0.000,0.000,0.000,0.000,0.139,168.000,0.203,115.202,0.000,0.000,0.000,0.000
1794036,2026-05-26 12:13:39,90,20.100,31.541,29.510,987.360,217.817,35.350,1300.000,0.130,1.271,1132.000,1.368,1051.525,0.000,0.000,0.000,0.000,0.131,81.000,0.098,108.362,0.000,0.000,0.000,0.000
1814194,2026-05-26 12:13:59,91,20.100,31.432,29.550,987.345,217.945,35.189,1300.000,0.130,1.310,1214.000,1.467,1084.020,0.000,0.000,0.000,0.000,0.117,50.000,0.060,96.689,0.000,0.000,0.000,0.000
1834259,2026-05-26 12:14:19,92,20.100,31.541,29.580,987.380,217.646,35.239,1300.000,0.130,1.306,1065.000,1.287,1080.216,0.000,0.000,0.000,0.000,0.107,55.000,0.066,88.352,0.000,0.000,0.000,0.000
1854324,2026-05-26 12:14:39,93,20.100,31.432,29.560,987.379,217.656,35.284,1300.000,0.130,1.339,1217.000,1.471,1107.573,0.000,0.000,0.000,0.000,0.104,78.000,0.094,86.281,0.000,0.000,0.000,0.000
1874389,2026-05-26 12:14:59,94,20.100,31.432,29.600,987.387,217.587,35.112,1300.000,0.130,1.369,1233.000,1.490,1132.658,0.000,0.000,0.000,0.000,0.096,53.000,0.064,79.625,0.000,0.000,0.000,0.000
1894454,2026-05-26 12:15:19,95,20.100,31.432,29.590,987.349,217.907,35.355,1300.000,0.130,1.377,1167.000,1.411,1139.526,0.000,0.000,0.000,0.000,0.091,57.000,0.069,75.100,0.000,0.000,0.000,0.000
1914519,2026-05-26 12:15:39,96,20.100,31.541,29.600,987.338,218.004,35.229,1300.000,0.130,1.370,1107.000,1.338,1133.021,0.000,0.000,0.000,0.000,0.090,73.000,0.088,74.680,0.000,0.000,0.000,0.000
1934584,2026-05-26 12:15:59,97,20.100,31.541,29.590,987.301,218.316,35.099,1300.000,0.130,1.346,1034.000,1.250,1113.217,0.000,0.000,0.000,0.000,0.086,58.000,0.070,71.344,0.000,0.000,0.000,0.000
1954738,2026-05-26 12:16:19,98,20.100,31.541,29.600,987.315,218.198,34.995,1300.000,0.130,1.255,739.000,0.893,1038.374,0.000,0.000,0.000,0.000,0.090,86.000,0.104,74.275,0.000,0.000,0.000,0.000
1974803,2026-05-26 12:16:39,99,20.100,31.541,29.560,987.351,217.892,35.120,1200.000,0.120,1.269,1097.000,1.326,1050.099,0.000,0.000,0.000,0.000,0.095,95.000,0.115,78.420,0.000,0.000,0.000,0.000
1994868,2026-05-26 12:17:00,100,20.100,31.541,29.500,987.362,217.803,35.256,1200.000,0.120,1.265,1034.000,1.250,1046.879,0.000,0.000,0.000,0.000,0.089,53.000,0.064,73.336,0.000,0.000,0.000,0.000
2014933,2026-05-26 12:17:20,101,20.100,31.541,29.520,987.332,218.053,35.082,1200.000,0.120,1.292,1158.000,1.400,1069.103,0.000,0.000,0.000,0.000,0.088,69.000,0.083,72.469,0.000,0.000,0.000,0.000
2034998,2026-05-26 12:17:40,102,20.100,31.541,29.430,987.328,218.092,35.438,1300.000,0.130,1.295,1080.000,1.305,1071.283,0.000,0.000,0.000,0.000,0.108,157.000,0.190,89.375,0.000,0.000,0.000,0.000
2055063,2026-05-26 12:18:00,103,20.100,31.541,29.450,987.286,218.445,35.356,1200.000,0.120,1.301,1096.000,1.325,1076.226,0.000,0.000,0.000,0.000,0.108,90.000,0.109,89.500,0.000,0.000,0.000,0.000
2075128,2026-05-26 12:18:20,104,20.100,31.541,29.470,987.320,218.158,35.241,1300.000,0.130,1.301,1076.000,1.301,1076.181,0.000,0.000,0.000,0.000,0.119,133.000,0.161,98.200,0.000,0.000,0.000,0.000
2095282,2026-05-26 12:18:40,105,20.100,31.541,29.450,987.281,218.486,35.590,1200.000,0.120,1.256,891.000,1.077,1039.145,0.000,0.000,0.000,0.000,0.133,157.000,0.190,109.960,0.000,0.000,0.000,0.000
2115347,2026-05-26 12:19:00,106,20.100,31.541,29.400,987.261,218.660,35.599,1200.000,0.120,1.232,938.000,1.134,1018.916,0.000,0.000,0.000,0.000,0.144,156.000,0.189,119.168,0.000,0.000,0.000,0.000
2135412,2026-05-26 12:19:20,107,20.100,31.432,29.380,987.281,218.488,35.176,1300.000,0.130,1.276,1204.000,1.455,1055.933,0.000,0.000,0.000,0.000,0.135,80.000,0.097,111.334,0.000,0.000,0.000,0.000
2155477,2026-05-26 12:19:40,108,20.100,31.541,29.340,987.251,218.743,35.523,1300.000,0.130,1.252,954.000,1.153,1035.546,0.000,0.000,0.000,0.000,0.136,119.000,0.144,112.868,0.000,0.000,0.000,0.000
2175542,2026-05-26 12:20:00,109,20.100,31.541,29.330,987.245,218.793,35.768,1300.000,0.130,1.264,1085.000,1.312,1045.437,0.000,0.000,0.000,0.000,0.129,82.000,0.099,106.694,0.000,0.000,0.000,0.000
2195607,2026-05-26 12:20:20,110,20.100,31.541,29.390,987.259,218.676,35.562,1200.000,0.120,1.299,1193.000,1.442,1074.950,0.000,0.000,0.000,0.000,0.116,51.000,0.062,95.555,0.000,0.000,0.000,0.000
2215672,2026-05-26 12:20:40,111,20.100,31.541,29.400,987.271,218.572,35.365,1200.000,0.120,1.331,1207.000,1.459,1101.360,0.000,0.000,0.000,0.000,0.104,50.000,0.060,86.444,0.000,0.000,0.000,0.000
2235832,2026-05-26 12:21:01,112,20.100,31.541,29.440,987.284,218.461,35.414,1200.000,0.120,1.325,1076.000,1.301,1096.288,0.000,0.000,0.000,0.000,0.108,99.000,0.120,88.955,0.000,0.000,0.000,0.000
2255897,2026-05-26 12:21:21,113,20.100,31.541,29.450,987.306,218.273,35.158,1300.000,0.130,1.274,884.000,1.069,1053.830,0.000,0.000,0.000,0.000,0.125,160.000,0.193,103.164,0.000,0.000,0.000,0.000
2275962,2026-05-26 12:21:41,114,20.100,31.541,29.410,987.261,218.655,35.458,1300.000,0.130,1.299,1157.000,1.399,1074.464,0.000,0.000,0.000,0.000,0.130,125.000,0.151,107.531,0.000,0.000,0.000,0.000
2296027,2026-05-26 12:22:01,115,20.100,31.541,29.340,987.246,218.785,35.535,1300.000,0.130,1.179,578.000,0.699,975.171,0.000,0.000,0.000,0.000,0.135,129.000,0.156,111.825,0.000,0.000,0.000,0.000
2316092,2026-05-26 12:22:21,116,20.100,31.541,29.390,987.272,218.565,35.387,1300.000,0.130,1.185,999.000,1.208,979.937,0.000,0.000,0.000,0.000,0.149,167.000,0.202,122.860,0.000,0.000,0.000,0.000
2336157,2026-05-26 12:22:41,117,20.100,31.541,29.400,987.224,218.974,35.587,1300.000,0.130,1.208,1077.000,1.302,999.350,0.000,0.000,0.000,0.000,0.154,144.000,0.174,127.088,0.000,0.000,0.000,0.000
2356222,2026-05-26 12:23:01,118,20.100,31.432,29.420,987.217,219.030,35.250,1300.000,0.130,1.193,938.000,1.134,987.080,0.000,0.000,0.000,0.000,0.148,105.000,0.127,122.670,0.000,0.000,0.000,0.000
2376380,2026-05-26 12:23:21,119,20.100,31.541,29.390,987.185,219.307,35.504,1300.000,0.130,1.168,885.000,1.070,966.664,0.000,0.000,0.000,0.000,0.158,161.000,0.195,130.336,0.000,0.000,0.000,0.000
2396445,2026-05-26 12:23:41,120,20.100,31.541,29.330,987.226,218.958,35.709,1300.000,0.130,1.209,1134.000,1.371,1000.131,0.000,0.000,0.000,0.000,0.160,141.000,0.170,132.469,0.000,0.000,0.000,0.000
2416510,2026-05-26 12:24:01,121,20.100,31.541,29.290,987.208,219.112,35.508,1300.000,0.130,1.224,1062.000,1.284,1012.505,0.000,0.000,0.000,0.000,0.152,97.000,0.117,125.375,0.000,0.000,0.000,0.000
2436575,2026-05-26 12:24:21,122,20.100,31.541,29.260,987.230,218.926,35.389,1300.000,0.130,1.242,1086.000,1.313,1027.204,0.000,0.000,0.000,0.000,0.158,154.000,0.186,131.100,0.000,0.000,0.000,0.000
2456640,2026-05-26 12:24:41,123,20.100,31.541,29.320,987.203,219.148,35.289,1200.000,0.120,1.229,974.000,1.177,1016.563,0.000,0.000,0.000,0.000,0.165,158.000,0.191,136.480,0.000,0.000,0.000,0.000
2476705,2026-05-26 12:25:01,124,20.100,31.541,29.330,987.209,219.103,35.722,1200.000,0.120,1.204,915.000,1.106,996.250,0.000,0.000,0.000,0.000,0.171,160.000,0.193,141.184,0.000,0.000,0.000,0.000
2496770,2026-05-26 12:25:22,125,20.100,31.541,29.350,987.185,219.309,35.326,1300.000,0.130,1.218,1053.000,1.273,1007.600,0.000,0.000,0.000,0.000,0.150,55.000,0.066,123.947,0.000,0.000,0.000,0.000
2516924,2026-05-26 12:25:42,126,20.100,31.541,29.300,987.167,219.460,35.322,1300.000,0.130,1.259,1177.000,1.423,1041.480,0.000,0.000,0.000,0.000,0.140,84.000,0.102,115.958,0.000,0.000,0.000,0.000
2536989,2026-05-26 12:26:02,127,20.100,31.541,29.230,987.140,219.688,35.597,1200.000,0.120,1.276,1113.000,1.345,1055.784,0.000,0.000,0.000,0.000,0.130,74.000,0.089,107.566,0.000,0.000,0.000,0.000
2557054,2026-05-26 12:26:22,128,20.100,31.541,29.220,987.167,219.461,36.108,1200.000,0.120,1.254,964.000,1.165,1037.427,0.000,0.000,0.000,0.000,0.133,120.000,0.145,110.053,0.000,0.000,0.000,0.000
2577119,2026-05-26 12:26:42,129,20.100,31.541,29.260,987.222,218.991,35.832,1300.000,0.130,1.258,1054.000,1.274,1040.742,0.000,0.000,0.000,0.000,0.143,152.000,0.184,118.442,0.000,0.000,0.000,0.000
2597184,2026-05-26 12:27:02,130,20.100,31.541,29.220,987.172,219.417,35.782,1300.000,0.130,1.260,1050.000,1.269,1042.594,0.000,0.000,0.000,0.000,0.154,163.000,0.197,127.354,0.000,0.000,0.000,0.000
2617249,2026-05-26 12:27:22,131,20.100,31.541,29.290,987.165,219.476,35.613,1300.000,0.130,1.271,1085.000,1.312,1051.075,0.000,0.000,0.000,0.000,0.164,168.000,0.203,135.483,0.000,0.000,0.000,0.000
2637314,2026-05-26 12:27:42,132,20.100,31.541,29.350,987.169,219.439,35.676,1300.000,0.130,1.250,965.000,1.166,1033.860,0.000,0.000,0.000,0.000,0.162,127.000,0.154,133.787,0.000,0.000,0.000,0.000
2657470,2026-05-26 12:28:02,133,20.100,31.541,29.400,987.161,219.509,35.552,1200.000,0.120,1.263,1090.000,1.318,1045.088,0.000,0.000,0.000,0.000,0.163,138.000,0.167,134.629,0.000,0.000,0.000,0.000
2677535,2026-05-26 12:28:22,134,20.100,31.541,29.450,987.136,219.718,35.532,1300.000,0.130,1.279,1108.000,1.339,1057.671,0.000,0.000,0.000,0.000,0.159,121.000,0.146,131.903,0.000,0.000,0.000,0.000
2697600,2026-05-26 12:28:42,135,20.100,31.541,29.510,987.139,219.692,35.257,1300.000,0.130,1.317,1218.000,1.472,1089.736,0.000,0.000,0.000,0.000,0.143,62.000,0.075,117.923,0.000,0.000,0.000,0.000
2717665,2026-05-26 12:29:02,136,20.100,31.541,29.540,987.162,219.497,35.247,1300.000,0.130,1.328,1136.000,1.373,1098.989,0.000,0.000,0.000,0.000,0.132,73.000,0.088,108.938,0.000,0.000,0.000,0.000
2737730,2026-05-26 12:29:22,137,20.100,31.650,29.600,987.119,219.868,35.252,1300.000,0.130,1.286,923.000,1.116,1063.791,0.000,0.000,0.000,0.000,0.146,167.000,0.202,120.551,0.000,0.000,0.000,0.000
2757795,2026-05-26 12:29:42,138,20.100,31.541,29.590,987.138,219.702,35.216,1300.000,0.130,1.314,1179.000,1.425,1086.833,0.000,0.000,0.000,0.000,0.138,87.000,0.105,113.840,0.000,0.000,0.000,0.000
2777860,2026-05-26 12:30:03,139,20.100,31.541,29.630,987.150,219.599,34.997,1300.000,0.130,1.281,951.000,1.150,1059.667,0.000,0.000,0.000,0.000,0.136,107.000,0.129,112.472,0.000,0.000,0.000,0.000
2798012,2026-05-26 12:30:23,140,20.100,31.541,29.620,987.126,219.802,34.915,1300.000,0.130,1.283,1070.000,1.293,1061.733,0.000,0.000,0.000,0.000,0.137,115.000,0.139,112.978,0.000,0.000,0.000,0.000
2818077,2026-05-26 12:30:43,141,20.100,31.541,29.620,987.122,219.840,34.973,1200.000,0.120,1.258,955.000,1.154,1040.387,0.000,0.000,0.000,0.000,0.130,86.000,0.104,107.582,0.000,0.000,0.000,0.000
2838142,2026-05-26 12:31:03,142,20.100,31.541,29.670,987.110,219.945,34.919,1300.000,0.130,1.221,891.000,1.077,1010.509,0.000,0.000,0.000,0.000,0.137,137.000,0.166,113.466,0.000,0.000,0.000,0.000
2858207,2026-05-26 12:31:23,143,20.100,31.541,29.670,987.108,219.960,34.931,1300.000,0.130,1.247,1114.000,1.347,1031.208,0.000,0.000,0.000,0.000,0.142,135.000,0.163,117.773,0.000,0.000,0.000,0.000
2878272,2026-05-26 12:31:43,144,20.100,31.541,29.660,987.150,219.604,35.069,1300.000,0.130,1.250,1044.000,1.262,1033.766,0.000,0.000,0.000,0.000,0.131,71.000,0.086,108.418,0.000,0.000,0.000,0.000
2898337,2026-05-26 12:32:03,145,20.100,31.650,29.660,987.118,219.872,34.918,1300.000,0.130,1.226,938.000,1.134,1014.613,0.000,0.000,0.000,0.000,0.124,79.000,0.095,102.535,0.000,0.000,0.000,0.000
2918402,2026-05-26 12:32:23,146,20.100,31.541,29.680,987.132,219.758,34.954,1300.000,0.130,1.228,1021.000,1.234,1015.890,0.000,0.000,0.000,0.000,0.138,159.000,0.192,113.828,0.000,0.000,0.000,0.000
2938467,2026-05-26 12:32:43,147,20.100,31.541,29.680,987.094,220.078,34.989,1200.000,0.120,1.216,968.000,1.170,1006.312,0.000,0.000,0.000,0.000,0.133,95.000,0.115,110.062,0.000,0.000,0.000,0.000
2958532,2026-05-26 12:33:03,148,20.100,31.541,29.710,987.111,219.937,34.922,1200.000,0.120,1.259,1182.000,1.429,1041.450,0.000,0.000,0.000,0.000,0.124,73.000,0.088,102.650,0.000,0.000,0.000,0.000
2978597,2026-05-26 12:33:23,149,20.100,31.541,29.690,987.101,220.019,35.142,1300.000,0.130,1.256,1029.000,1.244,1038.960,0.000,0.000,0.000,0.000,0.136,152.000,0.184,112.520,0.000,0.000,0.000,0.000
2998662,2026-05-26 12:33:43,150,20.100,31.541,29.700,987.065,220.325,35.540,1300.000,0.130,1.269,1092.000,1.320,1049.568,0.000,0.000,0.000,0.000,0.134,106.000,0.128,111.216,0.000,0.000,0.000,0.000
2304,2026-05-26 12:34:05,1,20.100,31.650,29.720,987.066,220.318,34.981,1300.000,0.130,1.208,999.000,1.208,999.000,0.000,0.000,0.000,0.000,0.073,60.000,0.073,60.000,0.000,0.000,0.000,0.000
22367,2026-05-26 12:34:28,2,20.100,31.650,29.730,987.029,220.634,35.087,1300.000,0.130,1.244,1151.000,1.391,1029.400,0.000,0.000,0.000,0.000,0.088,123.000,0.149,72.600,0.000,0.000,0.000,0.000
2531,2026-05-26 12:34:44,1,20.100,31.650,29.750,987.073,220.254,35.101,1300.000,0.130,1.226,1014.000,1.226,1014.000,0.000,0.000,0.000,0.000,0.187,155.000,0.187,155.000,0.000,0.000,0.000,0.000
22684,2026-05-26 12:35:04,2,20.100,31.650,29.710,987.054,220.417,35.459,1400.000,0.140,1.198,898.000,1.085,990.800,0.000,0.000,0.000,0.000,0.169,78.000,0.094,139.600,0.000,0.000,0.000,0.000
42749,2026-05-26 12:35:24,3,20.000,31.650,29.770,987.042,220.525,37.460,1900.000,0.190,1.153,808.000,0.977,954.240,0.000,0.000,0.000,0.000,0.158,96.000,0.116,130.880,0.000,0.000,0.000,0.000
7304,NO_TIME,1,20.000,31.650,29.920,987.059,220.379,36.281,2100.000,0.210,1.401,1159.000,1.401,1159.000,0.000,0.000,0.000,0.000,0.248,205.000,0.248,205.000,0.000,0.000,0.000,0.000
27368,2026-05-26 12:36:07,2,20.100,31.650,29.910,987.048,220.471,35.404,1700.000,0.170,1.400,1153.000,1.394,1157.800,0.000,0.000,0.000,0.000,0.215,70.000,0.085,178.000,0.000,0.000,0.000,0.000
47433,2026-05-26 12:36:27,3,20.000,31.650,29.930,987.074,220.248,35.815,1900.000,0.190,1.383,1091.000,1.319,1144.440,0.000,0.000,0.000,0.000,0.203,129.000,0.156,168.200,0.000,0.000,0.000,0.000
67498,2026-05-26 12:36:47,4,20.000,31.759,29.890,987.053,220.431,35.579,1700.000,0.170,1.285,737.000,0.891,1062.952,0.000,0.000,0.000,0.000,0.202,164.000,0.198,167.360,0.000,0.000,0.000,0.000
87563,2026-05-26 12:37:08,5,20.100,31.650,29.970,987.066,220.320,35.689,1500.000,0.150,1.256,944.000,1.141,1039.162,0.000,0.000,0.000,0.000,0.192,126.000,0.152,159.088,0.000,0.000,0.000,0.000
2410,2026-05-26 12:37:16,1,20.100,31.759,29.980,986.975,221.088,35.375,1500.000,0.150,1.148,950.000,1.148,950.000,0.000,0.000,0.000,0.000,0.070,58.000,0.070,58.000,0.000,0.000,0.000,0.000
22566,2026-05-26 12:37:36,2,20.100,31.759,29.970,987.029,220.633,36.612,1400.000,0.140,1.092,718.000,0.868,903.600,0.000,0.000,0.000,0.000,0.082,108.000,0.131,68.000,0.000,0.000,0.000,0.000
42631,2026-05-26 12:37:56,3,20.100,31.759,29.990,987.014,220.758,35.469,1600.000,0.160,1.085,874.000,1.056,897.680,0.000,0.000,0.000,0.000,0.079,54.000,0.065,65.200,0.000,0.000,0.000,0.000
62696,2026-05-26 12:38:16,4,20.100,31.759,29.980,987.060,220.372,35.410,1500.000,0.150,1.037,698.000,0.844,857.744,0.000,0.000,0.000,0.000,0.091,116.000,0.140,75.360,0.000,0.000,0.000,0.000
82850,2026-05-26 12:38:36,5,20.100,31.759,29.990,987.019,220.715,34.686,1400.000,0.140,1.032,838.000,1.013,853.795,0.000,0.000,0.000,0.000,0.083,42.000,0.051,68.688,0.000,0.000,0.000,0.000
102915,2026-05-26 12:38:56,6,20.100,31.759,29.920,987.043,220.509,34.576,1300.000,0.130,1.018,796.000,0.962,842.236,0.000,0.000,0.000,0.000,0.085,75.000,0.091,69.950,0.000,0.000,0.000,0.000
122980,2026-05-26 12:39:16,7,20.100,31.759,29.890,987.055,220.413,35.449,1300.000,0.130,0.971,646.000,0.781,802.989,0.000,0.000,0.000,0.000,0.093,105.000,0.127,76.960,0.000,0.000,0.000,0.000
143045,2026-05-26 12:39:37,8,20.100,31.759,29.930,987.066,220.318,36.306,1500.000,0.150,0.968,791.000,0.956,800.591,0.000,0.000,0.000,0.000,0.084,41.000,0.050,69.768,0.000,0.000,0.000,0.000
163110,2026-05-26 12:39:57,9,20.000,31.759,29.940,987.077,220.227,35.617,1500.000,0.150,0.950,729.000,0.881,786.273,0.000,0.000,0.000,0.000,0.084,68.000,0.082,69.415,0.000,0.000,0.000,0.000
183175,2026-05-26 12:40:17,10,20.000,31.868,29.920,987.076,220.230,36.783,1700.000,0.170,0.952,792.000,0.957,787.418,0.000,0.000,0.000,0.000,0.078,44.000,0.053,64.332,0.000,0.000,0.000,0.000
2303,2026-05-26 12:40:43,1,20.100,31.868,29.890,987.037,220.562,35.473,1700.000,0.170,0.865,716.000,0.865,716.000,0.000,0.000,0.000,0.000,0.071,59.000,0.071,59.000,0.000,0.000,0.000,0.000
22367,2026-05-26 12:41:04,2,20.000,31.868,29.890,987.074,220.252,37.108,1600.000,0.160,0.908,893.000,1.079,751.400,0.000,0.000,0.000,0.000,0.078,87.000,0.105,64.600,0.000,0.000,0.000,0.000
42432,2026-05-26 12:41:24,3,20.100,31.868,29.870,987.060,220.367,36.044,1600.000,0.160,0.954,940.000,1.136,789.120,0.000,0.000,0.000,0.000,0.080,73.000,0.088,66.280,0.000,0.000,0.000,0.000
62497,2026-05-26 12:41:45,4,20.000,31.868,29.820,987.044,220.508,35.771,1600.000,0.160,0.929,687.000,0.830,768.696,0.000,0.000,0.000,0.000,0.092,115.000,0.139,76.024,0.000,0.000,0.000,0.000
82562,2026-05-26 12:42:05,5,20.000,31.868,29.850,987.045,220.496,35.587,1800.000,0.180,0.980,977.000,1.181,810.357,0.000,0.000,0.000,0.000,0.105,129.000,0.156,86.619,0.000,0.000,0.000,0.000
102627,2026-05-26 12:42:25,6,20.000,31.868,29.850,987.022,220.695,35.330,1800.000,0.180,1.014,953.000,1.152,838.885,0.000,0.000,0.000,0.000,0.101,72.000,0.087,83.695,0.000,0.000,0.000,0.000
122692,2026-05-26 12:42:45,7,20.100,31.868,29.810,987.026,220.657,34.813,1500.000,0.150,1.041,952.000,1.151,861.508,0.000,0.000,0.000,0.000,0.095,60.000,0.073,78.956,0.000,0.000,0.000,0.000
142757,2026-05-26 12:43:05,8,20.100,31.868,29.800,987.005,220.834,35.128,1300.000,0.130,1.068,972.000,1.175,883.607,0.000,0.000,0.000,0.000,0.106,122.000,0.147,87.565,0.000,0.000,0.000,0.000
162822,2026-05-26 12:43:25,9,20.100,31.868,29.790,987.024,220.675,34.986,1200.000,0.120,1.067,879.000,1.063,882.685,0.000,0.000,0.000,0.000,0.121,150.000,0.181,100.052,0.000,0.000,0.000,0.000
182887,2026-05-26 12:43:45,10,20.100,31.868,29.760,986.997,220.906,35.428,1300.000,0.130,1.126,1127.000,1.362,931.548,0.000,0.000,0.000,0.000,0.112,65.000,0.079,93.042,0.000,0.000,0.000,0.000
7666,NO_TIME,1,20.900,31.868,29.770,987.013,220.768,36.397,1300.000,0.130,1.432,1185.000,1.432,1185.000,0.000,0.000,0.000,0.000,0.417,345.000,0.417,345.000,0.000,0.000,0.000,0.000
27729,2026-05-26 12:44:17,2,20.100,31.868,29.820,987.024,220.676,35.339,1400.000,0.140,1.359,883.000,1.067,1124.600,0.000,0.000,0.000,0.000,0.361,114.000,0.138,298.800,0.000,0.000,0.000,0.000
47794,2026-05-26 12:44:37,3,20.100,31.868,29.790,987.015,220.753,35.068,1300.000,0.130,1.334,1021.000,1.234,1103.880,0.000,0.000,0.000,0.000,0.311,93.000,0.112,257.640,0.000,0.000,0.000,0.000
7644,NO_TIME,1,20.900,31.215,29.580,986.953,221.273,36.721,1300.000,0.130,1.598,1322.000,1.598,1322.000,0.000,0.000,0.000,0.000,0.375,310.000,0.375,310.000,0.000,0.000,0.000,0.000
27707,2026-05-26 12:47:26,2,20.100,31.324,29.620,986.944,221.357,35.511,1200.000,0.120,1.569,1204.000,1.455,1298.400,0.000,0.000,0.000,0.000,0.314,60.000,0.073,260.000,0.000,0.000,0.000,0.000
47772,2026-05-26 12:47:46,3,20.100,31.324,29.680,986.956,221.248,35.608,1300.000,0.130,1.542,1184.000,1.431,1275.520,0.000,0.000,0.000,0.000,0.265,58.000,0.070,219.600,0.000,0.000,0.000,0.000
67837,2026-05-26 12:48:06,4,20.100,31.432,29.700,986.961,221.212,35.330,1300.000,0.130,1.398,682.000,0.824,1156.816,0.000,0.000,0.000,0.000,0.238,108.000,0.131,197.280,0.000,0.000,0.000,0.000
87902,2026-05-26 12:48:26,5,20.100,31.432,29.690,986.922,221.541,35.843,1300.000,0.130,1.392,1131.000,1.367,1151.653,0.000,0.000,0.000,0.000,0.231,168.000,0.203,191.424,0.000,0.000,0.000,0.000
107967,2026-05-26 12:48:46,6,20.100,31.541,29.690,986.943,221.362,35.586,1400.000,0.140,1.350,977.000,1.181,1116.722,0.000,0.000,0.000,0.000,0.226,169.000,0.204,186.939,0.000,0.000,0.000,0.000
128032,2026-05-26 12:49:06,7,20.100,31.650,29.730,986.925,221.514,35.426,1300.000,0.130,1.325,1012.000,1.223,1095.778,0.000,0.000,0.000,0.000,0.221,165.000,0.199,182.551,0.000,0.000,0.000,0.000
148097,2026-05-26 12:49:26,8,20.100,31.650,29.750,986.918,221.574,35.638,1400.000,0.140,1.327,1104.000,1.335,1097.422,0.000,0.000,0.000,0.000,0.214,157.000,0.190,177.441,0.000,0.000,0.000,0.000
168162,2026-05-26 12:49:46,9,20.100,31.650,29.760,986.879,221.906,35.649,1400.000,0.140,1.320,1072.000,1.296,1092.338,0.000,0.000,0.000,0.000,0.209,156.000,0.189,173.153,0.000,0.000,0.000,0.000
188227,2026-05-26 12:50:06,10,20.100,31.650,29.750,986.904,221.698,35.566,1300.000,0.130,1.308,1039.000,1.256,1081.670,0.000,0.000,0.000,0.000,0.185,72.000,0.087,152.922,0.000,0.000,0.000,0.000
208292,2026-05-26 12:50:26,11,20.100,31.650,29.740,986.886,221.851,35.508,1300.000,0.130,1.318,1124.000,1.359,1090.136,0.000,0.000,0.000,0.000,0.181,135.000,0.163,149.338,0.000,0.000,0.000,0.000
228357,2026-05-26 12:50:46,12,20.100,31.650,29.730,986.911,221.633,35.531,1300.000,0.130,1.299,1012.000,1.223,1074.509,0.000,0.000,0.000,0.000,0.171,109.000,0.132,141.270,0.000,0.000,0.000,0.000
248422,2026-05-26 12:51:06,13,20.100,31.759,29.710,986.885,221.853,35.330,1300.000,0.130,1.307,1108.000,1.339,1081.207,0.000,0.000,0.000,0.000,0.149,52.000,0.063,123.416,0.000,0.000,0.000,0.000
268487,2026-05-26 12:51:26,14,20.100,31.759,29.720,986.884,221.865,35.554,1300.000,0.130,1.325,1155.000,1.396,1095.966,0.000,0.000,0.000,0.000,0.150,128.000,0.155,124.333,0.000,0.000,0.000,0.000
288552,2026-05-26 12:51:46,15,20.100,31.759,29.700,986.871,221.977,35.353,1200.000,0.120,1.333,1129.000,1.365,1102.573,0.000,0.000,0.000,0.000,0.139,78.000,0.094,115.066,0.000,0.000,0.000,0.000
308714,2026-05-26 12:52:07,16,20.100,31.759,29.760,986.879,221.909,35.147,1300.000,0.130,1.318,1041.000,1.258,1090.258,0.000,0.000,0.000,0.000,0.135,97.000,0.117,111.453,0.000,0.000,0.000,0.000
328779,2026-05-26 12:52:27,17,20.100,31.759,29.800,986.902,221.711,35.279,1200.000,0.120,1.341,1186.000,1.434,1109.406,0.000,0.000,0.000,0.000,0.123,61.000,0.074,101.362,0.000,0.000,0.000,0.000
348844,2026-05-26 12:52:47,18,20.100,31.759,29.840,986.904,221.695,35.258,1200.000,0.120,1.333,1077.000,1.302,1102.925,0.000,0.000,0.000,0.000,0.112,57.000,0.069,92.490,0.000,0.000,0.000,0.000
368909,2026-05-26 12:53:07,19,20.100,31.759,29.780,986.901,221.723,35.254,1300.000,0.130,1.330,1089.000,1.316,1100.140,0.000,0.000,0.000,0.000,0.122,136.000,0.164,101.192,0.000,0.000,0.000,0.000
388974,2026-05-26 12:53:27,20,20.100,31.759,29.690,986.902,221.709,35.341,1300.000,0.130,1.283,907.000,1.096,1061.512,0.000,0.000,0.000,0.000,0.132,142.000,0.172,109.354,0.000,0.000,0.000,0.000
409039,2026-05-26 12:53:47,21,20.100,31.759,29.620,986.871,221.977,35.358,1300.000,0.130,1.267,994.000,1.202,1048.010,0.000,0.000,0.000,0.000,0.146,166.000,0.201,120.683,0.000,0.000,0.000,0.000
429104,2026-05-26 12:54:07,22,20.100,31.759,29.480,986.885,221.855,35.359,1300.000,0.130,1.301,1191.000,1.440,1076.608,0.000,0.000,0.000,0.000,0.130,55.000,0.066,107.546,0.000,0.000,0.000,0.000
449252,2026-05-26 12:54:27,23,20.100,31.759,29.280,986.853,222.125,35.927,1400.000,0.140,1.308,1103.000,1.333,1081.886,0.000,0.000,0.000,0.000,0.143,160.000,0.193,118.037,0.000,0.000,0.000,0.000
469317,2026-05-26 12:54:47,24,20.100,31.759,28.990,986.885,221.859,35.613,1500.000,0.150,1.298,1041.000,1.258,1073.709,0.000,0.000,0.000,0.000,0.147,135.000,0.163,121.430,0.000,0.000,0.000,0.000
489382,2026-05-26 12:55:07,25,20.100,31.650,28.770,986.890,221.816,35.746,1400.000,0.140,1.296,1067.000,1.290,1072.367,0.000,0.000,0.000,0.000,0.139,91.000,0.110,115.344,0.000,0.000,0.000,0.000
509447,2026-05-26 12:55:27,26,20.100,31.650,28.540,986.878,221.917,35.996,1400.000,0.140,1.322,1180.000,1.426,1093.894,0.000,0.000,0.000,0.000,0.127,63.000,0.076,104.875,0.000,0.000,0.000,0.000
529512,2026-05-26 12:55:47,27,20.100,31.650,28.370,986.903,221.702,36.018,1400.000,0.140,1.309,1038.000,1.255,1082.715,0.000,0.000,0.000,0.000,0.133,130.000,0.157,109.900,0.000,0.000,0.000,0.000
549577,2026-05-26 12:56:07,28,20.100,31.650,28.210,986.864,222.038,36.099,1300.000,0.130,1.298,1040.000,1.257,1074.172,0.000,0.000,0.000,0.000,0.144,156.000,0.189,119.120,0.000,0.000,0.000,0.000
569642,2026-05-26 12:56:28,29,20.100,31.541,28.050,986.865,222.027,36.178,1400.000,0.140,1.290,1041.000,1.258,1067.538,0.000,0.000,0.000,0.000,0.155,164.000,0.198,128.096,0.000,0.000,0.000,0.000
589796,2026-05-26 12:56:48,30,20.100,31.541,27.920,986.855,222.110,36.227,1300.000,0.130,1.280,1025.000,1.239,1059.030,0.000,0.000,0.000,0.000,0.144,84.000,0.102,119.277,0.000,0.000,0.000,0.000
609861,2026-05-26 12:57:08,31,20.100,31.541,27.830,986.840,222.240,36.103,1400.000,0.140,1.250,934.000,1.129,1034.024,0.000,0.000,0.000,0.000,0.137,90.000,0.109,113.421,0.000,0.000,0.000,0.000
629926,2026-05-26 12:57:28,32,20.100,31.432,27.720,986.826,222.356,36.059,1300.000,0.130,1.256,1060.000,1.281,1039.219,0.000,0.000,0.000,0.000,0.133,97.000,0.117,110.137,0.000,0.000,0.000,0.000
649991,2026-05-26 12:57:48,33,20.100,31.432,27.660,986.870,221.988,36.042,1400.000,0.140,1.265,1077.000,1.302,1046.776,0.000,0.000,0.000,0.000,0.140,140.000,0.169,116.110,0.000,0.000,0.000,0.000
670056,2026-05-26 12:58:08,34,20.100,31.324,27.660,986.854,222.117,36.065,1400.000,0.140,1.247,970.000,1.173,1031.420,0.000,0.000,0.000,0.000,0.134,88.000,0.106,110.488,0.000,0.000,0.000,0.000
690121,2026-05-26 12:58:28,35,20.100,31.324,27.630,986.871,221.972,36.285,1300.000,0.130,1.229,959.000,1.159,1016.936,0.000,0.000,0.000,0.000,0.149,173.000,0.209,122.990,0.000,0.000,0.000,0.000
710186,2026-05-26 12:58:48,36,20.100,31.324,27.630,986.824,222.373,36.157,1300.000,0.130,1.258,1135.000,1.372,1040.549,0.000,0.000,0.000,0.000,0.142,96.000,0.116,117.592,0.000,0.000,0.000,0.000
730348,2026-05-26 12:59:08,37,20.100,31.215,27.520,986.846,222.184,36.218,1300.000,0.130,1.259,1046.000,1.264,1041.639,0.000,0.000,0.000,0.000,0.127,53.000,0.064,104.674,0.000,0.000,0.000,0.000
750413,2026-05-26 12:59:28,38,20.100,31.215,27.470,986.847,222.176,36.423,1300.000,0.130,1.248,995.000,1.203,1032.312,0.000,0.000,0.000,0.000,0.139,157.000,0.190,115.139,0.000,0.000,0.000,0.000
770478,2026-05-26 12:59:48,39,20.100,31.215,27.400,986.858,222.084,36.580,1400.000,0.140,1.254,1059.000,1.280,1037.649,0.000,0.000,0.000,0.000,0.130,77.000,0.093,107.511,0.000,0.000,0.000,0.000
790543,2026-05-26 13:00:08,40,20.100,31.107,27.460,986.836,222.273,36.700,1600.000,0.160,1.292,1193.000,1.442,1068.719,0.000,0.000,0.000,0.000,0.118,58.000,0.070,97.609,0.000,0.000,0.000,0.000
810608,2026-05-26 13:00:28,41,20.100,31.107,27.450,986.869,221.993,36.781,1400.000,0.140,1.278,1011.000,1.222,1057.176,0.000,0.000,0.000,0.000,0.107,54.000,0.065,88.887,0.000,0.000,0.000,0.000
830673,2026-05-26 13:00:48,42,20.100,31.107,27.460,986.849,222.159,36.782,1500.000,0.150,1.164,587.000,0.710,963.140,0.000,0.000,0.000,0.000,0.108,90.000,0.109,89.110,0.000,0.000,0.000,0.000
850738,2026-05-26 13:01:09,43,20.100,31.107,27.490,986.851,222.142,36.830,1400.000,0.140,1.192,1080.000,1.305,986.512,0.000,0.000,0.000,0.000,0.121,144.000,0.174,100.088,0.000,0.000,0.000,0.000
870803,2026-05-26 13:01:29,44,20.100,30.998,27.520,986.806,222.526,37.182,1400.000,0.140,1.170,895.000,1.082,968.210,0.000,0.000,0.000,0.000,0.130,139.000,0.168,107.870,0.000,0.000,0.000,0.000
890868,2026-05-26 13:01:49,45,20.100,30.998,27.530,986.761,222.909,37.183,1400.000,0.140,1.154,900.000,1.088,954.568,0.000,0.000,0.000,0.000,0.119,62.000,0.075,98.696,0.000,0.000,0.000,0.000
910933,2026-05-26 13:02:09,46,20.100,30.998,27.490,986.824,222.373,37.597,1400.000,0.140,1.165,1000.000,1.209,963.654,0.000,0.000,0.000,0.000,0.123,113.000,0.137,101.557,0.000,0.000,0.000,0.000
930998,2026-05-26 13:02:29,47,20.100,30.890,27.520,986.825,222.366,37.437,1400.000,0.140,1.178,1018.000,1.231,974.523,0.000,0.000,0.000,0.000,0.140,171.000,0.207,115.446,0.000,0.000,0.000,0.000
951063,2026-05-26 13:02:49,48,20.100,30.890,27.500,986.817,222.435,37.552,1400.000,0.140,1.205,1086.000,1.313,996.819,0.000,0.000,0.000,0.000,0.140,116.000,0.140,115.556,0.000,0.000,0.000,0.000
971128,2026-05-26 13:03:09,49,20.100,30.890,27.340,986.791,222.658,37.944,1300.000,0.130,1.213,1032.000,1.247,1003.855,0.000,0.000,0.000,0.000,0.145,137.000,0.166,119.845,0.000,0.000,0.000,0.000
991193,2026-05-26 13:03:29,50,20.100,30.890,27.250,986.811,222.484,38.321,1300.000,0.130,1.210,990.000,1.197,1001.084,0.000,0.000,0.000,0.000,0.146,124.000,0.150,120.676,0.000,0.000,0.000,0.000
1011258,2026-05-26 13:03:49,51,20.100,30.782,27.270,986.786,222.700,38.402,1300.000,0.130,1.252,1175.000,1.420,1035.867,0.000,0.000,0.000,0.000,0.131,59.000,0.071,108.341,0.000,0.000,0.000,0.000
1031323,2026-05-26 13:04:09,52,20.100,30.890,27.340,986.758,222.934,38.385,1300.000,0.130,1.298,1225.000,1.481,1073.694,0.000,0.000,0.000,0.000,0.119,58.000,0.070,98.273,0.000,0.000,0.000,0.000
1051394,2026-05-26 13:04:29,53,20.100,30.782,27.270,986.771,222.825,38.578,1300.000,0.130,1.255,896.000,1.083,1038.155,0.000,0.000,0.000,0.000,0.129,140.000,0.169,106.618,0.000,0.000,0.000,0.000
1071459,2026-05-26 13:04:49,54,20.100,30.782,27.220,986.806,222.525,38.781,1300.000,0.130,1.254,1035.000,1.251,1037.524,0.000,0.000,0.000,0.000,0.123,81.000,0.098,101.495,0.000,0.000,0.000,0.000
1091524,2026-05-26 13:05:09,55,20.100,30.674,27.250,986.769,222.841,38.831,1300.000,0.130,1.271,1106.000,1.337,1051.219,0.000,0.000,0.000,0.000,0.125,113.000,0.137,103.796,0.000,0.000,0.000,0.000
1111589,2026-05-26 13:05:29,56,20.100,30.674,27.230,986.786,222.697,38.968,1300.000,0.130,1.320,1257.000,1.519,1092.375,0.000,0.000,0.000,0.000,0.115,59.000,0.071,94.837,0.000,0.000,0.000,0.000
1131654,2026-05-26 13:05:49,57,20.100,30.674,27.200,986.818,222.428,39.163,1300.000,0.130,1.284,940.000,1.136,1061.900,0.000,0.000,0.000,0.000,0.128,149.000,0.180,105.669,0.000,0.000,0.000,0.000
1151719,2026-05-26 13:06:10,58,20.100,30.674,27.230,986.756,222.950,39.212,1300.000,0.130,1.303,1142.000,1.380,1077.920,0.000,0.000,0.000,0.000,0.140,158.000,0.191,116.135,0.000,0.000,0.000,0.000
1171784,2026-05-26 13:06:30,59,20.100,30.674,27.280,986.788,222.682,39.228,1300.000,0.130,1.326,1172.000,1.417,1096.736,0.000,0.000,0.000,0.000,0.147,145.000,0.175,121.908,0.000,0.000,0.000,0.000
1191849,2026-05-26 13:06:50,60,20.100,30.674,27.240,986.766,222.869,39.363,1300.000,0.130,1.322,1080.000,1.305,1093.389,0.000,0.000,0.000,0.000,0.145,113.000,0.137,120.127,0.000,0.000,0.000,0.000
1211914,2026-05-26 13:07:10,61,20.100,30.566,27.190,986.800,222.583,39.591,1300.000,0.130,1.322,1095.000,1.324,1093.711,0.000,0.000,0.000,0.000,0.157,167.000,0.202,129.501,0.000,0.000,0.000,0.000
1232074,2026-05-26 13:07:30,62,20.100,30.566,27.260,986.767,222.858,39.689,1400.000,0.140,1.295,981.000,1.186,1071.169,0.000,0.000,0.000,0.000,0.167,173.000,0.209,138.201,0.000,0.000,0.000,0.000
1252139,2026-05-26 13:07:50,63,20.100,30.566,27.330,986.726,223.212,40.172,1600.000,0.160,1.282,1019.000,1.232,1060.735,0.000,0.000,0.000,0.000,0.172,157.000,0.190,141.961,0.000,0.000,0.000,0.000
1272204,2026-05-26 13:08:10,64,20.100,30.566,27.400,986.741,223.084,39.656,1500.000,0.150,1.290,1093.000,1.321,1067.188,0.000,0.000,0.000,0.000,0.168,128.000,0.155,139.169,0.000,0.000,0.000,0.000
1292269,2026-05-26 13:08:30,65,20.100,30.566,27.390,986.749,223.015,39.910,1500.000,0.150,1.331,1235.000,1.493,1100.751,0.000,0.000,0.000,0.000,0.152,71.000,0.086,125.535,0.000,0.000,0.000,0.000
1312334,2026-05-26 13:08:50,66,20.100,30.459,27.430,986.757,222.943,39.879,1400.000,0.140,1.378,1295.000,1.565,1139.601,0.000,0.000,0.000,0.000,0.137,66.000,0.080,113.628,0.000,0.000,0.000,0.000
1332399,2026-05-26 13:09:10,67,20.100,30.566,27.410,986.747,223.031,40.167,1400.000,0.140,1.383,1163.000,1.406,1144.281,0.000,0.000,0.000,0.000,0.129,80.000,0.097,106.902,0.000,0.000,0.000,0.000
1352464,2026-05-26 13:09:30,68,20.100,30.566,27.520,986.706,223.377,40.003,1400.000,0.140,1.379,1128.000,1.364,1141.024,0.000,0.000,0.000,0.000,0.128,100.000,0.121,105.522,0.000,0.000,0.000,0.000
1372539,2026-05-26 13:09:50,69,20.100,30.566,27.560,986.698,223.449,40.296,1400.000,0.140,1.414,1284.000,1.552,1169.620,0.000,0.000,0.000,0.000,0.116,59.000,0.071,96.218,0.000,0.000,0.000,0.000
1392604,2026-05-26 13:10:10,70,20.100,30.566,27.570,986.693,223.489,39.833,1400.000,0.140,1.409,1148.000,1.388,1165.296,0.000,0.000,0.000,0.000,0.117,98.000,0.118,96.574,0.000,0.000,0.000,0.000
1412669,2026-05-26 13:10:30,71,20.100,30.566,27.590,986.691,223.507,39.916,1400.000,0.140,1.374,1022.000,1.235,1136.636,0.000,0.000,0.000,0.000,0.135,173.000,0.209,111.859,0.000,0.000,0.000,0.000
1432734,2026-05-26 13:10:51,72,20.100,30.566,27.690,986.661,223.762,39.565,1400.000,0.140,1.370,1119.000,1.353,1133.109,0.000,0.000,0.000,0.000,0.145,154.000,0.186,120.287,0.000,0.000,0.000,0.000
1452799,2026-05-26 13:11:11,73,20.100,30.566,27.740,986.691,223.507,39.338,1400.000,0.140,1.345,1033.000,1.249,1113.087,0.000,0.000,0.000,0.000,0.143,110.000,0.133,118.230,0.000,0.000,0.000,0.000
1472864,2026-05-26 13:11:31,74,20.100,30.566,27.680,986.670,223.685,39.413,1300.000,0.130,1.382,1264.000,1.528,1143.270,0.000,0.000,0.000,0.000,0.130,63.000,0.076,107.184,0.000,0.000,0.000,0.000
1492929,2026-05-26 13:11:51,75,20.100,30.566,27.660,986.615,224.151,39.505,1300.000,0.130,1.417,1290.000,1.559,1172.616,0.000,0.000,0.000,0.000,0.119,64.000,0.077,98.547,0.000,0.000,0.000,0.000
1512994,2026-05-26 13:12:11,76,20.100,30.566,27.690,986.648,223.870,39.507,1300.000,0.130,1.448,1299.000,1.570,1197.893,0.000,0.000,0.000,0.000,0.111,67.000,0.081,92.238,0.000,0.000,0.000,0.000
1533059,2026-05-26 13:12:31,77,20.100,30.566,27.720,986.648,223.872,39.486,1300.000,0.130,1.459,1245.000,1.505,1207.314,0.000,0.000,0.000,0.000,0.106,68.000,0.082,87.390,0.000,0.000,0.000,0.000
1553130,2026-05-26 13:12:51,78,20.100,30.566,27.720,986.636,223.972,39.545,1300.000,0.130,1.447,1156.000,1.397,1197.052,0.000,0.000,0.000,0.000,0.099,59.000,0.071,81.712,0.000,0.000,0.000,0.000
1573195,2026-05-26 13:13:11,79,20.100,30.566,27.790,986.652,223.835,39.388,1400.000,0.140,1.458,1242.000,1.501,1206.041,0.000,0.000,0.000,0.000,0.092,54.000,0.065,76.170,0.000,0.000,0.000,0.000
1593260,2026-05-26 13:13:31,80,20.100,30.566,27.710,986.634,223.994,39.578,1300.000,0.130,1.414,1025.000,1.239,1169.833,0.000,0.000,0.000,0.000,0.096,91.000,0.110,79.136,0.000,0.000,0.000,0.000
1613325,2026-05-26 13:13:51,81,20.100,30.566,27.760,986.597,224.309,39.525,1300.000,0.130,1.435,1256.000,1.518,1187.066,0.000,0.000,0.000,0.000,0.091,59.000,0.071,75.109,0.000,0.000,0.000,0.000
1633390,2026-05-26 13:14:11,82,20.100,30.566,27.720,986.615,224.155,39.672,1300.000,0.130,1.423,1137.000,1.374,1177.053,0.000,0.000,0.000,0.000,0.114,173.000,0.209,94.687,0.000,0.000,0.000,0.000
1653455,2026-05-26 13:14:31,83,20.100,30.459,27.650,986.594,224.335,39.875,1400.000,0.140,1.452,1298.000,1.569,1201.243,0.000,0.000,0.000,0.000,0.109,72.000,0.087,90.150,0.000,0.000,0.000,0.000
1673520,2026-05-26 13:14:51,84,20.000,30.566,27.690,986.608,224.208,39.925,1400.000,0.140,1.481,1322.000,1.598,1225.394,0.000,0.000,0.000,0.000,0.102,62.000,0.075,84.520,0.000,0.000,0.000,0.000
1693585,2026-05-26 13:15:11,85,20.100,30.566,27.660,986.544,224.760,40.016,1400.000,0.140,1.487,1250.000,1.511,1230.315,0.000,0.000,0.000,0.000,0.112,124.000,0.150,92.416,0.000,0.000,0.000,0.000
1713650,2026-05-26 13:15:32,86,20.100,30.566,27.610,986.586,224.396,40.139,1400.000,0.140,1.472,1166.000,1.409,1217.452,0.000,0.000,0.000,0.000,0.112,92.000,0.111,92.333,0.000,0.000,0.000,0.000
1733804,2026-05-26 13:15:52,87,20.100,30.566,27.550,986.600,224.281,40.296,1300.000,0.130,1.473,1222.000,1.477,1218.362,0.000,0.000,0.000,0.000,0.116,111.000,0.134,96.066,0.000,0.000,0.000,0.000
1753869,2026-05-26 13:16:12,88,20.000,30.459,27.520,986.552,224.690,41.197,1400.000,0.140,1.492,1299.000,1.570,1234.490,0.000,0.000,0.000,0.000,0.115,93.000,0.112,95.453,0.000,0.000,0.000,0.000
1773934,2026-05-26 13:16:32,89,20.000,30.459,27.590,986.556,224.652,40.601,1500.000,0.150,1.357,675.000,0.816,1122.592,0.000,0.000,0.000,0.000,0.123,127.000,0.154,101.762,0.000,0.000,0.000,0.000
1793999,2026-05-26 13:16:52,90,20.000,30.459,27.560,986.535,224.834,40.505,1400.000,0.140,1.406,1327.000,1.604,1163.473,0.000,0.000,0.000,0.000,0.115,68.000,0.082,95.010,0.000,0.000,0.000,0.000
1814064,2026-05-26 13:17:12,91,20.100,30.459,27.630,986.555,224.667,40.314,1400.000,0.140,1.369,1009.000,1.220,1132.579,0.000,0.000,0.000,0.000,0.122,123.000,0.149,100.608,0.000,0.000,0.000,0.000
1834129,2026-05-26 13:17:32,92,20.000,30.459,27.730,986.533,224.851,40.474,1400.000,0.140,1.329,965.000,1.166,1099.063,0.000,0.000,0.000,0.000,0.134,150.000,0.181,110.486,0.000,0.000,0.000,0.000
1854194,2026-05-26 13:17:52,93,20.000,30.459,27.740,986.562,224.607,40.789,1600.000,0.160,1.358,1222.000,1.477,1123.650,0.000,0.000,0.000,0.000,0.139,134.000,0.162,115.189,0.000,0.000,0.000,0.000
1874267,2026-05-26 13:18:12,94,20.000,30.459,27.810,986.574,224.501,40.690,1500.000,0.150,1.372,1182.000,1.429,1135.320,0.000,0.000,0.000,0.000,0.138,111.000,0.134,114.351,0.000,0.000,0.000,0.000
1894332,2026-05-26 13:18:32,95,20.000,30.459,27.770,986.557,224.647,40.442,1600.000,0.160,1.370,1124.000,1.359,1133.056,0.000,0.000,0.000,0.000,0.134,98.000,0.118,111.081,0.000,0.000,0.000,0.000
1914397,2026-05-26 13:18:52,96,20.000,30.459,27.810,986.565,224.574,40.447,1500.000,0.150,1.388,1208.000,1.460,1148.045,0.000,0.000,0.000,0.000,0.127,79.000,0.095,104.665,0.000,0.000,0.000,0.000
1934462,2026-05-26 13:19:12,97,20.000,30.459,27.870,986.582,224.431,40.463,1600.000,0.160,1.379,1110.000,1.342,1140.436,0.000,0.000,0.000,0.000,0.126,102.000,0.123,104.132,0.000,0.000,0.000,0.000
1954527,2026-05-26 13:19:32,98,20.000,30.459,27.830,986.565,224.580,40.425,1500.000,0.150,1.365,1086.000,1.313,1129.549,0.000,0.000,0.000,0.000,0.129,115.000,0.139,106.305,0.000,0.000,0.000,0.000
1974592,2026-05-26 13:19:52,99,20.000,30.459,27.740,986.554,224.674,40.556,1600.000,0.160,1.365,1128.000,1.364,1129.239,0.000,0.000,0.000,0.000,0.146,177.000,0.214,120.444,0.000,0.000,0.000,0.000
1994657,2026-05-26 13:20:12,100,20.000,30.459,27.690,986.577,224.480,40.563,1500.000,0.150,1.374,1165.000,1.408,1136.391,0.000,0.000,0.000,0.000,0.154,157.000,0.190,127.756,0.000,0.000,0.000,0.000
2014722,2026-05-26 13:20:33,101,20.000,30.459,27.710,986.576,224.488,40.670,1400.000,0.140,1.397,1234.000,1.492,1155.913,0.000,0.000,0.000,0.000,0.146,91.000,0.110,120.404,0.000,0.000,0.000,0.000
2034787,2026-05-26 13:20:53,102,20.000,30.459,27.780,986.569,224.547,40.734,1500.000,0.150,1.354,978.000,1.182,1120.330,0.000,0.000,0.000,0.000,0.153,153.000,0.185,126.924,0.000,0.000,0.000,0.000
2054856,2026-05-26 13:21:13,103,20.000,30.459,27.720,986.528,224.891,41.240,1600.000,0.160,1.364,1161.000,1.403,1128.464,0.000,0.000,0.000,0.000,0.137,61.000,0.074,113.739,0.000,0.000,0.000,0.000
2074921,2026-05-26 13:21:33,104,20.000,30.459,27.750,986.526,224.911,40.824,1600.000,0.160,1.368,1143.000,1.382,1131.371,0.000,0.000,0.000,0.000,0.153,177.000,0.214,126.391,0.000,0.000,0.000,0.000
2094986,2026-05-26 13:21:53,105,20.000,30.459,27.690,986.539,224.796,41.155,1700.000,0.170,1.350,1060.000,1.281,1117.097,0.000,0.000,0.000,0.000,0.158,150.000,0.181,131.113,0.000,0.000,0.000,0.000
2115051,2026-05-26 13:22:13,106,20.000,30.459,27.720,986.535,224.835,40.996,1500.000,0.150,1.391,1287.000,1.556,1151.078,0.000,0.000,0.000,0.000,0.144,71.000,0.086,119.090,0.000,0.000,0.000,0.000
2135116,2026-05-26 13:22:33,107,20.000,30.459,27.760,986.540,224.794,41.648,1500.000,0.150,1.398,1179.000,1.425,1156.662,0.000,0.000,0.000,0.000,0.128,54.000,0.065,106.072,0.000,0.000,0.000,0.000
2155181,2026-05-26 13:22:53,108,20.000,30.459,27.690,986.540,224.792,41.759,1700.000,0.170,1.402,1172.000,1.417,1159.730,0.000,0.000,0.000,0.000,0.119,67.000,0.081,98.258,0.000,0.000,0.000,0.000
2175246,2026-05-26 13:23:13,109,20.000,30.351,27.720,986.530,224.880,40.799,1700.000,0.170,1.423,1247.000,1.507,1177.184,0.000,0.000,0.000,0.000,0.130,146.000,0.176,107.806,0.000,0.000,0.000,0.000
2195311,2026-05-26 13:23:33,110,20.000,30.351,27.650,986.543,224.762,41.164,1500.000,0.150,1.424,1182.000,1.429,1178.147,0.000,0.000,0.000,0.000,0.137,137.000,0.166,113.645,0.000,0.000,0.000,0.000
2215376,2026-05-26 13:23:53,111,20.000,30.351,27.640,986.531,224.869,41.208,1500.000,0.150,1.391,1043.000,1.261,1151.118,0.000,0.000,0.000,0.000,0.135,105.000,0.127,111.916,0.000,0.000,0.000,0.000
2235526,2026-05-26 13:24:13,112,20.000,30.351,27.700,986.519,224.967,41.343,1500.000,0.150,1.394,1162.000,1.405,1153.294,0.000,0.000,0.000,0.000,0.123,61.000,0.074,101.733,0.000,0.000,0.000,0.000
2255591,2026-05-26 13:24:33,113,20.000,30.351,27.690,986.557,224.643,41.329,1600.000,0.160,1.428,1295.000,1.565,1181.635,0.000,0.000,0.000,0.000,0.131,135.000,0.163,108.386,0.000,0.000,0.000,0.000
2275656,2026-05-26 13:24:53,114,20.000,30.351,27.730,986.496,225.169,41.507,1700.000,0.170,1.393,1036.000,1.252,1152.508,0.000,0.000,0.000,0.000,0.135,123.000,0.149,111.309,0.000,0.000,0.000,0.000
2295721,2026-05-26 13:25:14,115,20.000,30.351,27.730,986.499,225.139,41.193,1500.000,0.150,1.403,1193.000,1.442,1160.607,0.000,0.000,0.000,0.000,0.145,153.000,0.185,119.647,0.000,0.000,0.000,0.000
2315786,2026-05-26 13:25:34,116,20.000,30.351,27.740,986.545,224.749,41.183,1500.000,0.150,1.412,1198.000,1.448,1168.085,0.000,0.000,0.000,0.000,0.129,57.000,0.069,107.118,0.000,0.000,0.000,0.000
2335851,2026-05-26 13:25:54,117,20.000,30.351,27.740,986.505,225.087,41.195,1500.000,0.150,1.418,1193.000,1.442,1173.068,0.000,0.000,0.000,0.000,0.143,165.000,0.199,118.694,0.000,0.000,0.000,0.000
2355916,2026-05-26 13:26:14,118,20.000,30.351,27.630,986.499,225.143,41.592,1500.000,0.150,1.432,1230.000,1.487,1184.455,0.000,0.000,0.000,0.000,0.152,153.000,0.185,125.555,0.000,0.000,0.000,0.000
2375985,2026-05-26 13:26:34,119,20.000,30.351,27.650,986.492,225.197,41.245,1400.000,0.140,1.430,1179.000,1.425,1183.364,0.000,0.000,0.000,0.000,0.159,155.000,0.187,131.444,0.000,0.000,0.000,0.000
2396050,2026-05-26 13:26:54,120,20.000,30.351,27.580,986.487,225.212,41.899,1600.000,0.160,1.411,1102.000,1.332,1167.091,0.000,0.000,0.000,0.000,0.146,79.000,0.095,120.955,0.000,0.000,0.000,0.000
2416115,2026-05-26 13:27:14,121,20.000,30.351,27.600,986.482,225.281,41.717,1700.000,0.170,1.462,1377.000,1.665,1209.073,0.000,0.000,0.000,0.000,0.131,59.000,0.071,108.564,0.000,0.000,0.000,0.000
2436180,2026-05-26 13:27:34,122,20.000,30.351,27.680,986.485,225.259,41.294,1500.000,0.150,1.470,1244.000,1.504,1216.058,0.000,0.000,0.000,0.000,0.141,147.000,0.178,116.251,0.000,0.000,0.000,0.000
2456245,2026-05-26 13:27:54,123,20.000,30.244,27.610,986.500,225.129,41.484,1400.000,0.140,1.468,1210.000,1.463,1214.847,0.000,0.000,0.000,0.000,0.156,180.000,0.218,129.001,0.000,0.000,0.000,0.000
2476310,2026-05-26 13:28:14,124,20.000,30.136,27.570,986.493,225.192,41.654,1400.000,0.140,1.458,1171.000,1.415,1206.077,0.000,0.000,0.000,0.000,0.150,103.000,0.125,123.801,0.000,0.000,0.000,0.000
2496375,2026-05-26 13:28:34,125,20.000,30.244,27.570,986.477,225.326,41.816,1400.000,0.140,1.494,1357.000,1.640,1236.262,0.000,0.000,0.000,0.000,0.137,73.000,0.088,113.641,0.000,0.000,0.000,0.000
2516440,2026-05-26 13:28:54,126,20.000,30.244,27.640,986.466,225.424,42.879,1400.000,0.140,1.500,1261.000,1.524,1241.210,0.000,0.000,0.000,0.000,0.134,98.000,0.118,110.513,0.000,0.000,0.000,0.000
2536505,2026-05-26 13:29:14,127,20.000,30.244,27.530,986.490,225.219,41.826,1400.000,0.140,1.487,1185.000,1.432,1229.968,0.000,0.000,0.000,0.000,0.123,67.000,0.081,101.810,0.000,0.000,0.000,0.000
2556574,2026-05-26 13:29:34,128,20.000,30.244,27.450,986.495,225.174,42.038,1400.000,0.140,1.469,1155.000,1.396,1214.974,0.000,0.000,0.000,0.000,0.114,64.000,0.077,94.248,0.000,0.000,0.000,0.000
2576639,2026-05-26 13:29:54,129,20.000,30.244,27.500,986.481,225.290,42.021,1400.000,0.140,1.441,1101.000,1.331,1192.179,0.000,0.000,0.000,0.000,0.116,104.000,0.126,96.198,0.000,0.000,0.000,0.000
2596704,2026-05-26 13:30:15,130,20.000,30.244,27.630,986.452,225.540,41.754,1600.000,0.160,1.444,1206.000,1.458,1194.944,0.000,0.000,0.000,0.000,0.130,153.000,0.185,107.559,0.000,0.000,0.000,0.000
2616769,2026-05-26 13:30:35,131,20.000,30.244,27.650,986.437,225.663,41.559,1500.000,0.150,1.443,1191.000,1.440,1194.155,0.000,0.000,0.000,0.000,0.119,61.000,0.074,98.247,0.000,0.000,0.000,0.000
2636834,2026-05-26 13:30:55,132,20.000,30.244,27.650,986.448,225.570,41.721,1400.000,0.140,1.452,1228.000,1.484,1200.924,0.000,0.000,0.000,0.000,0.117,89.000,0.108,96.398,0.000,0.000,0.000,0.000
2656899,2026-05-26 13:31:15,133,20.000,30.244,27.640,986.461,225.461,41.604,1400.000,0.140,1.252,376.000,0.455,1035.939,0.000,0.000,0.000,0.000,0.132,162.000,0.196,109.518,0.000,0.000,0.000,0.000
2676964,2026-05-26 13:31:35,134,20.000,30.244,27.600,986.475,225.341,41.705,1400.000,0.140,1.260,1070.000,1.293,1042.751,0.000,0.000,0.000,0.000,0.132,106.000,0.128,108.814,0.000,0.000,0.000,0.000
2697029,2026-05-26 13:31:55,135,20.000,30.244,27.660,986.483,225.274,41.559,1400.000,0.140,1.283,1138.000,1.376,1061.801,0.000,0.000,0.000,0.000,0.135,125.000,0.151,112.052,0.000,0.000,0.000,0.000
2717094,2026-05-26 13:32:15,136,20.000,30.244,27.670,986.463,225.447,41.560,1400.000,0.140,1.259,960.000,1.160,1041.441,0.000,0.000,0.000,0.000,0.146,154.000,0.186,120.441,0.000,0.000,0.000,0.000
2737163,2026-05-26 13:32:35,137,20.000,30.244,27.740,986.475,225.347,41.833,1800.000,0.180,1.290,1171.000,1.415,1067.353,0.000,0.000,0.000,0.000,0.135,77.000,0.093,111.753,0.000,0.000,0.000,0.000
7650,NO_TIME,1,20.900,28.751,26.860,986.376,226.184,45.099,1500.000,0.150,2.170,1795.000,2.170,1795.000,0.000,0.000,0.000,0.000,0.824,682.000,0.824,682.000,0.000,0.000,0.000,0.000
7305,2026-05-26 13:44:40,1,20.100,28.857,27.170,986.352,226.392,43.102,1400.000,0.140,1.475,1220.000,1.475,1220.000,,0.000,0.000,0.000,0.222,184.000,0.222,184.000,0.000,0.000,0.000,0.000
27371,2026-05-26 13:45:00,2,20.100,28.963,27.280,986.308,226.761,42.881,1400.000,0.140,1.482,1250.000,1.511,1226.000,,0.000,0.000,0.000,0.222,181.000,0.219,183.400,0.000,0.000,0.000,0.000
47436,2026-05-26 13:45:20,3,20.100,29.069,27.410,986.320,226.667,42.648,1400.000,0.140,1.484,1235.000,1.493,1227.800,,0.000,0.000,0.000,0.224,192.000,0.232,185.120,0.000,0.000,0.000,0.000
67501,2026-05-26 13:45:40,4,20.000,29.175,27.540,986.289,226.926,42.349,1400.000,0.140,1.492,1259.000,1.522,1234.040,,0.000,0.000,0.000,0.219,165.000,0.199,181.096,0.000,0.000,0.000,0.000
87566,2026-05-26 13:46:00,5,20.000,29.175,27.580,986.295,226.877,45.343,1400.000,0.140,1.579,1594.000,1.927,1306.032,,0.000,0.000,0.000,0.206,128.000,0.155,170.477,0.000,0.000,0.000,0.000
7424,2026-05-26 13:46:21,1,20.000,29.282,27.940,986.261,227.168,45.009,1500.000,0.150,1.222,1011.000,1.222,1011.000,,0.000,0.000,0.000,0.448,371.000,0.448,371.000,0.000,0.000,0.000,0.000
7410,NO_TIME,1,20.900,29.069,28.120,986.260,227.175,42.891,1800.000,0.180,1.819,1505.000,1.819,1505.000,0.013,0.000,0.000,0.000,0.915,757.000,0.915,757.000,0.000,0.000,0.000,0.000
27471,2026-05-26 13:48:04,2,20.100,29.175,28.150,986.243,227.315,42.230,1500.000,0.150,1.791,1390.000,1.680,1482.000,0.013,0.000,0.000,0.000,0.752,84.000,0.102,622.400,0.000,0.000,0.000,0.000
47539,2026-05-26 13:48:24,3,20.000,29.282,28.190,986.266,227.121,42.525,1700.000,0.170,1.785,1454.000,1.758,1476.400,0.003,0.000,0.000,0.000,0.643,171.000,0.207,532.120,0.000,0.000,0.000,0.000
2306,2026-05-26 13:48:44,1,20.000,29.388,28.240,986.251,227.249,42.763,1500.000,0.150,1.703,1409.000,1.703,1409.000,0.005,0.000,0.000,0.000,0.198,164.000,0.198,164.000,0.000,0.000,0.000,0.000
22368,2026-05-26 13:49:04,2,20.000,29.601,28.200,986.268,227.105,42.619,1600.000,0.160,1.705,1416.000,1.712,1410.400,0.008,0.000,0.000,0.000,0.185,111.000,0.134,153.400,0.000,0.000,0.000,0.000
42434,2026-05-26 13:49:24,3,20.000,29.601,28.220,986.220,227.518,42.552,1500.000,0.150,1.654,1202.000,1.453,1368.720,0.008,0.000,0.000,0.000,0.189,167.000,0.202,156.120,0.000,0.000,0.000,0.000
62500,2026-05-26 13:49:44,4,20.000,29.708,28.220,986.234,227.398,42.471,1400.000,0.140,1.617,1215.000,1.469,1337.976,0.000,0.000,0.000,0.000,0.186,146.000,0.176,154.096,0.000,0.000,0.000,0.000
82566,2026-05-26 13:50:04,5,19.900,29.815,28.250,986.234,227.397,45.979,2300.000,0.230,1.668,1547.000,1.870,1379.781,14.659,0.000,0.000,0.000,0.208,245.000,0.296,172.277,0.000,0.000,0.000,0.000
102640,2026-05-26 13:50:24,6,19.900,29.815,28.260,986.215,227.552,43.716,2900.000,0.290,1.673,1401.000,1.694,1384.025,0.000,0.000,0.000,0.000,0.209,177.000,0.214,173.221,0.000,0.000,0.000,0.000
122706,2026-05-26 13:50:44,7,20.000,29.815,28.280,986.236,227.378,42.823,1800.000,0.180,1.661,1333.000,1.611,1373.820,0.000,0.000,0.000,0.000,0.204,153.000,0.185,169.177,0.000,0.000,0.000,0.000
142772,2026-05-26 13:51:04,8,20.000,29.922,28.260,986.237,227.370,42.695,1500.000,0.150,1.636,1272.000,1.538,1353.456,0.003,0.000,0.000,0.000,0.199,148.000,0.179,164.942,0.000,0.000,0.000,0.000
162838,2026-05-26 13:51:25,9,20.000,29.922,28.260,986.244,227.306,42.625,1600.000,0.160,1.655,1432.000,1.731,1369.165,0.000,0.000,0.000,0.000,0.197,155.000,0.187,162.953,0.000,0.000,0.000,0.000
182904,2026-05-26 13:51:45,10,20.000,30.029,28.300,986.238,227.363,42.629,1500.000,0.150,1.657,1377.000,1.665,1370.732,0.000,0.000,0.000,0.000,0.197,162.000,0.196,162.763,0.000,0.000,0.000,0.000
202970,2026-05-26 13:52:05,11,20.000,30.029,28.300,986.223,227.485,42.641,1500.000,0.150,1.658,1374.000,1.661,1371.385,0.000,0.000,0.000,0.000,0.197,162.000,0.196,162.610,0.000,0.000,0.000,0.000
223036,2026-05-26 13:52:25,12,20.000,30.029,28.360,986.238,227.360,42.819,1500.000,0.150,1.615,1195.000,1.445,1336.108,0.000,0.000,0.000,0.000,0.190,136.000,0.164,157.288,0.000,0.000,0.000,0.000
243102,2026-05-26 13:52:45,13,20.000,30.136,28.380,986.248,227.278,42.602,1500.000,0.150,1.594,1250.000,1.511,1318.887,0.000,0.000,0.000,0.000,0.181,118.000,0.143,149.431,0.000,0.000,0.000,0.000
263168,2026-05-26 13:53:05,14,20.000,30.136,28.400,986.244,227.313,42.545,1600.000,0.160,1.574,1235.000,1.493,1302.109,0.000,0.000,0.000,0.000,0.181,151.000,0.183,149.744,0.000,0.000,0.000,0.000
283319,2026-05-26 13:53:25,15,20.000,30.136,28.410,986.250,227.257,42.651,1600.000,0.160,1.596,1395.000,1.686,1320.688,0.000,0.000,0.000,0.000,0.178,139.000,0.168,147.596,0.000,0.000,0.000,0.000
303385,2026-05-26 13:53:45,16,20.000,30.136,28.410,986.266,227.123,42.803,1700.000,0.170,1.602,1345.000,1.626,1325.550,0.000,0.000,0.000,0.000,0.180,154.000,0.186,148.876,0.000,0.000,0.000,0.000
323451,2026-05-26 13:54:05,17,20.000,30.244,28.410,986.234,227.391,42.663,1500.000,0.150,1.609,1353.000,1.635,1331.040,0.000,0.000,0.000,0.000,0.181,154.000,0.186,149.901,0.000,0.000,0.000,0.000
343517,2026-05-26 13:54:25,18,20.000,30.244,28.410,986.243,227.317,42.675,1500.000,0.150,1.579,1206.000,1.458,1306.032,0.000,0.000,0.000,0.000,0.185,167.000,0.202,153.321,0.000,0.000,0.000,0.000
363583,2026-05-26 13:54:45,19,20.000,30.244,28.420,986.254,227.227,42.559,1400.000,0.140,1.548,1177.000,1.423,1280.226,0.000,0.000,0.000,0.000,0.187,159.000,0.192,154.457,0.000,0.000,0.000,0.000
383649,2026-05-26 13:55:05,20,20.000,30.244,28.420,986.200,227.681,42.628,1500.000,0.150,1.558,1324.000,1.600,1288.981,0.003,0.000,0.000,0.000,0.181,129.000,0.156,149.365,0.000,0.000,0.000,0.000
403715,2026-05-26 13:55:25,21,20.000,30.351,28.440,986.215,227.553,42.584,1600.000,0.160,1.527,1160.000,1.402,1263.184,0.000,0.000,0.000,0.000,0.181,152.000,0.184,149.892,0.000,0.000,0.000,0.000
423789,2026-05-26 13:55:45,22,20.000,30.244,28.510,986.192,227.755,42.567,1500.000,0.150,1.545,1338.000,1.617,1278.148,0.000,0.000,0.000,0.000,0.171,106.000,0.128,141.114,0.000,0.000,0.000,0.000
443855,2026-05-26 13:56:06,23,20.000,30.244,28.490,986.226,227.463,42.693,1500.000,0.150,1.530,1214.000,1.467,1265.318,0.000,0.000,0.000,0.000,0.163,110.000,0.133,134.891,0.000,0.000,0.000,0.000
463921,2026-05-26 13:56:26,24,20.000,30.351,28.500,986.177,227.880,42.484,1700.000,0.170,1.570,1433.000,1.732,1298.854,0.000,0.000,0.000,0.000,0.145,60.000,0.073,119.913,0.000,0.000,0.000,0.000
483987,2026-05-26 13:56:46,25,20.000,30.351,28.550,986.232,227.407,42.338,1600.000,0.160,1.574,1314.000,1.588,1301.884,0.000,0.000,0.000,0.000,0.134,76.000,0.092,111.130,0.000,0.000,0.000,0.000
504053,2026-05-26 13:57:06,26,20.000,30.351,28.590,986.228,227.445,42.271,1500.000,0.150,1.565,1265.000,1.529,1294.507,0.000,0.000,0.000,0.000,0.126,77.000,0.093,104.304,0.000,0.000,0.000,0.000
524119,2026-05-26 13:57:26,27,20.000,30.351,28.610,986.158,228.037,42.344,1400.000,0.140,1.582,1367.000,1.652,1309.006,0.000,0.000,0.000,0.000,0.121,83.000,0.100,100.043,0.000,0.000,0.000,0.000
2306,2026-05-26 13:58:17,1,20.000,30.351,28.600,986.235,227.387,42.354,1600.000,0.160,1.403,1161.000,1.403,1161.000,0.000,0.000,0.000,0.000,0.195,161.000,0.195,161.000,0.000,0.000,0.000,0.000
22368,2026-05-26 13:58:39,2,20.000,30.459,28.630,986.193,227.741,42.356,1800.000,0.180,1.444,1330.000,1.608,1194.800,0.035,0.000,0.000,0.000,0.195,163.000,0.197,161.400,0.000,0.000,0.000,0.000
2305,2026-05-26 13:59:04,1,20.000,30.459,28.650,986.192,227.753,42.242,1600.000,0.160,1.466,1213.000,1.466,1213.000,0.000,0.000,0.000,0.000,0.092,76.000,0.092,76.000,0.000,0.000,0.000,0.000
22366,2026-05-26 13:59:24,2,20.000,30.459,28.670,986.192,227.755,41.942,1500.000,0.150,1.519,1431.000,1.730,1256.600,0.000,0.000,0.000,0.000,0.092,75.000,0.091,75.800,0.000,0.000,0.000,0.000
42432,2026-05-26 13:59:44,3,20.000,30.459,28.690,986.176,227.885,42.327,1600.000,0.160,1.522,1269.000,1.534,1259.080,0.000,0.000,0.000,0.000,0.091,75.000,0.091,75.640,0.000,0.000,0.000,0.000
62498,2026-05-26 14:00:04,4,20.000,30.459,28.730,986.190,227.773,42.994,1700.000,0.170,1.525,1271.000,1.536,1261.464,0.000,0.000,0.000,0.000,0.095,90.000,0.109,78.512,0.000,0.000,0.000,0.000
82564,2026-05-26 14:00:24,5,20.000,30.459,28.750,986.161,228.013,42.903,1600.000,0.160,1.526,1266.000,1.530,1262.371,0.000,0.000,0.000,0.000,0.094,73.000,0.088,77.410,0.000,0.000,0.000,0.000
102630,2026-05-26 14:00:44,6,20.000,30.459,28.660,986.201,227.673,42.313,1600.000,0.160,1.520,1239.000,1.498,1257.697,0.000,0.000,0.000,0.000,0.113,157.000,0.190,93.328,0.000,0.000,0.000,0.000
122696,2026-05-26 14:01:04,7,20.000,30.459,28.700,986.201,227.629,44.130,1500.000,0.150,1.569,1459.000,1.764,1297.958,0.008,0.000,0.000,0.000,0.118,116.000,0.140,97.862,0.000,0.000,0.000,0.000
142845,2026-05-26 14:01:24,8,20.000,30.459,28.840,986.197,227.711,45.888,2300.000,0.230,1.590,1383.000,1.672,1314.966,0.000,0.000,0.000,0.000,0.117,94.000,0.114,97.090,0.000,0.000,0.000,0.000
162911,2026-05-26 14:01:44,9,19.900,30.459,28.920,986.158,228.042,42.268,1700.000,0.170,1.615,1421.000,1.718,1336.173,0.000,0.000,0.000,0.000,0.128,140.000,0.169,105.672,0.000,0.000,0.000,0.000
182977,2026-05-26 14:02:04,10,20.000,30.566,28.820,986.163,228.001,42.131,1500.000,0.150,1.574,1164.000,1.407,1301.738,0.003,0.000,0.000,0.000,0.136,141.000,0.170,112.737,0.000,0.000,0.000,0.000
203043,2026-05-26 14:02:24,11,20.000,30.566,28.810,986.196,227.721,41.757,1500.000,0.150,1.551,1209.000,1.461,1283.191,0.000,0.000,0.000,0.000,0.129,81.000,0.098,106.390,0.000,0.000,0.000,0.000
223109,2026-05-26 14:02:44,12,19.900,30.566,28.760,986.170,227.937,41.986,1600.000,0.160,1.554,1297.000,1.568,1285.953,0.000,0.000,0.000,0.000,0.121,73.000,0.088,99.712,0.000,0.000,0.000,0.000
243175,2026-05-26 14:03:05,13,20.000,30.566,28.750,986.158,228.041,41.938,1600.000,0.160,1.567,1337.000,1.616,1296.162,0.000,0.000,0.000,0.000,0.128,130.000,0.157,105.770,0.000,0.000,0.000,0.000
263241,2026-05-26 14:03:25,14,20.000,30.566,28.740,986.166,227.974,42.100,1500.000,0.150,1.557,1256.000,1.518,1288.130,0.000,0.000,0.000,0.000,0.120,72.000,0.087,99.016,0.000,0.000,0.000,0.000
283402,2026-05-26 14:03:45,15,20.000,30.566,28.760,986.125,228.319,41.894,1500.000,0.150,1.558,1290.000,1.559,1288.504,0.000,0.000,0.000,0.000,0.128,133.000,0.161,105.813,0.000,0.000,0.000,0.000
303468,2026-05-26 14:04:05,16,20.000,30.566,28.750,986.126,228.315,42.066,1500.000,0.150,1.584,1396.000,1.687,1310.003,0.000,0.000,0.000,0.000,0.118,66.000,0.080,97.850,0.000,0.000,0.000,0.000
323534,2026-05-26 14:04:25,17,20.000,30.566,28.690,986.138,228.209,42.596,1500.000,0.150,1.649,1581.000,1.911,1364.202,1.650,0.000,0.000,0.000,0.118,97.000,0.117,97.680,0.000,0.000,0.000,0.000
343600,2026-05-26 14:04:45,18,19.900,30.351,28.600,986.102,228.516,42.168,2500.000,0.250,1.667,1440.000,1.741,1379.362,0.310,0.000,0.000,0.000,0.118,99.000,0.120,97.944,0.000,0.000,0.000,0.000
363666,2026-05-26 14:05:05,19,20.000,30.351,28.590,986.126,228.312,42.505,2000.000,0.200,1.666,1372.000,1.658,1377.890,0.000,0.000,0.000,0.000,0.128,137.000,0.166,105.755,0.000,0.000,0.000,0.000
383732,2026-05-26 14:05:25,20,20.000,30.459,28.680,986.127,228.304,41.920,1600.000,0.160,1.634,1249.000,1.510,1352.112,0.005,0.000,0.000,0.000,0.136,140.000,0.169,112.604,0.000,0.000,0.000,0.000
403798,2026-05-26 14:05:45,21,20.000,30.459,28.670,986.138,228.208,42.047,1500.000,0.150,1.641,1379.000,1.667,1357.490,0.000,0.000,0.000,0.000,0.128,80.000,0.097,106.083,0.000,0.000,0.000,0.000
423959,2026-05-26 14:06:05,22,20.000,30.566,28.730,986.112,228.433,41.704,1500.000,0.150,1.595,1167.000,1.411,1319.392,0.003,0.000,0.000,0.000,0.136,137.000,0.166,112.267,0.000,0.000,0.000,0.000
7305,NO_TIME,1,20.000,30.566,28.840,986.117,228.386,43.063,1600.000,0.160,1.515,1253.000,1.515,1253.000,0.008,0.000,0.000,0.000,0.577,477.000,0.577,477.000,0.000,0.000,0.000,0.000
27367,2026-05-26 14:06:49,2,20.000,30.566,28.850,986.131,228.274,41.865,1500.000,0.150,1.551,1402.000,1.695,1282.800,0.000,0.000,0.000,0.000,0.481,82.000,0.099,398.000,0.000,0.000,0.000,0.000
47433,2026-05-26 14:07:09,3,20.000,30.566,28.820,986.111,228.441,42.119,1500.000,0.150,1.525,1175.000,1.420,1261.240,0.000,0.000,0.000,0.000,0.419,141.000,0.170,346.600,0.000,0.000,0.000,0.000
67499,2026-05-26 14:07:29,4,20.000,30.566,28.790,986.124,228.331,42.489,1500.000,0.150,1.520,1243.000,1.503,1257.592,0.000,0.000,0.000,0.000,0.354,76.000,0.092,292.480,0.000,0.000,0.000,0.000
87648,2026-05-26 14:07:49,5,20.000,30.566,28.680,986.104,228.498,42.757,1500.000,0.150,1.508,1206.000,1.458,1247.274,0.003,0.000,0.000,0.000,0.312,120.000,0.145,257.984,0.000,0.000,0.000,0.000
107714,2026-05-26 14:08:09,6,20.000,30.674,28.730,986.063,228.846,42.890,1500.000,0.150,1.492,1182.000,1.429,1234.219,0.003,0.000,0.000,0.000,0.280,126.000,0.152,231.587,0.000,0.000,0.000,0.000
127780,2026-05-26 14:08:30,7,20.000,30.674,28.750,986.078,228.718,43.043,1600.000,0.160,1.531,1394.000,1.685,1266.175,0.000,0.000,0.000,0.000,0.241,70.000,0.085,199.270,0.000,0.000,0.000,0.000
147846,2026-05-26 14:08:50,8,20.000,30.674,28.780,986.074,228.759,43.022,1500.000,0.150,1.535,1286.000,1.555,1270.140,0.000,0.000,0.000,0.000,0.215,93.000,0.112,178.016,0.000,0.000,0.000,0.000
167912,2026-05-26 14:09:10,9,20.000,30.674,28.740,986.064,228.845,42.833,1500.000,0.150,1.517,1196.000,1.446,1255.312,0.000,0.000,0.000,0.000,0.207,145.000,0.175,171.413,0.000,0.000,0.000,0.000
187978,2026-05-26 14:09:30,10,20.000,30.782,28.720,986.075,228.748,42.656,1500.000,0.150,1.504,1200.000,1.451,1244.250,0.003,0.000,0.000,0.000,0.195,119.000,0.144,160.930,0.000,0.000,0.000,0.000
208044,2026-05-26 14:09:50,11,20.000,30.782,28.670,986.085,228.659,42.523,1500.000,0.150,1.520,1309.000,1.582,1257.200,0.000,0.000,0.000,0.000,0.188,132.000,0.160,155.144,0.000,0.000,0.000,0.000
228203,2026-05-26 14:10:10,12,20.000,30.674,28.610,986.097,228.559,42.983,1500.000,0.150,1.528,1292.000,1.562,1264.160,0.000,0.000,0.000,0.000,0.180,125.000,0.151,149.115,0.000,0.000,0.000,0.000
248269,2026-05-26 14:10:30,13,20.000,30.674,28.530,986.141,228.184,43.208,1500.000,0.150,1.495,1128.000,1.364,1236.928,0.000,0.000,0.000,0.000,0.173,120.000,0.145,143.292,0.000,0.000,0.000,0.000
2411,2026-05-26 14:10:46,1,20.000,30.674,28.470,986.119,228.369,43.121,1500.000,0.150,1.429,1182.000,1.429,1182.000,0.000,0.000,0.000,0.000,0.145,120.000,0.145,120.000,0.000,0.000,0.000,0.000
22531,2026-05-26 14:11:06,2,20.000,30.674,28.470,986.094,228.588,43.109,1500.000,0.150,1.442,1236.000,1.494,1192.800,0.000,0.000,0.000,0.000,0.136,83.000,0.100,112.600,0.000,0.000,0.000,0.000
42597,2026-05-26 14:11:26,3,20.000,30.782,28.470,986.154,228.078,43.481,1500.000,0.150,1.468,1299.000,1.570,1214.040,0.000,0.000,0.000,0.000,0.128,77.000,0.093,105.480,0.000,0.000,0.000,0.000
62746,2026-05-26 14:11:46,4,20.000,30.782,28.440,986.127,228.308,43.769,1500.000,0.150,1.486,1292.000,1.562,1229.632,0.000,0.000,0.000,0.000,0.130,115.000,0.139,107.384,0.000,0.000,0.000,0.000
82812,2026-05-26 14:12:07,5,20.000,30.782,28.400,986.128,228.295,43.857,1500.000,0.150,1.527,1397.000,1.689,1263.106,0.000,0.000,0.000,0.000,0.124,84.000,0.102,102.707,0.000,0.000,0.000,0.000
102878,2026-05-26 14:12:27,6,20.000,30.782,28.390,986.135,228.234,43.741,1500.000,0.150,1.543,1332.000,1.610,1276.885,0.000,0.000,0.000,0.000,0.121,89.000,0.108,99.966,0.000,0.000,0.000,0.000
122944,2026-05-26 14:12:47,7,20.000,30.782,28.390,986.147,228.136,43.812,1400.000,0.140,1.512,1147.000,1.386,1250.908,0.000,0.000,0.000,0.000,0.124,111.000,0.134,102.173,0.000,0.000,0.000,0.000
143010,2026-05-26 14:13:07,8,20.000,30.782,28.390,986.113,228.423,43.775,1500.000,0.150,1.505,1223.000,1.478,1245.326,0.000,0.000,0.000,0.000,0.116,73.000,0.088,96.338,0.000,0.000,0.000,0.000
163076,2026-05-26 14:13:27,9,20.000,30.782,28.400,986.122,228.343,43.823,1500.000,0.150,1.503,1235.000,1.493,1243.261,0.000,0.000,0.000,0.000,0.111,75.000,0.091,92.070,0.000,0.000,0.000,0.000
183142,2026-05-26 14:13:47,10,20.000,30.890,28.400,986.107,228.471,43.579,1500.000,0.150,1.539,1392.000,1.683,1273.009,0.000,0.000,0.000,0.000,0.108,77.000,0.093,89.056,0.000,0.000,0.000,0.000
203293,2026-05-26 14:14:07,11,20.000,30.782,28.390,986.070,228.792,43.347,1500.000,0.150,1.514,1169.000,1.413,1252.207,0.000,0.000,0.000,0.000,0.117,129.000,0.156,97.045,0.000,0.000,0.000,0.000
223359,2026-05-26 14:14:27,12,20.000,30.782,28.410,986.047,228.985,43.709,1500.000,0.150,1.494,1170.000,1.414,1235.766,0.000,0.000,0.000,0.000,0.128,140.000,0.169,105.636,0.000,0.000,0.000,0.000
243425,2026-05-26 14:14:47,13,20.000,30.890,28.560,986.015,229.255,43.281,1500.000,0.150,1.488,1213.000,1.466,1231.213,0.000,0.000,0.000,0.000,0.123,85.000,0.103,101.509,0.000,0.000,0.000,0.000
263491,2026-05-26 14:15:07,14,20.000,30.890,28.650,986.011,229.295,42.986,1600.000,0.160,1.492,1247.000,1.507,1234.370,0.000,0.000,0.000,0.000,0.115,71.000,0.086,95.407,0.000,0.000,0.000,0.000
283557,2026-05-26 14:15:27,15,20.000,30.890,28.720,985.993,229.445,42.772,1500.000,0.150,1.530,1393.000,1.684,1266.096,0.000,0.000,0.000,0.000,0.110,74.000,0.089,91.126,0.000,0.000,0.000,0.000
303623,2026-05-26 14:15:47,16,20.000,30.890,28.790,985.996,229.419,42.361,1500.000,0.150,1.513,1195.000,1.445,1251.877,0.000,0.000,0.000,0.000,0.114,108.000,0.131,94.501,0.000,0.000,0.000,0.000
323689,2026-05-26 14:16:07,17,20.000,30.890,28.860,985.987,229.495,42.774,1500.000,0.150,1.544,1379.000,1.667,1277.302,0.018,0.000,0.000,0.000,0.118,112.000,0.135,98.000,0.000,0.000,0.000,0.000
343842,2026-05-26 14:16:28,18,20.000,30.890,28.980,985.951,229.805,42.622,1900.000,0.190,1.535,1241.000,1.500,1270.041,0.000,0.000,0.000,0.000,0.122,111.000,0.134,100.600,0.000,0.000,0.000,0.000
363908,2026-05-26 14:16:48,19,20.000,30.890,28.960,985.959,229.736,41.830,1600.000,0.160,1.525,1228.000,1.484,1261.633,0.003,0.000,0.000,0.000,0.119,91.000,0.110,98.680,0.000,0.000,0.000,0.000
383974,2026-05-26 14:17:08,20,20.000,30.890,28.990,985.963,229.699,41.891,1500.000,0.150,1.524,1259.000,1.522,1261.106,0.003,0.000,0.000,0.000,0.113,73.000,0.088,93.544,0.000,0.000,0.000,0.000
404040,2026-05-26 14:17:28,21,20.000,30.998,29.020,985.955,229.768,41.626,1500.000,0.150,1.537,1314.000,1.588,1271.685,0.003,0.000,0.000,0.000,0.124,139.000,0.168,102.635,0.000,0.000,0.000,0.000
424106,2026-05-26 14:17:48,22,20.000,30.998,29.060,985.941,229.889,43.062,1500.000,0.150,1.518,1194.000,1.443,1256.148,0.000,0.000,0.000,0.000,0.132,136.000,0.164,109.308,0.000,0.000,0.000,0.000
444172,2026-05-26 14:18:08,23,20.000,30.998,29.060,985.909,230.163,41.874,1500.000,0.150,1.547,1375.000,1.662,1279.919,0.003,0.000,0.000,0.000,0.128,94.000,0.114,106.247,0.000,0.000,0.000,0.000
464238,2026-05-26 14:18:28,24,20.000,30.998,29.020,985.919,230.077,41.835,1500.000,0.150,1.526,1193.000,1.442,1262.535,0.000,0.000,0.000,0.000,0.121,77.000,0.093,100.397,0.000,0.000,0.000,0.000
484389,2026-05-26 14:18:48,25,20.000,31.107,29.120,985.932,229.967,42.088,1600.000,0.160,1.516,1222.000,1.477,1254.428,0.000,0.000,0.000,0.000,0.115,74.000,0.089,95.118,0.000,0.000,0.000,0.000
504455,2026-05-26 14:19:08,26,20.000,30.998,29.160,985.923,230.043,42.803,1600.000,0.160,1.554,1412.000,1.707,1285.942,0.005,0.000,0.000,0.000,0.111,78.000,0.094,91.694,0.000,0.000,0.000,0.000
524521,2026-05-26 14:19:28,27,20.000,30.998,29.120,985.924,229.967,41.832,1700.000,0.170,1.518,1135.000,1.372,1255.754,0.000,0.000,0.000,0.000,0.120,131.000,0.158,99.555,0.000,0.000,0.000,0.000
544587,2026-05-26 14:19:48,28,20.000,30.998,29.160,985.910,230.155,42.256,1600.000,0.160,1.512,1233.000,1.490,1251.203,0.005,0.000,0.000,0.000,0.116,81.000,0.098,95.844,0.000,0.000,0.000,0.000
564653,2026-05-26 14:20:08,29,20.000,31.107,29.150,985.896,230.268,41.661,1600.000,0.160,1.488,1151.000,1.391,1231.162,0.003,0.000,0.000,0.000,0.127,140.000,0.169,104.675,0.000,0.000,0.000,0.000
584719,2026-05-26 14:20:28,30,20.000,31.107,29.120,985.873,230.469,42.252,1500.000,0.150,1.492,1247.000,1.507,1234.330,0.003,0.000,0.000,0.000,0.118,71.000,0.086,97.940,0.000,0.000,0.000,0.000
604785,2026-05-26 14:20:49,31,20.000,30.998,29.170,985.877,230.430,42.128,1600.000,0.160,1.515,1331.000,1.609,1253.664,0.000,0.000,0.000,0.000,0.119,99.000,0.120,98.152,0.000,0.000,0.000,0.000
624934,2026-05-26 14:21:09,32,20.000,31.107,29.140,985.903,230.214,42.009,1600.000,0.160,1.498,1183.000,1.430,1239.531,0.000,0.000,0.000,0.000,0.126,128.000,0.155,104.122,0.000,0.000,0.000,0.000
645000,2026-05-26 14:21:29,33,20.000,30.998,29.170,985.884,230.377,42.187,1500.000,0.150,1.492,1215.000,1.469,1234.625,0.058,0.000,0.000,0.000,0.122,89.000,0.108,101.097,0.000,0.000,0.000,0.000
665066,2026-05-26 14:21:49,34,20.000,30.998,29.160,985.888,230.338,41.907,1800.000,0.180,1.485,1203.000,1.454,1228.300,0.015,0.000,0.000,0.000,0.120,94.000,0.114,99.678,0.000,0.000,0.000,0.000
685132,2026-05-26 14:22:09,35,20.000,31.107,29.170,985.862,230.560,42.920,1700.000,0.170,1.483,1219.000,1.474,1226.440,0.000,0.000,0.000,0.000,0.127,127.000,0.154,105.142,0.000,0.000,0.000,0.000
705198,2026-05-26 14:22:29,36,20.000,31.107,29.180,985.802,231.073,42.024,1700.000,0.170,1.513,1352.000,1.634,1251.552,0.005,0.000,0.000,0.000,0.119,72.000,0.087,98.514,0.000,0.000,0.000,0.000
725264,2026-05-26 14:22:49,37,20.000,31.107,29.200,985.756,231.464,41.665,1700.000,0.170,1.531,1328.000,1.605,1266.842,0.000,0.000,0.000,0.000,0.127,131.000,0.158,105.011,0.000,0.000,0.000,0.000
745330,2026-05-26 14:23:09,38,20.000,31.107,29.190,985.891,230.312,41.489,1600.000,0.160,1.493,1110.000,1.342,1235.473,0.003,0.000,0.000,0.000,0.131,121.000,0.146,108.209,0.000,0.000,0.000,0.000
765479,2026-05-26 14:23:29,39,20.100,31.107,29.220,985.886,230.356,41.236,1500.000,0.150,1.494,1238.000,1.496,1235.979,0.003,0.000,0.000,0.000,0.122,71.000,0.086,100.767,0.000,0.000,0.000,0.000
785545,2026-05-26 14:23:49,40,20.000,31.107,29.210,985.899,230.241,41.014,1500.000,0.150,1.488,1211.000,1.464,1230.983,0.003,0.000,0.000,0.000,0.121,99.000,0.120,100.414,0.000,0.000,0.000,0.000
805611,2026-05-26 14:24:09,41,20.100,31.107,29.100,985.893,230.293,41.447,1500.000,0.150,1.467,1145.000,1.384,1213.786,0.000,0.000,0.000,0.000,0.129,131.000,0.158,106.531,0.000,0.000,0.000,0.000
825677,2026-05-26 14:24:29,42,20.000,30.998,28.970,985.882,230.387,41.830,1500.000,0.150,1.452,1149.000,1.389,1200.829,0.000,0.000,0.000,0.000,0.130,112.000,0.135,107.625,0.000,0.000,0.000,0.000
845743,2026-05-26 14:24:49,43,20.100,30.998,28.870,985.911,230.144,42.042,1400.000,0.140,1.447,1184.000,1.431,1197.463,0.000,0.000,0.000,0.000,0.122,73.000,0.088,100.700,0.000,0.000,0.000,0.000
865809,2026-05-26 14:25:10,44,20.100,30.998,28.790,985.885,230.365,42.035,1400.000,0.140,1.467,1280.000,1.547,1213.971,0.000,0.000,0.000,0.000,0.124,111.000,0.134,102.760,0.000,0.000,0.000,0.000
885875,2026-05-26 14:25:30,45,20.100,30.998,28.730,985.871,230.486,42.844,1500.000,0.150,1.488,1297.000,1.568,1230.577,0.003,0.000,0.000,0.000,0.116,68.000,0.082,95.808,0.000,0.000,0.000,0.000
906024,2026-05-26 14:25:50,46,20.100,30.998,28.670,985.853,230.636,42.849,1400.000,0.140,1.478,1193.000,1.442,1223.061,0.000,0.000,0.000,0.000,0.119,111.000,0.134,98.846,0.000,0.000,0.000,0.000
926090,2026-05-26 14:26:10,47,20.100,30.998,28.620,985.817,230.911,42.798,1400.000,0.140,1.492,1279.000,1.546,1234.249,0.000,0.000,0.000,0.000,0.124,119.000,0.144,102.877,0.000,0.000,0.000,0.000
946156,2026-05-26 14:26:30,48,20.100,30.998,28.590,985.826,230.868,42.680,1500.000,0.150,1.497,1254.000,1.516,1238.199,0.000,0.000,0.000,0.000,0.117,73.000,0.088,96.902,0.000,0.000,0.000,0.000
966222,2026-05-26 14:26:50,49,20.100,30.890,28.580,985.847,230.904,43.015,1400.000,0.140,1.464,1104.000,1.335,1211.359,0.000,0.000,0.000,0.000,0.124,126.000,0.152,102.721,0.000,0.000,0.000,0.000
986288,2026-05-26 14:27:10,50,20.100,30.890,28.560,985.827,230.861,43.258,1500.000,0.150,1.496,1341.000,1.621,1237.287,0.000,0.000,0.000,0.000,0.118,77.000,0.093,97.577,0.000,0.000,0.000,0.000
1006354,2026-05-26 14:27:30,51,20.100,30.890,28.580,985.819,231.068,42.526,1400.000,0.140,1.465,1109.000,1.341,1211.630,0.000,0.000,0.000,0.000,0.121,111.000,0.134,100.262,0.000,0.000,0.000,0.000
1026420,2026-05-26 14:27:50,52,20.100,30.890,28.560,985.818,230.932,43.315,1400.000,0.140,1.447,1140.000,1.378,1197.304,0.003,0.000,0.000,0.000,0.121,101.000,0.122,100.409,0.000,0.000,0.000,0.000
1046575,2026-05-26 14:28:10,53,20.100,30.890,28.550,985.826,230.685,43.187,1500.000,0.150,1.471,1297.000,1.568,1217.243,0.000,0.000,0.000,0.000,0.126,118.000,0.143,103.927,0.000,0.000,0.000,0.000
1066641,2026-05-26 14:28:30,54,20.100,30.998,28.520,985.808,231.023,42.533,1500.000,0.150,1.503,1348.000,1.629,1243.395,0.000,0.000,0.000,0.000,0.122,88.000,0.106,100.742,0.000,0.000,0.000,0.000
1086707,2026-05-26 14:28:50,55,20.100,30.998,28.530,985.816,230.956,42.452,1500.000,0.150,1.478,1142.000,1.380,1223.116,0.008,0.000,0.000,0.000,0.126,120.000,0.145,104.594,0.000,0.000,0.000,0.000
1106773,2026-05-26 14:29:10,56,20.100,30.998,28.630,985.795,231.134,42.531,1500.000,0.150,1.470,1187.000,1.435,1215.893,0.003,0.000,0.000,0.000,0.121,83.000,0.100,100.275,0.000,0.000,0.000,0.000
1126839,2026-05-26 14:29:31,57,20.000,31.107,28.710,985.807,231.025,41.993,1500.000,0.150,1.494,1316.000,1.591,1235.914,0.000,0.000,0.000,0.000,0.113,68.000,0.082,93.820,0.000,0.000,0.000,0.000
1146905,2026-05-26 14:29:51,58,20.000,30.998,28.730,985.763,231.405,42.438,1500.000,0.150,1.513,1313.000,1.587,1251.331,0.000,0.000,0.000,0.000,0.112,87.000,0.105,92.456,0.000,0.000,0.000,0.000
1166971,2026-05-26 14:30:11,59,20.000,30.998,28.680,985.766,231.376,42.815,1500.000,0.150,1.475,1095.000,1.324,1220.065,0.008,0.000,0.000,0.000,0.117,115.000,0.139,96.965,0.000,0.000,0.000,0.000
1187124,2026-05-26 14:30:31,60,20.100,30.998,28.630,985.791,231.168,43.089,1500.000,0.150,1.447,1103.000,1.333,1196.652,0.000,0.000,0.000,0.000,0.119,106.000,0.128,98.772,0.000,0.000,0.000,0.000
1207190,2026-05-26 14:30:51,61,20.000,31.107,28.570,985.770,231.151,43.049,1500.000,0.150,1.449,1205.000,1.457,1198.322,0.000,0.000,0.000,0.000,0.126,128.000,0.155,104.617,0.000,0.000,0.000,0.000
1227256,2026-05-26 14:31:11,62,20.100,31.107,28.560,985.766,231.376,42.745,1500.000,0.150,1.444,1181.000,1.428,1194.857,0.000,0.000,0.000,0.000,0.120,77.000,0.093,99.094,0.000,0.000,0.000,0.000
1247322,2026-05-26 14:31:31,63,20.000,31.107,28.600,985.720,231.772,42.936,1500.000,0.150,1.419,1092.000,1.320,1174.286,0.000,0.000,0.000,0.000,0.125,119.000,0.144,103.075,0.000,0.000,0.000,0.000
1267388,2026-05-26 14:31:51,64,20.100,31.107,28.660,985.760,231.548,42.383,1500.000,0.150,1.428,1208.000,1.460,1181.029,0.000,0.000,0.000,0.000,0.117,73.000,0.088,97.060,0.000,0.000,0.000,0.000
1287454,2026-05-26 14:32:11,65,20.000,30.998,28.710,985.711,231.543,42.411,1500.000,0.150,1.455,1293.000,1.563,1203.423,0.003,0.000,0.000,0.000,0.121,111.000,0.134,99.848,0.000,0.000,0.000,0.000
1307520,2026-05-26 14:32:31,66,20.100,30.998,28.760,985.718,231.785,42.253,1500.000,0.150,1.436,1127.000,1.362,1188.138,0.000,0.000,0.000,0.000,0.125,117.000,0.141,103.278,0.000,0.000,0.000,0.000
1327669,2026-05-26 14:32:51,67,20.000,30.998,28.750,985.729,231.690,42.160,1500.000,0.150,1.451,1250.000,1.511,1200.511,0.005,0.000,0.000,0.000,0.128,115.000,0.139,105.623,0.000,0.000,0.000,0.000
1347735,2026-05-26 14:33:11,68,20.000,30.998,28.810,985.725,231.730,41.851,1500.000,0.150,1.470,1279.000,1.546,1216.209,0.000,0.000,0.000,0.000,0.122,83.000,0.100,101.098,0.000,0.000,0.000,0.000
1367801,2026-05-26 14:33:32,69,20.100,31.107,28.800,985.734,231.650,41.989,1500.000,0.150,1.477,1243.000,1.503,1221.567,0.003,0.000,0.000,0.000,0.116,76.000,0.092,96.079,0.000,0.000,0.000,0.000
1387867,2026-05-26 14:33:52,70,20.100,31.107,28.830,985.726,231.720,42.155,1500.000,0.150,1.476,1219.000,1.474,1221.054,0.003,0.000,0.000,0.000,0.111,73.000,0.088,91.463,0.000,0.000,0.000,0.000
1407933,2026-05-26 14:34:12,71,20.100,31.107,28.810,985.726,231.715,42.211,1400.000,0.140,1.499,1318.000,1.593,1240.443,0.000,0.000,0.000,0.000,0.104,65.000,0.079,86.170,0.000,0.000,0.000,0.000
1427999,2026-05-26 14:34:32,72,20.000,30.998,28.760,985.736,231.637,42.241,1500.000,0.150,1.524,1344.000,1.625,1261.154,0.000,0.000,0.000,0.000,0.103,80.000,0.097,84.936,0.000,0.000,0.000,0.000
1448065,2026-05-26 14:34:52,73,20.000,31.107,28.750,985.698,231.958,42.137,1500.000,0.150,1.517,1231.000,1.488,1255.123,0.000,0.000,0.000,0.000,0.107,102.000,0.123,88.349,0.000,0.000,0.000,0.000
1468214,2026-05-26 14:35:12,74,20.000,31.107,28.810,985.699,231.945,42.153,1500.000,0.150,1.480,1103.000,1.333,1224.699,0.005,0.000,0.000,0.000,0.117,132.000,0.160,97.079,0.000,0.000,0.000,0.000
1488280,2026-05-26 14:35:32,75,20.100,31.107,28.810,985.721,231.759,42.037,1500.000,0.150,1.476,1205.000,1.457,1220.759,0.003,0.000,0.000,0.000,0.111,70.000,0.085,91.663,0.000,0.000,0.000,0.000
1508346,2026-05-26 14:35:52,76,20.000,31.107,28.780,985.731,231.678,41.941,1600.000,0.160,1.496,1303.000,1.575,1237.207,0.000,0.000,0.000,0.000,0.107,76.000,0.092,88.531,0.000,0.000,0.000,0.000
1528412,2026-05-26 14:36:12,77,20.000,31.107,28.710,985.758,231.450,42.180,1700.000,0.170,1.460,1090.000,1.318,1207.766,0.000,0.000,0.000,0.000,0.111,107.000,0.129,92.225,0.000,0.000,0.000,0.000
1548478,2026-05-26 14:36:32,78,20.100,31.107,28.680,985.778,231.272,42.293,1500.000,0.150,1.460,1207.000,1.459,1207.613,0.005,0.000,0.000,0.000,0.120,127.000,0.154,99.180,0.000,0.000,0.000,0.000
1568544,2026-05-26 14:36:52,79,20.000,31.107,28.740,985.718,231.785,42.472,1500.000,0.150,1.441,1132.000,1.368,1192.490,0.000,0.000,0.000,0.000,0.122,108.000,0.131,100.944,0.000,0.000,0.000,0.000
1588610,2026-05-26 14:37:12,80,20.000,31.215,28.790,985.757,231.457,42.291,1500.000,0.150,1.437,1176.000,1.422,1189.192,0.000,0.000,0.000,0.000,0.121,98.000,0.118,100.355,0.000,0.000,0.000,0.000
1608761,2026-05-26 14:37:32,81,20.000,31.215,28.890,985.722,231.752,42.114,1500.000,0.150,1.458,1272.000,1.538,1205.754,0.000,0.000,0.000,0.000,0.120,97.000,0.117,99.684,0.000,0.000,0.000,0.000
1628827,2026-05-26 14:37:53,82,20.000,31.215,28.970,985.709,231.866,41.727,1500.000,0.150,1.467,1247.000,1.507,1214.003,0.003,0.000,0.000,0.000,0.126,123.000,0.149,104.347,0.000,0.000,0.000,0.000
1648893,2026-05-26 14:38:13,83,20.000,31.215,29.050,985.735,231.640,41.454,1500.000,0.150,1.458,1176.000,1.422,1206.402,0.010,0.000,0.000,0.000,0.131,126.000,0.152,108.678,0.000,0.000,0.000,0.000
1668959,2026-05-26 14:38:33,84,20.000,31.215,29.120,985.718,231.791,41.529,1800.000,0.180,1.475,1277.000,1.544,1220.522,0.000,0.000,0.000,0.000,0.127,92.000,0.111,105.342,0.000,0.000,0.000,0.000
1689025,2026-05-26 14:38:53,85,20.000,31.215,29.130,985.664,232.247,41.601,1600.000,0.160,1.504,1337.000,1.616,1243.818,0.005,0.000,0.000,0.000,0.121,80.000,0.097,100.274,0.000,0.000,0.000,0.000
1709091,2026-05-26 14:39:13,86,20.000,31.215,29.160,985.705,231.897,41.836,1500.000,0.150,1.492,1198.000,1.448,1234.654,0.008,0.000,0.000,0.000,0.127,125.000,0.151,105.219,0.000,0.000,0.000,0.000
1729157,2026-05-26 14:39:33,87,20.100,31.215,29.110,985.722,231.755,42.193,1500.000,0.150,1.513,1321.000,1.597,1251.923,0.000,0.000,0.000,0.000,0.119,70.000,0.085,98.175,0.000,0.000,0.000,0.000
1749306,2026-05-26 14:39:53,88,20.100,31.215,29.100,985.719,231.775,42.261,1500.000,0.150,1.525,1299.000,1.570,1261.339,0.005,0.000,0.000,0.000,0.123,117.000,0.141,101.940,0.000,0.000,0.000,0.000
1769372,2026-05-26 14:40:13,89,20.100,31.215,29.060,985.727,231.709,41.385,1500.000,0.150,1.508,1194.000,1.443,1247.871,0.008,0.000,0.000,0.000,0.117,75.000,0.091,96.552,0.000,0.000,0.000,0.000
1789438,2026-05-26 14:40:33,90,20.100,31.107,28.970,985.711,231.845,42.249,1500.000,0.150,1.513,1268.000,1.533,1251.897,0.000,0.000,0.000,0.000,0.117,98.000,0.118,96.842,0.000,0.000,0.000,0.000
1809504,2026-05-26 14:40:53,91,20.100,31.107,28.900,985.731,231.679,42.034,1500.000,0.150,1.487,1143.000,1.382,1230.118,0.000,0.000,0.000,0.000,0.118,100.000,0.121,97.473,0.000,0.000,0.000,0.000
1829570,2026-05-26 14:41:13,92,20.100,31.107,28.820,985.710,231.858,42.457,1500.000,0.150,1.457,1107.000,1.338,1205.494,0.000,0.000,0.000,0.000,0.125,129.000,0.156,103.779,0.000,0.000,0.000,0.000
1849636,2026-05-26 14:41:33,93,20.100,31.107,28.780,985.714,231.817,42.440,1500.000,0.150,1.490,1342.000,1.622,1232.795,0.000,0.000,0.000,0.000,0.119,76.000,0.092,98.223,0.000,0.000,0.000,0.000
1869702,2026-05-26 14:41:54,94,20.100,31.107,28.750,985.701,231.932,42.671,1500.000,0.150,1.474,1164.000,1.407,1219.036,0.000,0.000,0.000,0.000,0.117,89.000,0.108,96.378,0.000,0.000,0.000,0.000
1889855,2026-05-26 14:42:14,95,20.100,31.107,28.710,985.686,232.058,42.782,1400.000,0.140,1.443,1091.000,1.319,1193.429,0.005,0.000,0.000,0.000,0.123,125.000,0.151,102.103,0.000,0.000,0.000,0.000
1909921,2026-05-26 14:42:34,96,20.100,31.107,28.670,985.727,231.713,42.687,1400.000,0.140,1.426,1123.000,1.357,1179.343,0.000,0.000,0.000,0.000,0.128,122.000,0.147,106.082,0.000,0.000,0.000,0.000
1929987,2026-05-26 14:42:54,97,20.100,31.107,28.660,985.721,231.757,42.883,1400.000,0.140,1.422,1163.000,1.406,1176.075,0.000,0.000,0.000,0.000,0.133,125.000,0.151,109.866,0.000,0.000,0.000,0.000
1950053,2026-05-26 14:43:14,98,20.100,31.107,28.640,985.708,231.870,43.033,1500.000,0.150,1.397,1075.000,1.299,1155.860,0.000,0.000,0.000,0.000,0.136,122.000,0.147,112.293,0.000,0.000,0.000,0.000
1970119,2026-05-26 14:43:34,99,20.100,31.107,28.620,985.664,232.246,42.961,1500.000,0.150,1.393,1137.000,1.374,1152.088,0.003,0.000,0.000,0.000,0.135,108.000,0.131,111.434,0.000,0.000,0.000,0.000
1990185,2026-05-26 14:43:54,100,20.100,30.998,28.610,985.701,231.928,42.994,1500.000,0.150,1.419,1261.000,1.524,1173.870,0.000,0.000,0.000,0.000,0.138,126.000,0.152,114.347,0.000,0.000,0.000,0.000
2010251,2026-05-26 14:44:14,101,20.100,31.107,28.600,985.701,231.929,43.156,1500.000,0.150,1.423,1192.000,1.441,1177.496,0.000,0.000,0.000,0.000,0.128,70.000,0.085,105.478,0.000,0.000,0.000,0.000
2030406,2026-05-26 14:44:34,102,20.100,31.107,28.600,985.708,231.876,43.099,1500.000,0.150,1.441,1251.000,1.512,1192.197,0.000,0.000,0.000,0.000,0.129,110.000,0.133,106.382,0.000,0.000,0.000,0.000
2050472,2026-05-26 14:44:54,103,20.100,30.998,28.600,985.681,232.103,43.145,1500.000,0.150,1.427,1135.000,1.372,1180.758,0.000,0.000,0.000,0.000,0.132,122.000,0.147,109.506,0.000,0.000,0.000,0.000
2070538,2026-05-26 14:45:14,104,20.100,31.107,28.600,985.657,232.302,43.283,1400.000,0.140,1.467,1345.000,1.626,1213.606,0.000,0.000,0.000,0.000,0.125,80.000,0.097,103.605,0.000,0.000,0.000,0.000
2090604,2026-05-26 14:45:34,105,20.100,30.998,28.610,985.684,232.075,43.425,1500.000,0.150,1.468,1216.000,1.470,1214.085,0.000,0.000,0.000,0.000,0.130,122.000,0.147,107.284,0.000,0.000,0.000,0.000
2110670,2026-05-26 14:45:54,106,20.100,30.998,28.610,985.675,232.151,43.390,1500.000,0.150,1.448,1134.000,1.371,1198.068,0.000,0.000,0.000,0.000,0.128,100.000,0.121,105.827,0.000,0.000,0.000,0.000
2130736,2026-05-26 14:46:14,107,20.100,30.998,28.620,985.659,232.287,43.252,1500.000,0.150,1.470,1289.000,1.558,1216.254,0.000,0.000,0.000,0.000,0.120,73.000,0.088,99.262,0.000,0.000,0.000,0.000
2150802,2026-05-26 14:46:35,108,20.100,30.998,28.620,985.667,232.219,43.298,1400.000,0.140,1.489,1295.000,1.565,1232.004,0.003,0.000,0.000,0.000,0.116,81.000,0.098,95.609,0.000,0.000,0.000,0.000
2170959,2026-05-26 14:46:55,109,20.100,30.998,28.620,985.699,231.947,43.124,1500.000,0.150,1.464,1129.000,1.365,1211.403,0.003,0.000,0.000,0.000,0.122,123.000,0.149,101.087,0.000,0.000,0.000,0.000
2191025,2026-05-26 14:47:15,110,20.100,30.998,28.630,985.675,232.156,43.113,1500.000,0.150,1.480,1278.000,1.545,1224.722,0.003,0.000,0.000,0.000,0.117,81.000,0.098,97.070,0.000,0.000,0.000,0.000
2211091,2026-05-26 14:47:35,111,20.100,30.998,28.630,985.657,232.305,43.055,1400.000,0.140,1.470,1183.000,1.430,1216.378,0.000,0.000,0.000,0.000,0.119,104.000,0.126,98.456,0.000,0.000,0.000,0.000
2231157,2026-05-26 14:47:55,112,20.100,30.998,28.620,985.651,232.357,42.764,1500.000,0.150,1.455,1151.000,1.391,1203.302,0.000,0.000,0.000,0.000,0.118,94.000,0.114,97.565,0.000,0.000,0.000,0.000
2251223,2026-05-26 14:48:15,113,20.100,30.998,28.630,985.674,232.162,42.974,1500.000,0.150,1.436,1127.000,1.362,1188.042,0.008,0.000,0.000,0.000,0.118,98.000,0.118,97.652,0.000,0.000,0.000,0.000
2271289,2026-05-26 14:48:35,114,20.100,30.998,28.630,985.687,232.048,42.868,1500.000,0.150,1.427,1152.000,1.393,1180.833,0.000,0.000,0.000,0.000,0.118,99.000,0.120,97.921,0.000,0.000,0.000,0.000
2291355,2026-05-26 14:48:55,115,20.100,30.998,28.630,985.635,232.494,42.984,1400.000,0.140,1.443,1245.000,1.505,1193.667,0.000,0.000,0.000,0.000,0.123,117.000,0.141,101.737,0.000,0.000,0.000,0.000
2311508,2026-05-26 14:49:15,116,20.100,30.998,28.620,985.638,232.469,42.961,1400.000,0.140,1.454,1239.000,1.498,1202.733,0.000,0.000,0.000,0.000,0.128,121.000,0.146,105.590,0.000,0.000,0.000,0.000
2331574,2026-05-26 14:49:35,117,20.100,30.998,28.620,985.644,232.414,43.019,1400.000,0.140,1.435,1124.000,1.359,1186.987,0.000,0.000,0.000,0.000,0.131,120.000,0.145,108.472,0.000,0.000,0.000,0.000
2351640,2026-05-26 14:49:55,118,20.100,30.998,28.640,985.642,232.436,42.882,1400.000,0.140,1.437,1195.000,1.445,1188.589,0.000,0.000,0.000,0.000,0.133,118.000,0.143,110.377,0.000,0.000,0.000,0.000
2371706,2026-05-26 14:50:15,119,20.100,30.998,28.640,985.656,232.310,43.067,1400.000,0.140,1.450,1245.000,1.505,1199.872,0.003,0.000,0.000,0.000,0.137,125.000,0.151,113.302,0.000,0.000,0.000,0.000
2391772,2026-05-26 14:50:35,120,20.100,30.998,28.630,985.663,232.256,42.975,1400.000,0.140,1.476,1307.000,1.580,1221.297,0.000,0.000,0.000,0.000,0.127,73.000,0.088,105.242,0.000,0.000,0.000,0.000
2411838,2026-05-26 14:50:56,121,20.100,30.998,28.640,985.648,232.386,43.044,1500.000,0.150,1.483,1249.000,1.510,1226.838,0.003,0.000,0.000,0.000,0.125,97.000,0.117,103.593,0.000,0.000,0.000,0.000
2431904,2026-05-26 14:51:16,122,20.100,30.998,28.640,985.623,232.595,43.056,1500.000,0.150,1.468,1164.000,1.407,1214.270,0.000,0.000,0.000,0.000,0.119,76.000,0.092,98.075,0.000,0.000,0.000,0.000
2452059,2026-05-26 14:51:36,123,20.100,30.890,28.630,985.614,232.669,42.974,1400.000,0.140,1.471,1227.000,1.483,1216.816,0.000,0.000,0.000,0.000,0.126,129.000,0.156,104.260,0.000,0.000,0.000,0.000
2472125,2026-05-26 14:51:56,124,20.100,30.998,28.620,985.637,232.473,42.821,1400.000,0.140,1.447,1119.000,1.353,1197.253,0.000,0.000,0.000,0.000,0.124,95.000,0.115,102.408,0.000,0.000,0.000,0.000
2492192,2026-05-26 14:52:16,125,20.100,30.998,28.620,985.624,232.585,43.414,1400.000,0.140,1.475,1311.000,1.585,1220.002,0.003,0.000,0.000,0.000,0.116,72.000,0.087,96.326,0.000,0.000,0.000,0.000
2512258,2026-05-26 14:52:36,126,20.100,30.998,28.620,985.625,232.577,43.333,1400.000,0.140,1.459,1154.000,1.395,1206.802,0.003,0.000,0.000,0.000,0.121,114.000,0.138,99.861,0.000,0.000,0.000,0.000
2532324,2026-05-26 14:52:56,127,20.100,30.998,28.620,985.612,232.692,42.938,1400.000,0.140,1.446,1155.000,1.396,1196.442,0.000,0.000,0.000,0.000,0.115,78.000,0.094,95.489,0.000,0.000,0.000,0.000
2552390,2026-05-26 14:53:16,128,20.100,30.998,28.630,985.590,232.878,43.020,1400.000,0.140,1.467,1282.000,1.550,1213.553,0.000,0.000,0.000,0.000,0.120,114.000,0.138,99.191,0.000,0.000,0.000,0.000
2572456,2026-05-26 14:53:36,129,20.100,30.890,28.620,985.610,232.707,43.008,1500.000,0.150,1.434,1077.000,1.302,1186.243,0.000,0.000,0.000,0.000,0.127,128.000,0.155,104.953,0.000,0.000,0.000,0.000
2592607,2026-05-26 14:53:56,130,20.100,30.998,28.620,985.581,232.954,42.926,1400.000,0.140,1.434,1188.000,1.436,1186.594,0.000,0.000,0.000,0.000,0.120,75.000,0.091,98.962,0.000,0.000,0.000,0.000
2612673,2026-05-26 14:54:16,131,20.100,30.998,28.620,985.565,233.087,42.798,1400.000,0.140,1.416,1110.000,1.342,1171.275,0.003,0.000,0.000,0.000,0.121,103.000,0.125,99.770,0.000,0.000,0.000,0.000
2632739,2026-05-26 14:54:36,132,20.100,30.890,28.600,985.601,232.782,42.738,1400.000,0.140,1.458,1344.000,1.625,1205.820,0.010,0.000,0.000,0.000,0.116,81.000,0.098,96.016,0.000,0.000,0.000,0.000
2652805,2026-05-26 14:54:57,133,20.100,30.998,28.600,985.590,232.879,42.714,1500.000,0.150,1.423,1062.000,1.284,1177.056,0.000,0.000,0.000,0.000,0.128,146.000,0.176,106.013,0.000,0.000,0.000,0.000
2672871,2026-05-26 14:55:17,134,20.100,30.998,28.640,985.590,232.872,42.452,1500.000,0.150,1.448,1280.000,1.547,1197.645,0.000,0.000,0.000,0.000,0.121,76.000,0.092,100.010,0.000,0.000,0.000,0.000
2692937,2026-05-26 14:55:37,135,20.000,30.998,28.740,985.607,232.735,42.239,1500.000,0.150,1.454,1222.000,1.477,1202.516,0.000,0.000,0.000,0.000,0.115,75.000,0.091,95.008,0.000,0.000,0.000,0.000
2713003,2026-05-26 14:55:57,136,20.000,31.107,28.930,985.560,233.133,43.001,1500.000,0.150,1.488,1344.000,1.625,1230.813,0.003,0.000,0.000,0.000,0.123,130.000,0.157,102.006,0.000,0.000,0.000,0.000
2733158,2026-05-26 14:56:17,137,20.000,31.107,29.120,985.549,233.229,42.193,1800.000,0.180,1.500,1281.000,1.548,1240.850,0.005,0.000,0.000,0.000,0.119,86.000,0.104,98.805,0.000,0.000,0.000,0.000
2753224,2026-05-26 14:56:37,138,19.900,31.107,29.210,985.509,233.568,41.607,2100.000,0.210,1.509,1280.000,1.547,1248.680,0.008,0.000,0.000,0.000,0.122,110.000,0.133,101.044,0.000,0.000,0.000,0.000
2773290,2026-05-26 14:56:57,139,19.900,31.107,29.240,985.553,233.193,41.460,2000.000,0.200,1.536,1357.000,1.640,1270.344,0.003,0.000,0.000,0.000,0.122,100.000,0.121,100.835,0.000,0.000,0.000,0.000
2793356,2026-05-26 14:57:17,140,20.000,31.107,29.230,985.527,233.415,41.365,1600.000,0.160,1.530,1246.000,1.506,1265.475,0.005,0.000,0.000,0.000,0.116,76.000,0.092,95.868,0.000,0.000,0.000,0.000
2813422,2026-05-26 14:57:37,141,20.000,31.215,29.240,985.548,233.236,41.401,1500.000,0.150,1.523,1237.000,1.495,1259.780,0.003,0.000,0.000,0.000,0.111,74.000,0.089,91.495,0.000,0.000,0.000,0.000
2833488,2026-05-26 14:57:57,142,20.000,31.215,29.240,985.557,233.158,41.273,1500.000,0.150,1.494,1139.000,1.377,1235.624,0.003,0.000,0.000,0.000,0.124,147.000,0.178,102.596,0.000,0.000,0.000,0.000
2853554,2026-05-26 14:58:17,143,20.000,31.215,29.240,985.529,233.398,41.262,1500.000,0.150,1.495,1241.000,1.500,1236.699,0.000,0.000,0.000,0.000,0.114,60.000,0.073,94.077,0.000,0.000,0.000,0.000
2873703,2026-05-26 14:58:37,144,20.000,31.215,29.240,985.527,233.412,41.052,1500.000,0.150,1.442,1016.000,1.228,1192.560,0.025,0.000,0.000,0.000,0.127,149.000,0.180,105.061,0.000,0.000,0.000,0.000
2893769,2026-05-26 14:58:57,145,20.000,31.215,29.250,985.525,233.426,41.041,1400.000,0.140,1.434,1163.000,1.406,1186.648,0.000,0.000,0.000,0.000,0.119,70.000,0.085,98.049,0.000,0.000,0.000,0.000
2913835,2026-05-26 14:59:18,146,20.000,31.215,29.220,985.542,233.284,41.225,1400.000,0.140,1.434,1187.000,1.435,1186.718,0.000,0.000,0.000,0.000,0.118,95.000,0.115,97.439,0.000,0.000,0.000,0.000
2933901,2026-05-26 14:59:38,147,20.000,31.215,29.210,985.534,233.351,41.143,1500.000,0.150,1.411,1090.000,1.318,1167.375,0.003,0.000,0.000,0.000,0.128,139.000,0.168,105.751,0.000,0.000,0.000,0.000
2953967,2026-05-26 14:59:58,148,20.000,31.324,29.200,985.526,233.424,41.084,1600.000,0.160,1.424,1219.000,1.474,1177.700,0.003,0.000,0.000,0.000,0.137,144.000,0.174,113.401,0.000,0.000,0.000,0.000
2974033,2026-05-26 15:00:18,149,20.000,31.215,29.210,985.502,233.628,41.328,1500.000,0.150,1.403,1092.000,1.320,1160.560,0.000,0.000,0.000,0.000,0.136,111.000,0.134,112.921,0.000,0.000,0.000,0.000
2994099,2026-05-26 15:00:38,150,20.000,31.324,29.170,985.509,233.569,41.127,1500.000,0.150,1.416,1215.000,1.469,1171.448,0.003,0.000,0.000,0.000,0.137,117.000,0.141,113.737,0.000,0.000,0.000,0.000
3014165,2026-05-26 15:00:58,151,20.000,31.324,29.160,985.533,233.359,41.301,1500.000,0.150,1.418,1181.000,1.428,1173.358,0.003,0.000,0.000,0.000,0.143,138.000,0.167,118.589,0.000,0.000,0.000,0.000
3034231,2026-05-26 15:01:18,152,20.000,31.324,29.180,985.497,233.665,41.152,1500.000,0.150,1.453,1318.000,1.593,1202.286,0.000,0.000,0.000,0.000,0.139,100.000,0.121,114.871,0.000,0.000,0.000,0.000
3054297,2026-05-26 15:01:38,153,20.000,31.324,29.230,985.490,233.723,41.086,1700.000,0.170,1.479,1309.000,1.582,1223.629,0.010,0.000,0.000,0.000,0.137,108.000,0.131,113.497,0.000,0.000,0.000,0.000
3074363,2026-05-26 15:01:58,154,20.000,31.324,29.230,985.484,233.778,40.971,1600.000,0.160,1.488,1261.000,1.524,1231.103,0.000,0.000,0.000,0.000,0.139,119.000,0.144,114.598,0.000,0.000,0.000,0.000
3094429,2026-05-26 15:02:18,155,20.000,31.324,29.260,985.474,233.862,40.798,1600.000,0.160,1.470,1155.000,1.396,1215.883,0.000,0.000,0.000,0.000,0.127,68.000,0.082,105.278,0.000,0.000,0.000,0.000
3114495,2026-05-26 15:02:38,156,20.000,31.324,29.270,985.502,233.628,40.834,1500.000,0.150,1.469,1214.000,1.467,1215.506,0.000,0.000,0.000,0.000,0.116,59.000,0.071,96.023,0.000,0.000,0.000,0.000
3134561,2026-05-26 15:02:58,157,20.000,31.324,29.270,985.496,233.677,40.868,1500.000,0.150,1.457,1163.000,1.406,1205.005,0.000,0.000,0.000,0.000,0.107,60.000,0.073,88.818,0.000,0.000,0.000,0.000
3154627,2026-05-26 15:03:18,158,20.000,31.324,29.280,985.496,233.676,40.729,1500.000,0.150,1.463,1231.000,1.488,1210.204,0.000,0.000,0.000,0.000,0.101,64.000,0.077,83.854,0.000,0.000,0.000,0.000
3174788,2026-05-26 15:03:39,159,20.000,31.324,29.250,985.505,233.602,40.854,1500.000,0.150,1.421,1035.000,1.251,1175.163,0.000,0.000,0.000,0.000,0.116,143.000,0.173,95.684,0.000,0.000,0.000,0.000
3194854,2026-05-26 15:03:59,160,20.000,31.432,29.240,985.495,233.681,41.320,1500.000,0.150,1.430,1215.000,1.469,1183.131,0.003,0.000,0.000,0.000,0.127,142.000,0.172,104.947,0.000,0.000,0.000,0.000
3214920,2026-05-26 15:04:19,161,20.000,31.324,29.230,985.497,233.668,41.073,1700.000,0.170,1.441,1226.000,1.482,1191.704,0.003,0.000,0.000,0.000,0.135,138.000,0.167,111.557,0.000,0.000,0.000,0.000
3234986,2026-05-26 15:04:39,162,20.000,31.432,29.250,985.498,233.657,40.809,1600.000,0.160,1.430,1150.000,1.390,1183.364,0.000,0.000,0.000,0.000,0.131,96.000,0.116,108.446,0.000,0.000,0.000,0.000
3255052,2026-05-26 15:04:59,163,20.100,31.432,29.220,985.460,233.985,41.073,1500.000,0.150,1.459,1303.000,1.575,1207.291,0.000,0.000,0.000,0.000,0.129,98.000,0.118,106.357,0.000,0.000,0.000,0.000
3275118,2026-05-26 15:05:19,164,20.000,31.432,29.210,985.490,233.724,41.178,1400.000,0.140,1.486,1318.000,1.593,1229.433,0.000,0.000,0.000,0.000,0.120,72.000,0.087,99.485,0.000,0.000,0.000,0.000
3295184,2026-05-26 15:05:39,165,20.000,31.432,29.220,985.495,233.686,40.933,1400.000,0.140,1.486,1230.000,1.487,1229.546,0.000,0.000,0.000,0.000,0.132,150.000,0.181,109.588,0.000,0.000,0.000,0.000
3315250,2026-05-26 15:05:59,166,20.000,31.432,29.230,985.446,234.101,41.656,1500.000,0.150,1.490,1244.000,1.504,1232.437,0.003,0.000,0.000,0.000,0.121,64.000,0.077,100.471,0.000,0.000,0.000,0.000
3335316,2026-05-26 15:06:19,167,20.000,31.432,29.260,985.440,234.156,41.310,1800.000,0.180,1.501,1278.000,1.545,1241.550,0.000,0.000,0.000,0.000,0.111,59.000,0.071,92.177,0.000,0.000,0.000,0.000
3355382,2026-05-26 15:06:39,168,19.900,31.432,29.210,985.428,234.255,41.037,1700.000,0.170,1.465,1092.000,1.320,1211.640,0.003,0.000,0.000,0.000,0.110,87.000,0.105,91.141,0.000,0.000,0.000,0.000
2305,2026-05-26 15:07:09,1,20.000,31.324,29.310,985.500,233.640,42.072,2100.000,0.210,1.332,1102.000,1.332,1102.000,0.000,0.000,0.000,0.000,0.104,86.000,0.104,86.000,0.000,0.000,0.000,0.000
22366,2026-05-26 15:07:31,2,19.900,31.324,29.490,985.509,233.564,41.937,2200.000,0.220,1.335,1116.000,1.349,1104.800,0.000,0.000,0.000,0.000,0.118,143.000,0.173,97.400,0.000,0.000,0.000,0.000
42432,2026-05-26 15:07:51,3,20.000,31.432,29.410,985.472,233.883,40.601,1800.000,0.180,1.391,1336.000,1.615,1151.040,0.000,0.000,0.000,0.000,0.119,103.000,0.125,98.520,0.000,0.000,0.000,0.000
62498,2026-05-26 15:08:11,4,20.000,31.432,29.350,985.455,234.024,40.817,1600.000,0.160,1.426,1296.000,1.567,1180.032,0.000,0.000,0.000,0.000,0.121,106.000,0.128,100.016,0.000,0.000,0.000,0.000
82564,2026-05-26 15:08:31,5,20.000,31.432,29.310,985.459,233.993,40.709,1500.000,0.150,1.439,1234.000,1.492,1190.826,0.000,0.000,0.000,0.000,0.120,95.000,0.115,99.013,0.000,0.000,0.000,0.000
102630,2026-05-26 15:08:51,6,20.000,31.432,29.270,985.447,234.091,40.799,1500.000,0.150,1.455,1254.000,1.516,1203.460,0.003,0.000,0.000,0.000,0.123,113.000,0.137,101.810,0.000,0.000,0.000,0.000
122696,2026-05-26 15:09:12,7,20.000,31.432,29.290,985.482,233.797,40.951,2000.000,0.200,1.444,1159.000,1.401,1194.568,0.000,0.000,0.000,0.000,0.115,68.000,0.082,95.048,0.000,0.000,0.000,0.000
2303,2026-05-26 15:09:41,1,20.000,31.432,29.250,985.492,233.710,41.076,2000.000,0.200,1.330,1100.000,1.330,1100.000,0.003,0.000,0.000,0.000,0.123,102.000,0.123,102.000,0.000,0.000,0.000,0.000
22365,2026-05-26 15:10:01,2,20.000,31.432,29.240,985.471,233.890,41.017,1500.000,0.150,1.378,1300.000,1.571,1140.000,0.000,0.000,0.000,0.000,0.125,107.000,0.129,103.000,0.000,0.000,0.000,0.000
42431,2026-05-26 15:10:21,3,20.000,31.432,29.270,985.485,233.770,40.938,1800.000,0.180,1.409,1267.000,1.532,1165.400,0.003,0.000,0.000,0.000,0.119,82.000,0.099,98.800,0.000,0.000,0.000,0.000
62497,2026-05-26 15:10:41,4,20.000,31.432,29.240,985.505,233.603,41.040,1800.000,0.180,1.409,1167.000,1.411,1165.720,0.000,0.000,0.000,0.000,0.126,124.000,0.150,103.840,0.000,0.000,0.000,0.000
82563,2026-05-26 15:11:01,5,20.000,31.432,29.240,985.469,233.904,41.075,1700.000,0.170,1.413,1181.000,1.428,1168.776,0.003,0.000,0.000,0.000,0.121,86.000,0.104,100.272,0.000,0.000,0.000,0.000
102629,2026-05-26 15:11:21,6,20.000,31.432,29.240,985.488,233.748,41.134,1600.000,0.160,1.419,1196.000,1.446,1174.221,0.000,0.000,0.000,0.000,0.113,67.000,0.081,93.618,0.000,0.000,0.000,0.000
122695,2026-05-26 15:11:41,7,20.000,31.432,29.280,985.455,234.023,40.997,1600.000,0.160,1.409,1130.000,1.366,1165.377,0.000,0.000,0.000,0.000,0.113,91.000,0.110,93.094,0.000,0.000,0.000,0.000
142761,2026-05-26 15:12:02,8,20.000,31.432,29.240,985.469,233.904,41.063,1600.000,0.160,1.403,1142.000,1.380,1160.701,0.003,0.000,0.000,0.000,0.109,77.000,0.093,89.875,0.000,0.000,0.000,0.000
2305,2026-05-26 15:12:26,1,20.000,31.432,29.200,985.400,234.491,41.386,1500.000,0.150,1.573,1301.000,1.573,1301.000,0.000,0.000,0.000,0.000,0.091,75.000,0.091,75.000,0.000,0.000,0.000,0.000
22367,2026-05-26 15:12:46,2,20.000,31.432,29.230,985.447,234.092,41.262,1900.000,0.190,1.558,1241.000,1.500,1289.000,0.000,0.000,0.000,0.000,0.110,154.000,0.186,90.800,0.000,0.000,0.000,0.000
42433,2026-05-26 15:13:06,3,20.000,31.432,29.210,985.416,234.359,41.096,1700.000,0.170,1.510,1090.000,1.318,1249.200,0.003,0.000,0.000,0.000,0.111,97.000,0.117,92.040,0.000,0.000,0.000,0.000
62499,2026-05-26 15:13:26,4,20.000,31.432,29.210,985.428,234.258,41.073,1500.000,0.150,1.472,1092.000,1.320,1217.760,0.000,0.000,0.000,0.000,0.118,118.000,0.143,97.232,0.000,0.000,0.000,0.000
82565,2026-05-26 15:13:46,5,20.000,31.432,29.230,985.412,234.390,40.900,1600.000,0.160,1.452,1136.000,1.373,1201.408,0.000,0.000,0.000,0.000,0.127,137.000,0.166,105.186,0.000,0.000,0.000,0.000
102631,2026-05-26 15:14:06,6,20.000,31.541,29.230,985.399,234.500,41.249,1500.000,0.150,1.423,1082.000,1.308,1177.526,0.128,0.000,0.000,0.000,0.135,136.000,0.164,111.348,0.000,0.000,0.000,0.000
122697,2026-05-26 15:14:26,7,20.000,31.541,29.240,985.415,234.367,41.040,1500.000,0.150,1.438,1239.000,1.498,1189.821,0.000,0.000,0.000,0.000,0.138,126.000,0.152,114.279,0.000,0.000,0.000,0.000
142763,2026-05-26 15:14:47,8,20.000,31.541,29.220,985.439,234.160,41.864,1800.000,0.180,1.467,1307.000,1.580,1213.257,0.003,0.000,0.000,0.000,0.130,81.000,0.098,107.623,0.000,0.000,0.000,0.000
162845,2026-05-26 15:15:07,9,20.000,31.432,29.200,985.372,234.731,41.188,1700.000,0.170,1.484,1285.000,1.553,1227.606,0.000,0.000,0.000,0.000,0.123,80.000,0.097,102.098,0.000,0.000,0.000,0.000
182911,2026-05-26 15:15:27,10,20.000,31.541,29.190,985.411,234.400,41.571,1700.000,0.170,1.507,1325.000,1.602,1247.084,0.003,0.000,0.000,0.000,0.117,75.000,0.091,96.679,0.000,0.000,0.000,0.000
202977,2026-05-26 15:15:47,11,20.000,31.432,29.180,985.435,234.198,41.094,1600.000,0.160,1.501,1221.000,1.476,1241.868,0.003,0.000,0.000,0.000,0.111,73.000,0.088,91.943,0.000,0.000,0.000,0.000
223043,2026-05-26 15:16:07,12,20.100,31.541,29.170,985.426,234.271,41.162,1400.000,0.140,1.491,1198.000,1.448,1233.094,0.000,0.000,0.000,0.000,0.109,84.000,0.102,90.354,0.000,0.000,0.000,0.000
243109,2026-05-26 15:16:27,13,20.000,31.541,29.220,985.402,234.478,41.097,1600.000,0.160,1.480,1190.000,1.438,1224.475,0.000,0.000,0.000,0.000,0.104,69.000,0.083,86.084,0.000,0.000,0.000,0.000
263175,2026-05-26 15:16:47,14,20.000,31.541,29.210,985.406,234.441,41.131,1500.000,0.150,1.477,1211.000,1.464,1221.780,0.000,0.000,0.000,0.000,0.099,66.000,0.080,82.067,0.000,0.000,0.000,0.000
283241,2026-05-26 15:17:07,15,20.000,31.541,29.190,985.373,234.723,41.210,1600.000,0.160,1.513,1373.000,1.660,1252.024,0.003,0.000,0.000,0.000,0.094,60.000,0.073,77.653,0.000,0.000,0.000,0.000
303307,2026-05-26 15:17:27,16,20.000,31.541,29.180,985.374,234.714,41.349,1500.000,0.150,1.469,1067.000,1.290,1215.019,0.005,0.000,0.000,0.000,0.107,133.000,0.161,88.723,0.000,0.000,0.000,0.000
323387,2026-05-26 15:17:47,17,20.000,31.541,29.190,985.383,234.642,41.688,1500.000,0.150,1.478,1253.000,1.515,1222.616,0.000,0.000,0.000,0.000,0.104,76.000,0.092,86.178,0.000,0.000,0.000,0.000
343453,2026-05-26 15:18:07,18,20.000,31.541,29.260,985.384,234.629,41.240,1500.000,0.150,1.490,1274.000,1.540,1232.892,0.000,0.000,0.000,0.000,0.121,157.000,0.190,100.343,0.000,0.000,0.000,0.000
363519,2026-05-26 15:18:27,19,20.000,31.541,29.280,985.380,234.665,41.078,1700.000,0.170,1.502,1283.000,1.551,1242.914,0.000,0.000,0.000,0.000,0.123,107.000,0.129,101.674,0.000,0.000,0.000,0.000
383585,2026-05-26 15:18:47,20,20.000,31.541,29.250,985.396,234.531,41.076,1600.000,0.160,1.504,1248.000,1.509,1243.931,0.003,0.000,0.000,0.000,0.110,49.000,0.059,91.139,0.000,0.000,0.000,0.000
403651,2026-05-26 15:19:07,21,20.100,31.541,29.260,985.357,234.862,41.275,1500.000,0.150,1.504,1245.000,1.505,1244.145,0.003,0.000,0.000,0.000,0.117,120.000,0.145,96.911,0.000,0.000,0.000,0.000
423717,2026-05-26 15:19:27,22,20.100,31.541,29.260,985.364,234.797,41.368,1400.000,0.140,1.493,1201.000,1.452,1235.516,0.000,0.000,0.000,0.000,0.134,168.000,0.203,111.129,0.000,0.000,0.000,0.000
443783,2026-05-26 15:19:48,23,20.000,31.541,29.280,985.393,234.549,41.382,1500.000,0.150,1.510,1303.000,1.575,1249.013,0.008,0.000,0.000,0.000,0.148,166.000,0.201,122.103,0.000,0.000,0.000,0.000
463849,2026-05-26 15:20:08,24,20.000,31.541,29.280,985.362,234.818,41.090,1500.000,0.150,1.455,1021.000,1.234,1203.410,0.000,0.000,0.000,0.000,0.159,168.000,0.203,131.283,0.000,0.000,0.000,0.000
483931,2026-05-26 15:20:28,25,20.000,31.541,29.270,985.362,234.821,41.312,1500.000,0.150,1.447,1172.000,1.417,1197.128,0.015,0.000,0.000,0.000,0.156,122.000,0.147,129.426,0.000,0.000,0.000,0.000
503997,2026-05-26 15:20:48,26,20.000,31.541,29.320,985.389,234.584,41.281,1600.000,0.160,1.470,1294.000,1.564,1216.503,0.003,0.000,0.000,0.000,0.151,106.000,0.128,124.741,0.000,0.000,0.000,0.000
524063,2026-05-26 15:21:08,27,20.000,31.541,29.310,985.378,234.680,41.035,1500.000,0.150,1.435,1069.000,1.292,1187.002,0.003,0.000,0.000,0.000,0.155,143.000,0.173,128.393,0.000,0.000,0.000,0.000
544129,2026-05-26 15:21:28,28,20.000,31.541,29.310,985.371,234.743,41.129,1600.000,0.160,1.406,1068.000,1.291,1163.202,0.000,0.000,0.000,0.000,0.164,166.000,0.201,135.914,0.000,0.000,0.000,0.000
564195,2026-05-26 15:21:48,29,20.000,31.541,29.340,985.382,234.650,41.457,1700.000,0.170,1.377,1045.000,1.263,1139.561,0.008,0.000,0.000,0.000,0.167,148.000,0.179,138.331,0.000,0.000,0.000,0.000
584261,2026-05-26 15:22:08,30,20.000,31.541,29.300,985.358,234.852,41.104,2100.000,0.210,1.350,1024.000,1.238,1116.449,0.000,0.000,0.000,0.000,0.170,150.000,0.181,140.665,0.000,0.000,0.000,0.000
2305,2026-05-26 15:22:30,1,20.000,31.541,29.280,985.342,234.985,41.079,1700.000,0.170,1.304,1079.000,1.304,1079.000,0.013,0.000,0.000,0.000,0.163,135.000,0.163,135.000,0.000,0.000,0.000,0.000
22367,2026-05-26 15:22:50,2,20.000,31.541,29.330,985.341,234.994,40.909,1800.000,0.180,1.301,1067.000,1.290,1076.600,0.000,0.000,0.000,0.000,0.174,179.000,0.216,143.800,0.000,0.000,0.000,0.000
42433,2026-05-26 15:23:10,3,20.000,31.650,29.280,985.337,235.030,41.079,1600.000,0.160,1.305,1093.000,1.321,1079.880,0.000,0.000,0.000,0.000,0.178,160.000,0.193,147.040,0.000,0.000,0.000,0.000
62499,2026-05-26 15:23:30,4,20.000,31.541,29.300,985.351,234.908,41.022,1500.000,0.150,1.352,1272.000,1.538,1118.304,0.003,0.000,0.000,0.000,0.182,166.000,0.201,150.832,0.000,0.000,0.000,0.000
82565,2026-05-26 15:23:50,5,20.100,31.541,29.270,985.319,235.188,41.066,1400.000,0.140,1.356,1136.000,1.373,1121.843,0.000,0.000,0.000,0.000,0.171,102.000,0.123,141.066,0.000,0.000,0.000,0.000
102631,2026-05-26 15:24:10,6,20.100,31.650,29.260,985.313,235.231,41.193,1500.000,0.150,1.358,1131.000,1.367,1123.675,0.003,0.000,0.000,0.000,0.159,92.000,0.111,131.252,0.000,0.000,0.000,0.000
122697,2026-05-26 15:24:31,7,20.000,31.541,29.290,985.300,235.345,41.267,1600.000,0.160,1.425,1398.000,1.690,1178.540,0.000,0.000,0.000,0.000,0.146,78.000,0.094,120.602,0.000,0.000,0.000,0.000
2305,2026-05-26 15:24:56,1,20.000,31.541,29.290,985.284,235.483,41.045,1500.000,0.150,1.361,1126.000,1.361,1126.000,0.003,0.000,0.000,0.000,0.065,54.000,0.065,54.000,0.000,0.000,0.000,0.000
22367,2026-05-26 15:25:16,2,20.100,31.650,29.280,985.298,235.363,41.230,1500.000,0.150,1.385,1226.000,1.482,1146.000,0.000,0.000,0.000,0.000,0.096,180.000,0.218,79.200,0.000,0.000,0.000,0.000
42433,2026-05-26 15:25:37,3,20.000,31.650,29.310,985.297,235.370,41.105,1700.000,0.170,1.422,1297.000,1.568,1176.200,0.000,0.000,0.000,0.000,0.091,59.000,0.071,75.160,0.000,0.000,0.000,0.000
2305,2026-05-26 15:26:04,1,20.000,31.650,29.360,985.284,235.482,40.830,1600.000,0.160,1.424,1178.000,1.424,1178.000,0.010,0.000,0.000,0.000,0.189,156.000,0.189,156.000,0.000,0.000,0.000,0.000
22367,2026-05-26 15:26:24,2,20.000,31.541,29.350,985.248,235.786,40.853,1500.000,0.150,1.468,1360.000,1.644,1214.400,0.000,0.000,0.000,0.000,0.181,126.000,0.152,150.000,0.000,0.000,0.000,0.000
42433,2026-05-26 15:26:44,3,20.100,31.650,29.410,985.268,235.615,40.857,1500.000,0.150,1.506,1373.000,1.660,1246.120,0.000,0.000,0.000,0.000,0.158,54.000,0.065,130.800,0.000,0.000,0.000,0.000
62499,2026-05-26 15:27:04,4,20.100,31.650,29.330,985.280,235.516,41.118,1500.000,0.150,1.508,1252.000,1.513,1247.296,0.000,0.000,0.000,0.000,0.145,76.000,0.092,119.840,0.000,0.000,0.000,0.000
82565,2026-05-26 15:27:24,5,20.000,31.650,29.400,985.295,235.386,41.916,1500.000,0.150,1.507,1246.000,1.506,1247.037,0.000,0.000,0.000,0.000,0.151,144.000,0.174,124.672,0.000,0.000,0.000,0.000
102631,2026-05-26 15:27:44,6,20.000,31.541,29.380,985.273,235.573,41.543,1500.000,0.150,1.473,1104.000,1.335,1218.430,0.000,0.000,0.000,0.000,0.159,160.000,0.193,131.738,0.000,0.000,0.000,0.000
122697,2026-05-26 15:28:04,7,20.000,31.541,29.390,985.279,235.525,41.229,1700.000,0.170,1.439,1079.000,1.304,1190.544,0.000,0.000,0.000,0.000,0.158,127.000,0.154,130.790,0.000,0.000,0.000,0.000
142763,2026-05-26 15:28:24,8,20.000,31.650,29.370,985.247,235.796,41.028,1800.000,0.180,1.441,1199.000,1.449,1192.235,0.000,0.000,0.000,0.000,0.162,148.000,0.179,134.232,0.000,0.000,0.000,0.000
162843,2026-05-26 15:28:44,9,20.000,31.650,29.370,985.272,235.583,40.842,1600.000,0.160,1.439,1185.000,1.432,1190.788,0.000,0.000,0.000,0.000,0.145,62.000,0.075,119.786,0.000,0.000,0.000,0.000
182909,2026-05-26 15:29:04,10,20.100,31.650,29.330,985.220,236.024,41.118,1500.000,0.150,1.397,1015.000,1.227,1155.630,0.000,0.000,0.000,0.000,0.161,186.000,0.225,133.029,0.000,0.000,0.000,0.000
202975,2026-05-26 15:29:24,11,20.100,31.650,29.330,985.237,235.886,40.897,1500.000,0.150,1.409,1207.000,1.459,1165.904,0.005,0.000,0.000,0.000,0.146,70.000,0.085,120.423,0.000,0.000,0.000,0.000
223041,2026-05-26 15:29:45,12,20.000,31.650,29.330,985.231,235.930,41.084,1700.000,0.170,1.423,1221.000,1.476,1176.924,0.000,0.000,0.000,0.000,0.129,53.000,0.064,106.938,0.000,0.000,0.000,0.000
243107,2026-05-26 15:30:05,13,20.000,31.541,29.370,985.234,235.908,41.285,1600.000,0.160,1.473,1386.000,1.675,1218.739,0.005,0.000,0.000,0.000,0.115,46.000,0.056,94.751,0.000,0.000,0.000,0.000
263173,2026-05-26 15:30:25,14,20.000,31.650,29.450,985.218,236.043,41.863,1600.000,0.160,1.489,1284.000,1.552,1231.791,0.000,0.000,0.000,0.000,0.114,91.000,0.110,94.000,0.000,0.000,0.000,0.000
283239,2026-05-26 15:30:45,15,20.100,31.650,29.400,985.215,236.067,41.021,1500.000,0.150,1.485,1217.000,1.471,1228.833,0.003,0.000,0.000,0.000,0.104,53.000,0.064,85.800,0.000,0.000,0.000,0.000
303305,2026-05-26 15:31:05,16,20.100,31.650,29.390,985.228,235.961,40.983,1500.000,0.150,1.448,1076.000,1.301,1198.266,0.003,0.000,0.000,0.000,0.112,119.000,0.144,92.440,0.000,0.000,0.000,0.000
323387,2026-05-26 15:31:25,17,20.100,31.650,29.370,985.214,236.076,40.946,1500.000,0.150,1.468,1278.000,1.545,1214.213,0.000,0.000,0.000,0.000,0.104,62.000,0.075,86.352,0.000,0.000,0.000,0.000
343453,2026-05-26 15:31:45,18,20.100,31.650,29.340,985.201,236.191,40.863,1500.000,0.150,1.464,1198.000,1.448,1210.971,0.000,0.000,0.000,0.000,0.125,171.000,0.207,103.282,0.000,0.000,0.000,0.000
363519,2026-05-26 15:32:05,19,20.100,31.650,29.330,985.218,236.043,41.014,1500.000,0.150,1.483,1290.000,1.559,1226.776,0.000,0.000,0.000,0.000,0.112,51.000,0.062,92.825,0.000,0.000,0.000,0.000
2305,2026-05-26 15:32:17,1,20.100,31.650,29.330,985.235,235.897,41.038,1500.000,0.150,1.129,934.000,1.129,934.000,0.003,0.000,0.000,0.000,0.173,143.000,0.173,143.000,0.000,0.000,0.000,0.000
22367,2026-05-26 15:32:37,2,20.100,31.650,29.370,985.227,235.963,41.087,1500.000,0.150,1.228,1342.000,1.622,1015.600,0.000,0.000,0.000,0.000,0.152,57.000,0.069,125.800,0.000,0.000,0.000,0.000
42433,2026-05-26 15:32:58,3,20.100,31.650,29.340,985.211,236.102,41.119,1500.000,0.150,1.264,1167.000,1.411,1045.880,0.000,0.000,0.000,0.000,0.150,118.000,0.143,124.240,0.000,0.000,0.000,0.000
62499,2026-05-26 15:33:18,4,20.200,31.650,29.350,985.236,235.894,40.910,1500.000,0.150,1.291,1156.000,1.397,1067.904,0.000,0.000,0.000,0.000,0.135,60.000,0.073,111.392,0.000,0.000,0.000,0.000
82565,2026-05-26 15:33:38,5,20.100,31.650,29.320,985.208,236.125,41.061,1500.000,0.150,1.312,1157.000,1.399,1085.723,0.000,0.000,0.000,0.000,0.140,135.000,0.163,116.114,0.000,0.000,0.000,0.000
102631,2026-05-26 15:33:58,6,20.100,31.650,29.350,985.203,236.175,41.027,1500.000,0.150,1.340,1200.000,1.451,1108.579,0.000,0.000,0.000,0.000,0.142,124.000,0.150,117.691,0.000,0.000,0.000,0.000
122697,2026-05-26 15:34:18,7,20.000,31.650,29.330,985.209,236.124,41.061,1600.000,0.160,1.369,1230.000,1.487,1132.863,0.000,0.000,0.000,0.000,0.130,67.000,0.081,107.553,0.000,0.000,0.000,0.000
142763,2026-05-26 15:34:38,8,20.000,31.650,29.350,985.208,236.125,41.108,1600.000,0.160,1.410,1300.000,1.571,1166.290,0.003,0.000,0.000,0.000,0.119,61.000,0.074,98.242,0.000,0.000,0.000,0.000
162841,2026-05-26 15:34:58,9,20.000,31.650,29.350,985.230,235.943,41.051,2000.000,0.200,1.428,1243.000,1.503,1181.632,0.043,0.000,0.000,0.000,0.116,87.000,0.105,95.994,0.000,0.000,0.000,0.000
182907,2026-05-26 15:35:18,10,20.000,31.759,29.350,985.206,236.144,41.062,1800.000,0.180,1.412,1116.000,1.349,1168.506,0.000,0.000,0.000,0.000,0.120,112.000,0.135,99.195,0.000,0.000,0.000,0.000
202973,2026-05-26 15:35:38,11,20.000,31.650,29.370,985.192,236.263,41.017,1600.000,0.160,1.415,1177.000,1.423,1170.205,0.005,0.000,0.000,0.000,0.127,130.000,0.157,105.356,0.000,0.000,0.000,0.000
2305,2026-05-26 15:35:56,1,20.100,31.650,29.340,985.204,236.164,40.991,1600.000,0.160,1.195,989.000,1.195,989.000,0.000,0.000,0.000,0.000,0.186,154.000,0.186,154.000,0.000,0.000,0.000,0.000
22367,2026-05-26 15:36:16,2,20.000,31.650,29.310,985.185,236.328,41.210,1800.000,0.180,1.195,988.000,1.194,988.800,0.003,0.000,0.000,0.000,0.183,140.000,0.169,151.200,0.000,0.000,0.000,0.000
42433,2026-05-26 15:36:36,3,20.000,31.759,29.300,985.222,236.012,40.999,1600.000,0.160,1.224,1109.000,1.341,1012.840,0.000,0.000,0.000,0.000,0.166,81.000,0.098,137.160,0.000,0.000,0.000,0.000
62499,2026-05-26 15:36:56,4,20.000,31.759,29.290,985.184,236.335,41.067,1600.000,0.160,1.296,1311.000,1.585,1072.472,0.000,0.000,0.000,0.000,0.151,77.000,0.093,125.128,0.000,0.000,0.000,0.000
82565,2026-05-26 15:37:16,5,20.100,31.759,29.290,985.191,236.275,41.114,1500.000,0.150,1.285,1026.000,1.240,1063.177,0.000,0.000,0.000,0.000,0.153,133.000,0.161,126.702,0.000,0.000,0.000,0.000
102631,2026-05-26 15:37:36,6,20.100,31.650,29.310,985.206,236.147,41.141,1500.000,0.150,1.313,1177.000,1.423,1085.942,0.003,0.000,0.000,0.000,0.138,63.000,0.076,113.962,0.000,0.000,0.000,0.000
122697,2026-05-26 15:37:56,7,20.000,31.650,29.270,985.175,236.408,41.171,1500.000,0.150,1.331,1162.000,1.405,1101.154,0.003,0.000,0.000,0.000,0.131,84.000,0.102,107.970,0.000,0.000,0.000,0.000
142763,2026-05-26 15:38:16,8,20.000,31.650,29.270,985.175,236.408,41.124,1500.000,0.150,1.325,1075.000,1.299,1095.923,0.000,0.000,0.000,0.000,0.142,156.000,0.189,117.576,0.000,0.000,0.000,0.000
162829,2026-05-26 15:38:36,9,20.100,31.759,29.240,985.167,236.478,41.343,1500.000,0.150,1.375,1303.000,1.575,1137.338,0.000,0.000,0.000,0.000,0.128,61.000,0.074,106.261,0.000,0.000,0.000,0.000
182895,2026-05-26 15:38:56,10,20.100,31.759,29.190,985.168,236.469,41.560,1500.000,0.150,1.382,1167.000,1.411,1143.271,0.003,0.000,0.000,0.000,0.128,104.000,0.126,105.808,0.000,0.000,0.000,0.000
202961,2026-05-26 15:39:16,11,20.100,31.759,29.210,985.170,236.456,41.480,1500.000,0.150,1.381,1138.000,1.376,1142.217,0.000,0.000,0.000,0.000,0.135,135.000,0.163,111.647,0.000,0.000,0.000,0.000
223027,2026-05-26 15:39:36,12,20.100,31.759,29.220,985.148,236.642,41.330,1500.000,0.150,1.394,1197.000,1.447,1153.173,0.000,0.000,0.000,0.000,0.126,76.000,0.092,104.517,0.000,0.000,0.000,0.000
243093,2026-05-26 15:39:57,13,20.100,31.759,29.210,985.169,236.463,41.433,1500.000,0.150,1.412,1229.000,1.486,1168.339,0.003,0.000,0.000,0.000,0.134,136.000,0.164,110.814,0.000,0.000,0.000,0.000
263252,2026-05-26 15:40:17,14,20.100,31.759,29.210,985.165,236.496,41.445,1500.000,0.150,1.419,1197.000,1.447,1174.071,0.000,0.000,0.000,0.000,0.132,104.000,0.126,109.451,0.000,0.000,0.000,0.000
283318,2026-05-26 15:40:37,15,20.000,31.650,29.350,985.162,236.525,42.961,1700.000,0.170,1.462,1352.000,1.634,1209.657,0.000,0.000,0.000,0.000,0.127,89.000,0.108,105.361,0.000,0.000,0.000,0.000
303384,2026-05-26 15:40:57,16,20.000,31.541,29.560,985.154,236.587,42.258,2400.000,0.240,1.500,1366.000,1.651,1240.925,0.000,0.000,0.000,0.000,0.118,66.000,0.080,97.489,0.000,0.000,0.000,0.000
323450,2026-05-26 15:41:17,17,20.000,31.432,29.720,985.179,236.373,41.247,2600.000,0.260,1.547,1435.000,1.735,1279.740,0.000,0.000,0.000,0.000,0.106,48.000,0.058,87.591,0.000,0.000,0.000,0.000
343516,2026-05-26 15:41:37,18,20.100,31.432,29.700,985.152,236.605,40.358,1900.000,0.190,1.474,976.000,1.180,1218.992,0.000,0.000,0.000,0.000,0.144,244.000,0.295,118.873,0.000,0.000,0.000,0.000
363582,2026-05-26 15:41:57,19,20.100,31.432,29.750,985.172,236.439,40.259,1600.000,0.160,1.496,1314.000,1.588,1237.994,0.000,0.000,0.000,0.000,0.133,73.000,0.088,109.698,0.000,0.000,0.000,0.000
383648,2026-05-26 15:42:17,20,20.100,31.324,29.760,985.176,236.401,40.749,1600.000,0.160,1.450,1045.000,1.263,1199.395,0.008,0.000,0.000,0.000,0.165,245.000,0.296,136.759,0.000,0.000,0.000,0.000
403714,2026-05-26 15:42:37,21,20.100,31.324,29.770,985.169,236.465,40.728,1600.000,0.160,1.473,1295.000,1.565,1218.516,0.000,0.000,0.000,0.000,0.161,120.000,0.145,133.407,0.000,0.000,0.000,0.000
423780,2026-05-26 15:42:57,22,20.100,31.324,29.730,985.186,236.313,40.490,1600.000,0.160,1.502,1338.000,1.617,1242.413,0.005,0.000,0.000,0.000,0.148,79.000,0.095,122.526,0.000,0.000,0.000,0.000
443846,2026-05-26 15:43:17,23,20.100,31.215,29.590,985.142,236.695,40.874,1700.000,0.170,1.505,1256.000,1.518,1245.130,0.003,0.000,0.000,0.000,0.152,137.000,0.166,125.420,0.000,0.000,0.000,0.000
463912,2026-05-26 15:43:37,24,20.100,31.215,29.590,985.131,236.788,40.896,1600.000,0.160,1.551,1437.000,1.737,1283.504,0.000,0.000,0.000,0.000,0.133,47.000,0.057,109.736,0.000,0.000,0.000,0.000
483978,2026-05-26 15:43:57,25,20.000,31.215,29.590,985.148,236.643,41.153,1900.000,0.190,1.501,1076.000,1.301,1242.003,0.003,0.000,0.000,0.000,0.142,150.000,0.181,117.789,0.000,0.000,0.000,0.000
504044,2026-05-26 15:44:17,26,20.100,31.215,29.480,985.142,236.693,40.818,1700.000,0.170,1.502,1245.000,1.505,1242.603,0.000,0.000,0.000,0.000,0.150,150.000,0.181,124.231,0.000,0.000,0.000,0.000
524110,2026-05-26 15:44:38,27,20.100,31.215,29.480,985.144,236.671,41.365,1500.000,0.150,1.497,1220.000,1.475,1238.082,0.003,0.000,0.000,0.000,0.151,127.000,0.154,124.785,0.000,0.000,0.000,0.000
544176,2026-05-26 15:44:58,28,20.100,31.215,29.420,985.156,236.572,41.371,1500.000,0.150,1.521,1340.000,1.620,1258.466,0.005,0.000,0.000,0.000,0.146,105.000,0.127,120.828,0.000,0.000,0.000,0.000
564337,2026-05-26 15:45:18,29,20.100,31.215,29.400,985.150,236.710,41.276,1500.000,0.150,1.581,1507.000,1.822,1308.173,0.003,0.000,0.000,0.000,0.134,69.000,0.083,110.462,0.000,0.000,0.000,0.000
584403,2026-05-26 15:45:38,30,20.100,31.215,29.410,985.136,236.746,41.149,1700.000,0.170,1.558,1210.000,1.463,1288.538,0.000,0.000,0.000,0.000,0.167,247.000,0.299,137.770,0.000,0.000,0.000,0.000
604469,2026-05-26 15:45:58,31,20.100,31.215,29.410,985.126,236.828,41.067,1600.000,0.160,1.552,1266.000,1.530,1284.030,0.000,0.000,0.000,0.000,0.148,63.000,0.076,122.816,0.000,0.000,0.000,0.000
624535,2026-05-26 15:46:18,32,20.100,31.215,29.450,985.125,236.839,40.954,1500.000,0.150,1.592,1448.000,1.750,1316.824,0.005,0.000,0.000,0.000,0.151,135.000,0.163,125.253,0.000,0.000,0.000,0.000
644601,2026-05-26 15:46:38,33,20.100,31.215,29.410,985.109,236.977,41.021,1500.000,0.150,1.576,1250.000,1.511,1303.459,0.005,0.000,0.000,0.000,0.159,155.000,0.187,131.202,0.000,0.000,0.000,0.000
664667,2026-05-26 15:46:58,34,20.100,31.215,29.400,985.097,237.072,41.078,1500.000,0.150,1.602,1411.000,1.706,1324.968,0.000,0.000,0.000,0.000,0.137,43.000,0.052,113.562,0.000,0.000,0.000,0.000
684733,2026-05-26 15:47:18,35,20.100,31.215,29.360,985.120,236.879,41.459,1500.000,0.150,1.585,1255.000,1.517,1310.974,0.000,0.000,0.000,0.000,0.147,152.000,0.184,121.249,0.000,0.000,0.000,0.000
704882,2026-05-26 15:47:38,36,20.100,31.215,29.340,985.113,236.941,41.225,1500.000,0.150,1.559,1206.000,1.458,1289.979,0.003,0.000,0.000,0.000,0.177,246.000,0.297,146.200,0.000,0.000,0.000,0.000
724948,2026-05-26 15:47:58,37,20.100,31.215,29.340,985.084,237.188,41.306,1500.000,0.150,1.584,1393.000,1.684,1310.583,0.000,0.000,0.000,0.000,0.154,51.000,0.062,127.160,0.000,0.000,0.000,0.000
745014,2026-05-26 15:48:18,38,20.100,31.215,29.330,985.080,237.222,41.259,1500.000,0.150,1.530,1087.000,1.314,1265.867,0.000,0.000,0.000,0.000,0.172,204.000,0.247,142.528,0.000,0.000,0.000,0.000
765080,2026-05-26 15:48:38,39,20.100,31.107,29.300,985.047,237.497,41.291,1600.000,0.160,1.543,1319.000,1.594,1276.493,0.000,0.000,0.000,0.000,0.181,180.000,0.218,150.022,0.000,0.000,0.000,0.000
785146,2026-05-26 15:48:59,40,20.100,31.107,29.280,985.081,237.214,41.382,1500.000,0.150,1.589,1467.000,1.773,1314.595,0.005,0.000,0.000,0.000,0.156,44.000,0.053,128.818,0.000,0.000,0.000,0.000
805212,2026-05-26 15:49:19,41,20.100,31.107,29.320,985.087,237.159,41.198,1500.000,0.150,1.561,1200.000,1.451,1291.676,0.003,0.000,0.000,0.000,0.165,169.000,0.204,136.854,0.000,0.000,0.000,0.000
825278,2026-05-26 15:49:39,42,20.100,31.107,29.380,985.072,237.287,41.076,1500.000,0.150,1.551,1248.000,1.509,1282.941,0.005,0.000,0.000,0.000,0.192,247.000,0.299,158.883,0.000,0.000,0.000,0.000
845427,2026-05-26 15:49:59,43,20.100,31.107,29.330,985.060,237.393,41.305,1500.000,0.150,1.549,1277.000,1.544,1281.753,0.003,0.000,0.000,0.000,0.191,156.000,0.189,158.307,0.000,0.000,0.000,0.000
865493,2026-05-26 15:50:19,44,20.100,31.107,29.330,985.058,237.409,41.224,1500.000,0.150,1.611,1536.000,1.857,1332.602,0.005,0.000,0.000,0.000,0.169,66.000,0.080,139.845,0.000,0.000,0.000,0.000
885559,2026-05-26 15:50:39,45,20.100,31.107,29.420,985.026,237.681,41.080,1500.000,0.150,1.614,1344.000,1.625,1334.882,0.003,0.000,0.000,0.000,0.172,151.000,0.183,142.076,0.000,0.000,0.000,0.000
905625,2026-05-26 15:50:59,46,20.100,31.215,29.410,985.000,237.903,41.045,1500.000,0.150,1.591,1241.000,1.500,1316.105,0.005,0.000,0.000,0.000,0.195,237.000,0.286,161.061,0.000,0.000,0.000,0.000
925691,2026-05-26 15:51:19,47,20.100,31.107,29.420,985.025,237.685,41.045,1500.000,0.150,1.533,1077.000,1.302,1268.284,0.003,0.000,0.000,0.000,0.195,164.000,0.198,161.649,0.000,0.000,0.000,0.000
945757,2026-05-26 15:51:39,48,20.100,31.107,29.410,985.026,237.675,41.056,1500.000,0.150,1.509,1169.000,1.413,1248.427,0.003,0.000,0.000,0.000,0.181,102.000,0.123,149.719,0.000,0.000,0.000,0.000
965823,2026-05-26 15:51:59,49,20.100,31.215,29.370,985.015,237.774,41.099,1500.000,0.150,1.519,1291.000,1.561,1256.942,0.005,0.000,0.000,0.000,0.179,142.000,0.172,148.175,0.000,0.000,0.000,0.000
985974,2026-05-26 15:52:19,50,20.100,31.107,29.350,985.001,237.891,40.992,1500.000,0.150,1.545,1364.000,1.649,1278.354,0.000,0.000,0.000,0.000,0.154,46.000,0.056,127.740,0.000,0.000,0.000,0.000
1006040,2026-05-26 15:52:39,51,20.100,31.107,29.300,985.002,237.882,41.197,1500.000,0.150,1.562,1347.000,1.628,1292.083,0.003,0.000,0.000,0.000,0.173,206.000,0.249,143.392,0.000,0.000,0.000,0.000
1026106,2026-05-26 15:53:00,52,20.100,31.107,29.290,984.986,238.017,41.196,1500.000,0.150,1.544,1220.000,1.475,1277.666,0.003,0.000,0.000,0.000,0.162,95.000,0.115,133.714,0.000,0.000,0.000,0.000
1046172,2026-05-26 15:53:20,53,20.100,31.107,29.290,985.005,237.857,41.208,1500.000,0.150,1.592,1475.000,1.783,1317.133,0.003,0.000,0.000,0.000,0.159,121.000,0.146,131.171,0.000,0.000,0.000,0.000
1066238,2026-05-26 15:53:40,54,20.100,31.107,29.290,984.974,238.122,41.313,1500.000,0.150,1.529,1058.000,1.279,1265.307,0.000,0.000,0.000,0.000,0.187,247.000,0.299,154.337,0.000,0.000,0.000,0.000
1086304,2026-05-26 15:54:00,55,20.100,31.107,29.310,984.987,238.013,41.326,1500.000,0.150,1.517,1215.000,1.469,1255.245,0.003,0.000,0.000,0.000,0.172,96.000,0.116,142.669,0.000,0.000,0.000,0.000
1106370,2026-05-26 15:54:20,56,20.100,31.107,29.300,984.993,237.957,41.372,1500.000,0.150,1.557,1421.000,1.718,1288.396,0.003,0.000,0.000,0.000,0.148,42.000,0.051,122.536,0.000,0.000,0.000,0.000
1126519,2026-05-26 15:54:40,57,20.100,31.107,29.270,984.982,238.050,41.684,1500.000,0.150,1.593,1435.000,1.735,1317.717,0.000,0.000,0.000,0.000,0.157,160.000,0.193,130.028,0.000,0.000,0.000,0.000
1146585,2026-05-26 15:55:00,58,20.100,31.107,29.270,984.959,238.248,41.438,1500.000,0.150,1.564,1200.000,1.451,1294.174,0.005,0.000,0.000,0.000,0.177,210.000,0.254,146.023,0.000,0.000,0.000,0.000
1166651,2026-05-26 15:55:20,59,20.100,31.215,29.250,984.962,238.224,41.229,1500.000,0.150,1.573,1331.000,1.609,1301.539,0.005,0.000,0.000,0.000,0.169,116.000,0.140,140.018,0.000,0.000,0.000,0.000
1186717,2026-05-26 15:55:40,60,20.100,31.107,29.300,984.935,238.457,41.593,1500.000,0.150,1.522,1090.000,1.318,1259.231,0.000,0.000,0.000,0.000,0.178,176.000,0.213,147.215,0.000,0.000,0.000,0.000
1206783,2026-05-26 15:56:00,61,20.100,31.107,29.290,984.940,238.414,41.254,1500.000,0.150,1.504,1185.000,1.432,1244.385,0.000,0.000,0.000,0.000,0.191,201.000,0.243,157.972,0.000,0.000,0.000,0.000
1226849,2026-05-26 15:56:20,62,20.100,31.107,29.290,984.957,238.264,41.662,1500.000,0.150,1.456,1045.000,1.263,1204.508,0.003,0.000,0.000,0.000,0.203,208.000,0.251,167.977,0.000,0.000,0.000,0.000
1246915,2026-05-26 15:56:40,63,20.100,31.107,29.290,984.940,238.409,41.254,1500.000,0.150,1.433,1109.000,1.341,1185.406,0.008,0.000,0.000,0.000,0.209,193.000,0.233,172.982,0.000,0.000,0.000,0.000
1267064,2026-05-26 15:57:00,64,20.100,31.107,29.280,984.941,238.404,41.429,1500.000,0.150,1.509,1499.000,1.812,1248.125,0.003,0.000,0.000,0.000,0.178,43.000,0.052,146.986,0.000,0.000,0.000,0.000
1287130,2026-05-26 15:57:21,65,20.100,31.107,29.330,984.982,238.050,41.387,1500.000,0.150,1.573,1514.000,1.830,1301.300,0.005,0.000,0.000,0.000,0.154,47.000,0.057,126.988,0.000,0.000,0.000,0.000
1307196,2026-05-26 15:57:41,66,20.100,31.107,29.330,984.950,238.327,41.270,1500.000,0.150,1.579,1325.000,1.602,1306.040,0.005,0.000,0.000,0.000,0.134,45.000,0.054,110.591,0.000,0.000,0.000,0.000
1327262,2026-05-26 15:58:01,67,20.100,31.107,29.300,984.922,238.561,41.348,1500.000,0.150,1.556,1211.000,1.464,1287.032,0.003,0.000,0.000,0.000,0.126,78.000,0.094,104.073,0.000,0.000,0.000,0.000
1347328,2026-05-26 15:58:21,68,20.100,31.107,29.270,984.933,238.474,41.393,1500.000,0.150,1.504,1075.000,1.299,1244.626,0.000,0.000,0.000,0.000,0.154,222.000,0.268,127.658,0.000,0.000,0.000,0.000
1367394,2026-05-26 15:58:41,69,20.100,31.107,29.270,984.908,238.685,41.590,1600.000,0.160,1.517,1298.000,1.569,1255.301,0.003,0.000,0.000,0.000,0.135,48.000,0.058,111.726,0.000,0.000,0.000,0.000
1387460,2026-05-26 15:59:01,70,20.100,31.107,29.260,984.900,238.753,41.555,1500.000,0.150,1.535,1329.000,1.606,1270.041,0.003,0.000,0.000,0.000,0.133,102.000,0.123,109.781,0.000,0.000,0.000,0.000
1407611,2026-05-26 15:59:21,71,20.100,31.107,29.250,984.893,238.814,41.519,1500.000,0.150,1.480,1041.000,1.258,1224.232,0.003,0.000,0.000,0.000,0.169,260.000,0.314,139.825,0.000,0.000,0.000,0.000
1427677,2026-05-26 15:59:41,72,20.100,31.107,29.240,984.927,238.521,41.494,1500.000,0.150,1.466,1169.000,1.413,1213.186,0.003,0.000,0.000,0.000,0.166,129.000,0.156,137.660,0.000,0.000,0.000,0.000
1447743,2026-05-26 16:00:01,73,20.100,31.107,29.280,984.904,238.721,41.522,1500.000,0.150,1.446,1130.000,1.366,1196.549,0.003,0.000,0.000,0.000,0.163,123.000,0.149,134.728,0.000,0.000,0.000,0.000
1467809,2026-05-26 16:00:21,74,20.100,31.107,29.250,984.894,238.806,41.787,1500.000,0.150,1.471,1299.000,1.570,1217.039,0.000,0.000,0.000,0.000,0.145,60.000,0.073,119.782,0.000,0.000,0.000,0.000
1487875,2026-05-26 16:00:41,75,20.100,31.107,29.290,984.901,238.742,41.568,1500.000,0.150,1.473,1223.000,1.478,1218.231,0.003,0.000,0.000,0.000,0.158,173.000,0.209,130.426,0.000,0.000,0.000,0.000
1507941,2026-05-26 16:01:01,76,20.000,31.107,29.320,984.895,238.797,41.677,1500.000,0.150,1.503,1345.000,1.626,1243.585,0.003,0.000,0.000,0.000,0.178,213.000,0.257,146.941,0.000,0.000,0.000,0.000
1528007,2026-05-26 16:01:21,77,20.000,31.107,29.300,984.891,238.826,41.769,1600.000,0.160,1.500,1232.000,1.489,1241.268,0.003,0.000,0.000,0.000,0.203,253.000,0.306,168.153,0.000,0.000,0.000,0.000
1548156,2026-05-26 16:01:42,78,20.100,31.107,29.290,984.888,238.853,41.441,1500.000,0.150,1.513,1292.000,1.562,1251.414,0.005,0.000,0.000,0.000,0.195,134.000,0.162,161.322,0.000,0.000,0.000,0.000
1568222,2026-05-26 16:02:02,79,20.000,31.107,29.360,984.899,238.760,41.459,1600.000,0.160,1.575,1511.000,1.826,1303.332,0.005,0.000,0.000,0.000,0.173,71.000,0.086,143.258,0.000,0.000,0.000,0.000
1588288,2026-05-26 16:02:22,80,20.100,31.107,29.410,984.903,238.731,41.149,1500.000,0.150,1.565,1262.000,1.525,1295.065,0.003,0.000,0.000,0.000,0.196,236.000,0.285,161.806,0.000,0.000,0.000,0.000
1608354,2026-05-26 16:02:42,81,20.000,31.107,29.330,984.901,238.740,41.329,1500.000,0.150,1.526,1131.000,1.367,1262.252,0.003,0.000,0.000,0.000,0.192,148.000,0.179,159.045,0.000,0.000,0.000,0.000
1628420,2026-05-26 16:03:02,82,20.000,31.107,29.330,984.872,238.987,41.341,1600.000,0.160,1.558,1397.000,1.689,1289.202,0.000,0.000,0.000,0.000,0.168,59.000,0.071,139.036,0.000,0.000,0.000,0.000
1648486,2026-05-26 16:03:22,83,20.000,31.107,29.350,984.868,239.022,41.505,1600.000,0.160,1.511,1093.000,1.321,1249.961,0.003,0.000,0.000,0.000,0.173,161.000,0.195,143.429,0.000,0.000,0.000,0.000
1668552,2026-05-26 16:03:42,84,20.100,31.107,29.380,984.886,238.870,41.111,1500.000,0.150,1.567,1482.000,1.791,1296.369,0.015,0.000,0.000,0.000,0.149,42.000,0.051,123.143,0.000,0.000,0.000,0.000
1688701,2026-05-26 16:04:02,85,20.100,31.107,29.390,984.888,238.854,41.101,1500.000,0.150,1.521,1106.000,1.337,1258.295,0.003,0.000,0.000,0.000,0.180,254.000,0.307,149.314,0.000,0.000,0.000,0.000
1708767,2026-05-26 16:04:22,86,20.000,31.215,29.390,984.898,238.768,41.229,1500.000,0.150,1.544,1353.000,1.635,1277.236,0.005,0.000,0.000,0.000,0.155,43.000,0.052,128.052,0.000,0.000,0.000,0.000
1728833,2026-05-26 16:04:42,87,20.000,31.107,29.390,984.872,238.991,41.193,1500.000,0.150,1.517,1167.000,1.411,1255.189,0.003,0.000,0.000,0.000,0.184,249.000,0.301,152.241,0.000,0.000,0.000,0.000
1748899,2026-05-26 16:05:02,88,20.100,31.107,29.390,984.888,238.857,41.077,1500.000,0.150,1.560,1433.000,1.732,1290.751,0.003,0.000,0.000,0.000,0.170,93.000,0.112,140.393,0.000,0.000,0.000,0.000
1768965,2026-05-26 16:05:22,89,20.100,31.107,29.370,984.876,238.954,41.028,1500.000,0.150,1.600,1456.000,1.760,1323.801,0.008,0.000,0.000,0.000,0.164,118.000,0.143,135.914,0.000,0.000,0.000,0.000
1789031,2026-05-26 16:05:42,90,20.100,31.107,29.340,984.853,239.150,40.863,1600.000,0.160,1.594,1298.000,1.569,1318.641,0.010,0.000,0.000,0.000,0.185,222.000,0.268,153.132,0.000,0.000,0.000,0.000
1809097,2026-05-26 16:06:03,91,20.100,30.998,29.240,984.855,239.140,40.668,1600.000,0.160,1.580,1262.000,1.525,1307.313,0.008,0.000,0.000,0.000,0.183,146.000,0.176,151.705,0.000,0.000,0.000,0.000
1829248,2026-05-26 16:06:23,92,20.100,30.998,29.130,984.860,239.096,40.670,1500.000,0.150,1.541,1145.000,1.384,1274.850,0.003,0.000,0.000,0.000,0.193,191.000,0.231,159.564,0.000,0.000,0.000,0.000
1849314,2026-05-26 16:06:43,93,20.000,30.998,29.020,984.855,239.140,40.671,1500.000,0.150,1.581,1441.000,1.742,1308.080,0.000,0.000,0.000,0.000,0.182,116.000,0.140,150.851,0.000,0.000,0.000,0.000
1869380,2026-05-26 16:07:03,94,20.100,30.998,28.900,984.819,239.440,40.625,1500.000,0.150,1.564,1235.000,1.493,1293.464,0.003,0.000,0.000,0.000,0.180,142.000,0.172,149.081,0.000,0.000,0.000,0.000
1889446,2026-05-26 16:07:23,95,20.100,30.890,28.750,984.778,239.796,40.577,1600.000,0.160,1.522,1122.000,1.356,1259.171,0.000,0.000,0.000,0.000,0.201,236.000,0.285,166.465,0.000,0.000,0.000,0.000
1909512,2026-05-26 16:07:43,96,20.100,30.890,28.670,984.807,239.546,40.372,1500.000,0.150,1.574,1476.000,1.784,1302.537,0.008,0.000,0.000,0.000,0.178,69.000,0.083,146.972,0.000,0.000,0.000,0.000
1929578,2026-05-26 16:08:03,97,20.100,30.890,28.510,984.848,239.358,40.207,1500.000,0.150,1.587,1355.000,1.638,1313.030,0.028,0.000,0.000,0.000,0.153,46.000,0.056,126.778,0.000,0.000,0.000,0.000
1949644,2026-05-26 16:08:23,98,20.100,30.782,28.340,984.797,239.634,40.191,1600.000,0.160,1.518,1025.000,1.239,1255.424,0.008,0.000,0.000,0.000,0.184,253.000,0.306,152.022,0.000,0.000,0.000,0.000
1969799,2026-05-26 16:08:43,99,20.100,30.782,28.190,984.802,239.586,40.190,1600.000,0.160,1.456,1001.000,1.210,1204.539,0.010,0.000,0.000,0.000,0.209,256.000,0.309,172.818,0.000,0.000,0.000,0.000
1989865,2026-05-26 16:09:03,100,20.100,30.674,28.080,984.786,239.726,40.005,1600.000,0.160,1.394,947.000,1.145,1153.031,0.000,0.000,0.000,0.000,0.230,260.000,0.314,190.254,0.000,0.000,0.000,0.000
2009931,2026-05-26 16:09:23,101,20.100,30.674,27.980,984.786,239.722,39.881,1500.000,0.150,1.340,930.000,1.124,1108.425,0.010,0.000,0.000,0.000,0.240,230.000,0.278,198.203,0.000,0.000,0.000,0.000
2029997,2026-05-26 16:09:43,102,20.100,30.566,27.860,984.807,239.542,39.661,1600.000,0.160,1.336,1091.000,1.319,1104.940,0.003,0.000,0.000,0.000,0.243,214.000,0.259,201.363,0.000,0.000,0.000,0.000
2050063,2026-05-26 16:10:03,103,20.100,30.566,27.780,984.805,239.562,39.538,1500.000,0.150,1.369,1243.000,1.503,1132.552,0.000,0.000,0.000,0.000,0.216,89.000,0.108,178.890,0.000,0.000,0.000,0.000
2070129,2026-05-26 16:10:24,104,20.100,30.459,27.720,984.822,239.422,39.336,1500.000,0.150,1.400,1262.000,1.525,1158.442,0.000,0.000,0.000,0.000,0.183,40.000,0.048,151.112,0.000,0.000,0.000,0.000
2090195,2026-05-26 16:10:44,105,20.100,30.459,27.660,984.778,239.796,39.214,1600.000,0.160,1.444,1340.000,1.620,1194.753,0.003,0.000,0.000,0.000,0.156,39.000,0.047,128.690,0.000,0.000,0.000,0.000
2110265,2026-05-26 16:11:04,106,20.100,30.351,27.620,984.777,239.803,39.269,1600.000,0.160,1.468,1293.000,1.563,1214.403,0.000,0.000,0.000,0.000,0.163,159.000,0.192,134.752,0.000,0.000,0.000,0.000
2130331,2026-05-26 16:11:24,107,20.100,30.351,27.560,984.794,239.659,39.333,1500.000,0.150,1.407,964.000,1.165,1164.322,0.003,0.000,0.000,0.000,0.183,216.000,0.261,151.001,0.000,0.000,0.000,0.000
2150397,2026-05-26 16:11:44,108,20.100,30.351,27.570,984.810,239.522,39.345,1600.000,0.160,1.435,1278.000,1.545,1187.058,0.013,0.000,0.000,0.000,0.157,45.000,0.054,129.801,0.000,0.000,0.000,0.000
2170463,2026-05-26 16:12:04,109,20.100,30.244,27.540,984.780,239.777,39.331,1600.000,0.160,1.487,1402.000,1.695,1230.046,0.008,0.000,0.000,0.000,0.137,48.000,0.058,113.441,0.000,0.000,0.000,0.000
2190529,2026-05-26 16:12:24,110,20.100,30.244,27.520,984.742,240.096,39.365,1600.000,0.160,1.495,1263.000,1.527,1236.637,0.000,0.000,0.000,0.000,0.144,143.000,0.173,119.353,0.000,0.000,0.000,0.000
2210595,2026-05-26 16:12:44,111,20.100,30.244,27.520,984.738,240.134,39.329,1600.000,0.160,1.460,1094.000,1.322,1208.110,0.010,0.000,0.000,0.000,0.157,174.000,0.210,130.282,0.000,0.000,0.000,0.000
2230661,2026-05-26 16:13:04,112,20.100,30.136,27.500,984.772,239.847,39.328,1600.000,0.160,1.446,1147.000,1.386,1195.888,0.000,0.000,0.000,0.000,0.158,132.000,0.160,130.626,0.000,0.000,0.000,0.000
2250727,2026-05-26 16:13:24,113,20.100,30.136,27.460,984.732,240.188,39.383,1600.000,0.160,1.485,1358.000,1.642,1228.310,0.000,0.000,0.000,0.000,0.136,39.000,0.047,112.301,0.000,0.000,0.000,0.000
2270793,2026-05-26 16:13:44,114,20.100,30.136,27.460,984.755,239.991,39.417,1600.000,0.160,1.421,964.000,1.165,1175.448,0.003,0.000,0.000,0.000,0.169,249.000,0.301,139.640,0.000,0.000,0.000,0.000
2290946,2026-05-26 16:14:04,115,20.100,30.136,27.460,984.738,240.133,39.499,1700.000,0.170,1.412,1138.000,1.376,1167.958,0.003,0.000,0.000,0.000,0.165,126.000,0.152,136.912,0.000,0.000,0.000,0.000
2311012,2026-05-26 16:14:24,116,20.100,30.136,27.480,984.751,240.021,39.604,1600.000,0.160,1.385,1058.000,1.279,1145.967,0.003,0.000,0.000,0.000,0.188,231.000,0.279,155.730,0.000,0.000,0.000,0.000
2331078,2026-05-26 16:14:44,117,20.100,30.029,27.470,984.750,240.032,39.766,1600.000,0.160,1.427,1319.000,1.594,1180.573,0.003,0.000,0.000,0.000,0.161,45.000,0.054,133.584,0.000,0.000,0.000,0.000
2351144,2026-05-26 16:15:05,118,20.000,30.029,27.470,984.749,240.038,40.091,1600.000,0.160,1.452,1283.000,1.551,1201.059,0.010,0.000,0.000,0.000,0.140,45.000,0.054,115.867,0.000,0.000,0.000,0.000
2371210,2026-05-26 16:15:25,119,20.100,30.029,27.490,984.785,239.736,39.989,1600.000,0.160,1.404,1005.000,1.215,1161.847,0.000,0.000,0.000,0.000,0.175,260.000,0.314,144.694,0.000,0.000,0.000,0.000
2391276,2026-05-26 16:15:45,120,20.100,30.029,27.510,984.768,239.878,40.269,1600.000,0.160,1.349,933.000,1.128,1116.078,0.008,0.000,0.000,0.000,0.193,221.000,0.267,159.955,0.000,0.000,0.000,0.000
2411342,2026-05-26 16:16:05,121,20.000,30.029,27.540,984.769,239.866,40.375,1700.000,0.170,1.390,1286.000,1.555,1150.062,0.010,0.000,0.000,0.000,0.176,90.000,0.109,145.964,0.000,0.000,0.000,0.000
2431410,2026-05-26 16:16:25,122,20.000,30.029,27.560,984.767,239.887,40.425,1600.000,0.160,1.442,1365.000,1.650,1193.050,0.003,0.000,0.000,0.000,0.151,40.000,0.048,124.771,0.000,0.000,0.000,0.000
2451476,2026-05-26 16:16:45,123,20.000,29.922,27.600,984.744,240.086,40.648,1700.000,0.170,1.492,1398.000,1.690,1234.040,0.013,0.000,0.000,0.000,0.137,67.000,0.081,113.217,0.000,0.000,0.000,0.000
2471542,2026-05-26 16:17:05,124,20.000,30.029,27.560,984.747,240.054,40.679,1600.000,0.160,1.514,1328.000,1.605,1252.832,0.000,0.000,0.000,0.000,0.151,170.000,0.205,124.574,0.000,0.000,0.000,0.000
2491608,2026-05-26 16:17:25,125,20.000,30.029,27.540,984.740,240.115,40.770,1600.000,0.160,1.456,1010.000,1.221,1204.266,0.005,0.000,0.000,0.000,0.178,239.000,0.289,147.459,0.000,0.000,0.000,0.000
2511674,2026-05-26 16:17:45,126,20.000,30.029,27.540,984.696,240.494,40.863,1600.000,0.160,1.416,1038.000,1.255,1171.013,0.005,0.000,0.000,0.000,0.171,118.000,0.143,141.567,0.000,0.000,0.000,0.000
2531740,2026-05-26 16:18:05,127,20.000,30.029,27.530,984.733,240.172,41.095,1600.000,0.160,1.441,1278.000,1.545,1192.410,0.008,0.000,0.000,0.000,0.149,49.000,0.059,123.054,0.000,0.000,0.000,0.000
2551806,2026-05-26 16:18:25,128,20.000,29.922,27.520,984.745,240.078,41.071,1600.000,0.160,1.410,1063.000,1.285,1166.528,0.008,0.000,0.000,0.000,0.175,230.000,0.278,144.443,0.000,0.000,0.000,0.000
2571872,2026-05-26 16:18:45,129,20.000,29.922,27.520,984.709,240.379,41.129,1600.000,0.160,1.385,1063.000,1.285,1145.823,0.015,0.000,0.000,0.000,0.167,115.000,0.139,138.554,0.000,0.000,0.000,0.000
2591938,2026-05-26 16:19:05,130,20.000,29.922,27.510,984.737,240.142,41.231,1600.000,0.160,1.351,1006.000,1.216,1117.858,0.000,0.000,0.000,0.000,0.194,248.000,0.300,160.443,0.000,0.000,0.000,0.000
2612099,2026-05-26 16:19:25,131,20.000,29.922,27.500,984.698,240.473,41.382,1600.000,0.160,1.430,1443.000,1.744,1182.886,0.008,0.000,0.000,0.000,0.177,89.000,0.108,146.155,0.000,0.000,0.000,0.000
2632165,2026-05-26 16:19:46,132,20.000,29.922,27.500,984.696,240.487,41.416,1600.000,0.160,1.451,1269.000,1.534,1200.109,0.003,0.000,0.000,0.000,0.151,41.000,0.050,125.124,0.000,0.000,0.000,0.000
2652231,2026-05-26 16:20:06,133,20.000,29.815,27.470,984.691,240.530,41.507,1500.000,0.150,1.473,1291.000,1.561,1218.287,0.008,0.000,0.000,0.000,0.145,99.000,0.120,119.899,0.000,0.000,0.000,0.000
2672297,2026-05-26 16:20:26,134,20.000,29.922,27.460,984.680,240.631,41.575,1500.000,0.150,1.474,1223.000,1.478,1219.230,0.008,0.000,0.000,0.000,0.174,242.000,0.293,144.319,0.000,0.000,0.000,0.000
2692363,2026-05-26 16:20:46,135,20.000,29.815,27.450,984.676,240.662,41.679,1600.000,0.160,1.458,1154.000,1.395,1206.184,0.010,0.000,0.000,0.000,0.202,257.000,0.311,166.855,0.000,0.000,0.000,0.000
2712429,2026-05-26 16:21:06,136,20.000,29.815,27.450,984.685,240.588,41.760,1600.000,0.160,1.426,1073.000,1.297,1179.547,0.008,0.000,0.000,0.000,0.221,247.000,0.299,182.884,0.000,0.000,0.000,0.000
2732495,2026-05-26 16:21:26,137,20.000,29.815,27.450,984.664,240.765,41.806,1600.000,0.160,1.384,1006.000,1.216,1144.838,0.005,0.000,0.000,0.000,0.238,251.000,0.303,196.507,0.000,0.000,0.000,0.000
2752563,2026-05-26 16:21:46,138,20.000,29.815,27.490,984.674,240.675,41.857,1600.000,0.160,1.407,1239.000,1.498,1163.670,0.003,0.000,0.000,0.000,0.221,129.000,0.156,183.006,0.000,0.000,0.000,0.000
2772629,2026-05-26 16:22:06,139,20.000,29.922,27.490,984.674,240.675,41.857,1600.000,0.160,1.477,1455.000,1.759,1221.936,0.003,0.000,0.000,0.000,0.186,39.000,0.047,154.205,0.000,0.000,0.000,0.000
2792695,2026-05-26 16:22:26,140,20.000,29.815,27.480,984.648,240.899,41.948,1600.000,0.160,1.467,1180.000,1.426,1213.549,0.010,0.000,0.000,0.000,0.199,205.000,0.248,164.364,0.000,0.000,0.000,0.000
2812761,2026-05-26 16:22:46,141,20.000,29.815,27.400,984.651,240.875,42.162,1500.000,0.150,1.431,1067.000,1.290,1184.239,0.000,0.000,0.000,0.000,0.221,256.000,0.309,182.691,0.000,0.000,0.000,0.000
2832827,2026-05-26 16:23:06,142,20.000,29.815,27.420,984.687,240.570,42.151,1600.000,0.160,1.420,1138.000,1.376,1174.991,0.013,0.000,0.000,0.000,0.220,181.000,0.219,182.353,0.000,0.000,0.000,0.000
2852893,2026-05-26 16:23:26,143,20.000,29.815,27.450,984.618,241.158,42.143,1600.000,0.160,1.439,1254.000,1.516,1190.793,0.010,0.000,0.000,0.000,0.188,48.000,0.058,155.482,0.000,0.000,0.000,0.000
2872959,2026-05-26 16:23:46,144,20.000,29.815,27.470,984.667,240.737,42.133,1600.000,0.160,1.406,1051.000,1.270,1162.835,0.008,0.000,0.000,0.000,0.197,191.000,0.231,162.586,0.000,0.000,0.000,0.000
2893025,2026-05-26 16:24:06,145,20.000,29.815,27.480,984.673,240.690,42.134,1500.000,0.150,1.448,1337.000,1.616,1197.668,0.003,0.000,0.000,0.000,0.187,125.000,0.151,155.069,0.000,0.000,0.000,0.000
2913091,2026-05-26 16:24:27,146,20.000,29.815,27.490,984.659,240.808,42.274,1700.000,0.170,1.512,1465.000,1.771,1251.134,0.008,0.000,0.000,0.000,0.171,87.000,0.105,141.455,0.000,0.000,0.000,0.000
2933254,2026-05-26 16:24:47,147,20.000,29.708,27.460,984.652,240.867,42.306,1700.000,0.170,1.560,1448.000,1.750,1290.507,0.015,0.000,0.000,0.000,0.148,45.000,0.054,122.164,0.000,0.000,0.000,0.000
2953320,2026-05-26 16:25:07,148,20.000,29.815,27.440,984.679,240.635,42.814,1600.000,0.160,1.573,1343.000,1.623,1301.006,0.000,0.000,0.000,0.000,0.132,58.000,0.070,109.331,0.000,0.000,0.000,0.000
2973386,2026-05-26 16:25:27,149,20.000,29.815,27.440,984.659,240.808,42.419,1700.000,0.170,1.607,1443.000,1.744,1329.405,0.008,0.000,0.000,0.000,0.118,52.000,0.063,97.865,0.000,0.000,0.000,0.000
2993452,2026-05-26 16:25:47,150,20.000,29.708,27.420,984.637,240.992,42.650,1600.000,0.160,1.621,1386.000,1.675,1340.724,0.015,0.000,0.000,0.000,0.110,65.000,0.079,91.292,0.000,0.000,0.000,0.000
3013518,2026-05-26 16:26:07,151,20.000,29.815,27.410,984.663,240.771,42.556,1700.000,0.170,1.620,1338.000,1.617,1340.179,0.010,0.000,0.000,0.000,0.134,188.000,0.227,110.634,0.000,0.000,0.000,0.000
3033584,2026-05-26 16:26:27,152,20.000,29.815,27.430,984.691,240.532,42.570,1600.000,0.160,1.576,1160.000,1.402,1304.143,0.010,0.000,0.000,0.000,0.167,249.000,0.301,138.307,0.000,0.000,0.000,0.000
3053650,2026-05-26 16:26:47,153,20.000,29.815,27.420,984.651,240.872,42.546,1600.000,0.160,1.551,1200.000,1.451,1283.315,0.010,0.000,0.000,0.000,0.193,247.000,0.299,160.045,0.000,0.000,0.000,0.000
3073718,2026-05-26 16:27:07,154,20.000,29.708,27.400,984.661,240.786,42.614,1500.000,0.150,1.576,1387.000,1.677,1304.052,0.008,0.000,0.000,0.000,0.179,100.000,0.121,148.036,0.000,0.000,0.000,0.000
3093784,2026-05-26 16:27:27,155,20.000,29.708,27.400,984.676,240.661,42.671,1500.000,0.150,1.576,1302.000,1.574,1303.641,0.000,0.000,0.000,0.000,0.156,53.000,0.064,129.029,0.000,0.000,0.000,0.000
3113850,2026-05-26 16:27:47,156,20.000,29.708,27.390,984.678,240.644,42.693,1600.000,0.160,1.527,1103.000,1.333,1263.513,0.000,0.000,0.000,0.000,0.183,239.000,0.289,151.023,0.000,0.000,0.000,0.000
3133916,2026-05-26 16:28:07,157,20.000,29.708,27.350,984.658,240.818,42.841,1700.000,0.170,1.536,1301.000,1.573,1271.010,0.000,0.000,0.000,0.000,0.174,115.000,0.139,143.819,0.000,0.000,0.000,0.000
3153982,2026-05-26 16:28:27,158,20.000,29.708,27.300,984.665,240.754,42.975,1600.000,0.160,1.569,1407.000,1.701,1298.208,0.005,0.000,0.000,0.000,0.163,97.000,0.117,134.455,0.000,0.000,0.000,0.000
3174048,2026-05-26 16:28:47,159,20.000,29.708,27.310,984.662,240.776,42.952,1500.000,0.150,1.542,1186.000,1.434,1275.767,0.000,0.000,0.000,0.000,0.181,209.000,0.253,149.364,0.000,0.000,0.000,0.000
3194114,2026-05-26 16:29:08,160,20.000,29.601,27.290,984.640,240.967,43.044,1600.000,0.160,1.590,1473.000,1.781,1315.213,0.005,0.000,0.000,0.000,0.168,98.000,0.118,139.091,0.000,0.000,0.000,0.000
3214180,2026-05-26 16:29:28,161,20.000,29.601,27.290,984.659,240.807,43.090,1600.000,0.160,1.547,1137.000,1.374,1279.571,0.015,0.000,0.000,0.000,0.190,228.000,0.276,156.873,0.000,0.000,0.000,0.000
3234246,2026-05-26 16:29:48,162,20.000,29.601,27.300,984.640,240.967,43.114,1600.000,0.160,1.605,1519.000,1.836,1327.457,0.005,0.000,0.000,0.000,0.163,46.000,0.056,134.698,0.000,0.000,0.000,0.000
3254316,2026-05-26 16:30:08,163,20.000,29.601,27.280,984.628,241.072,43.147,1600.000,0.160,1.568,1176.000,1.422,1297.165,0.000,0.000,0.000,0.000,0.193,261.000,0.315,159.959,0.000,0.000,0.000,0.000
3274382,2026-05-26 16:30:28,164,20.000,29.601,27.270,984.631,241.044,43.158,1500.000,0.150,1.537,1168.000,1.412,1271.332,0.008,0.000,0.000,0.000,0.184,122.000,0.147,152.367,0.000,0.000,0.000,0.000
3294448,2026-05-26 16:30:48,165,20.000,29.601,27.270,984.611,241.213,43.181,1500.000,0.150,1.534,1258.000,1.521,1268.666,0.013,0.000,0.000,0.000,0.182,145.000,0.175,150.894,0.000,0.000,0.000,0.000
3314514,2026-05-26 16:31:08,166,20.000,29.495,27.240,984.635,241.013,43.236,1500.000,0.150,1.517,1200.000,1.451,1254.933,0.010,0.000,0.000,0.000,0.205,244.000,0.295,169.515,0.000,0.000,0.000,0.000
3334580,2026-05-26 16:31:28,167,20.000,29.601,27.250,984.649,240.892,43.259,1500.000,0.150,1.556,1417.000,1.713,1287.346,0.008,0.000,0.000,0.000,0.185,86.000,0.104,152.812,0.000,0.000,0.000,0.000
3354646,2026-05-26 16:31:48,168,20.000,29.495,27.200,984.635,241.014,43.359,1500.000,0.150,1.615,1531.000,1.851,1336.077,0.008,0.000,0.000,0.000,0.160,50.000,0.060,132.250,0.000,0.000,0.000,0.000
3374712,2026-05-26 16:32:08,169,20.000,29.495,27.200,984.616,241.173,43.394,1500.000,0.150,1.586,1215.000,1.469,1311.862,0.015,0.000,0.000,0.000,0.185,235.000,0.284,152.800,0.000,0.000,0.000,0.000
3394778,2026-05-26 16:32:28,170,20.000,29.495,27.210,984.650,240.881,43.359,1600.000,0.160,1.525,1061.000,1.283,1261.689,0.013,0.000,0.000,0.000,0.198,206.000,0.249,163.440,0.000,0.000,0.000,0.000
3414844,2026-05-26 16:32:48,171,20.000,29.495,27.210,984.588,241.414,43.349,1500.000,0.150,1.533,1296.000,1.567,1268.551,0.013,0.000,0.000,0.000,0.170,49.000,0.059,140.552,0.000,0.000,0.000,0.000
2535,2026-05-26 16:33:10,1,20.000,29.495,27.200,984.616,241.173,43.382,1500.000,0.150,1.536,1271.000,1.536,1271.000,0.015,0.000,0.000,0.000,0.080,66.000,0.080,66.000,0.000,0.000,0.000,0.000
22654,2026-05-26 16:33:26,2,20.000,29.495,27.200,984.605,241.269,43.418,1600.000,0.160,1.512,1170.000,1.414,1250.800,0.003,0.000,0.000,0.000,0.121,237.000,0.286,100.200,0.000,0.000,0.000,0.000
42720,2026-05-26 16:33:46,3,20.000,29.495,27.200,984.591,241.386,43.440,1600.000,0.160,1.512,1251.000,1.512,1250.840,0.015,0.000,0.000,0.000,0.160,261.000,0.315,132.360,0.000,0.000,0.000,0.000
62786,2026-05-26 16:34:06,4,20.000,29.495,27.140,984.598,241.326,43.677,1500.000,0.150,1.510,1241.000,1.500,1248.872,0.008,0.000,0.000,0.000,0.169,170.000,0.205,139.888,0.000,0.000,0.000,0.000
82852,2026-05-26 16:34:26,5,20.000,29.495,27.160,984.621,241.338,43.575,1600.000,0.160,1.514,1266.000,1.530,1252.298,0.008,0.000,0.000,0.000,0.169,139.000,0.168,139.710,0.000,0.000,0.000,0.000
102918,2026-05-26 16:34:46,6,20.000,29.495,27.210,984.596,241.342,43.511,1500.000,0.150,1.521,1284.000,1.552,1258.638,0.010,0.000,0.000,0.000,0.147,48.000,0.058,121.368,0.000,0.000,0.000,0.000
122984,2026-05-26 16:35:06,7,20.000,29.495,27.230,984.613,241.197,43.479,1500.000,0.150,1.514,1228.000,1.484,1252.510,0.008,0.000,0.000,0.000,0.181,262.000,0.317,149.495,0.000,0.000,0.000,0.000
143133,2026-05-26 16:35:26,8,20.000,29.388,27.110,984.561,241.643,43.722,1500.000,0.150,1.474,1089.000,1.316,1219.808,0.005,0.000,0.000,0.000,0.201,235.000,0.284,166.596,0.000,0.000,0.000,0.000
163199,2026-05-26 16:35:46,9,20.000,29.388,27.080,984.583,241.450,43.811,1500.000,0.150,1.444,1093.000,1.321,1194.447,0.015,0.000,0.000,0.000,0.204,177.000,0.214,168.677,0.000,0.000,0.000,0.000
183265,2026-05-26 16:36:06,10,20.000,29.388,27.090,984.581,241.469,43.847,1500.000,0.150,1.458,1252.000,1.513,1205.957,0.008,0.000,0.000,0.000,0.201,157.000,0.190,166.341,0.000,0.000,0.000,0.000
203331,2026-05-26 16:36:26,11,20.000,29.388,27.130,984.597,241.331,43.758,1500.000,0.150,1.499,1378.000,1.666,1240.366,0.010,0.000,0.000,0.000,0.170,39.000,0.047,140.873,0.000,0.000,0.000,0.000
223397,2026-05-26 16:36:46,12,20.000,29.388,27.120,984.552,241.720,43.780,1500.000,0.150,1.509,1282.000,1.550,1248.693,0.008,0.000,0.000,0.000,0.167,129.000,0.156,138.498,0.000,0.000,0.000,0.000
243463,2026-05-26 16:37:06,13,20.000,29.388,27.050,984.588,241.414,43.890,1500.000,0.150,1.504,1225.000,1.481,1243.954,0.013,0.000,0.000,0.000,0.181,195.000,0.236,149.799,0.000,0.000,0.000,0.000
263529,2026-05-26 16:37:26,14,20.000,29.388,27.040,984.551,241.725,43.946,1500.000,0.150,1.527,1340.000,1.620,1263.163,0.013,0.000,0.000,0.000,0.168,96.000,0.116,139.039,0.000,0.000,0.000,0.000
283601,2026-05-26 16:37:46,15,20.000,29.388,27.060,984.555,241.688,43.913,1500.000,0.150,1.524,1250.000,1.511,1260.531,0.013,0.000,0.000,0.000,0.190,229.000,0.277,157.031,0.000,0.000,0.000,0.000
303667,2026-05-26 16:38:07,16,20.000,29.388,27.080,984.564,241.619,43.893,1500.000,0.150,1.579,1491.000,1.802,1306.625,0.000,0.000,0.000,0.000,0.177,102.000,0.123,146.025,0.000,0.000,0.000,0.000
323733,2026-05-26 16:38:27,17,20.000,29.388,27.090,984.566,241.597,43.881,1500.000,0.150,1.590,1352.000,1.634,1315.700,0.015,0.000,0.000,0.000,0.185,183.000,0.221,153.420,0.000,0.000,0.000,0.000
343799,2026-05-26 16:38:47,18,20.000,29.388,27.100,984.565,241.605,43.859,1500.000,0.150,1.552,1155.000,1.396,1283.560,0.008,0.000,0.000,0.000,0.210,256.000,0.309,173.936,0.000,0.000,0.000,0.000
363865,2026-05-26 16:39:07,19,20.000,29.388,27.110,984.545,241.775,43.838,1500.000,0.150,1.500,1070.000,1.293,1240.848,0.008,0.000,0.000,0.000,0.231,259.000,0.313,190.949,0.000,0.000,0.000,0.000
383931,2026-05-26 16:39:27,20,20.000,29.388,26.960,984.578,241.495,44.158,1500.000,0.150,1.446,1019.000,1.232,1196.478,0.010,0.000,0.000,0.000,0.238,222.000,0.268,197.159,0.000,0.000,0.000,0.000
403997,2026-05-26 16:39:47,21,20.000,29.388,27.000,984.575,241.520,44.116,1500.000,0.150,1.420,1089.000,1.316,1174.983,0.013,0.000,0.000,0.000,0.236,189.000,0.228,195.527,0.000,0.000,0.000,0.000
424063,2026-05-26 16:40:07,22,20.000,29.388,27.040,984.560,241.647,44.004,1500.000,0.150,1.435,1234.000,1.492,1186.786,0.013,0.000,0.000,0.000,0.233,180.000,0.218,192.422,0.000,0.000,0.000,0.000
444129,2026-05-26 16:40:27,23,20.000,29.282,27.080,984.535,241.866,43.927,1500.000,0.150,1.429,1164.000,1.407,1182.229,0.015,0.000,0.000,0.000,0.250,264.000,0.319,206.737,0.000,0.000,0.000,0.000
464203,2026-05-26 16:40:47,24,20.000,29.282,26.990,984.542,241.805,44.138,1500.000,0.150,1.422,1152.000,1.393,1176.183,0.008,0.000,0.000,0.000,0.230,124.000,0.150,190.190,0.000,0.000,0.000,0.000
484269,2026-05-26 16:41:07,25,20.000,29.282,26.980,984.548,241.748,44.241,1500.000,0.150,1.466,1358.000,1.642,1212.547,0.013,0.000,0.000,0.000,0.235,213.000,0.257,194.752,0.000,0.000,0.000,0.000
504335,2026-05-26 16:41:27,26,20.000,29.175,26.970,984.552,241.719,44.345,1500.000,0.150,1.453,1161.000,1.403,1202.237,0.010,0.000,0.000,0.000,0.222,139.000,0.168,183.602,0.000,0.000,0.000,0.000
524401,2026-05-26 16:41:47,27,20.000,29.282,27.080,984.557,241.672,44.135,1500.000,0.150,1.523,1490.000,1.801,1259.790,0.013,0.000,0.000,0.000,0.189,49.000,0.059,156.681,0.000,0.000,0.000,0.000
544467,2026-05-26 16:42:07,28,20.000,29.282,27.100,984.564,241.616,44.103,1500.000,0.150,1.543,1345.000,1.626,1276.832,0.013,0.000,0.000,0.000,0.173,88.000,0.106,142.945,0.000,0.000,0.000,0.000
564533,2026-05-26 16:42:27,29,20.000,29.282,27.110,984.526,241.938,44.081,1500.000,0.150,1.567,1374.000,1.661,1296.266,0.013,0.000,0.000,0.000,0.151,52.000,0.063,124.756,0.000,0.000,0.000,0.000
584599,2026-05-26 16:42:47,30,20.000,29.282,27.150,984.528,241.920,44.038,1500.000,0.150,1.545,1207.000,1.459,1278.413,0.000,0.000,0.000,0.000,0.141,83.000,0.100,116.405,0.000,0.000,0.000,0.000
604665,2026-05-26 16:43:08,31,20.000,29.282,27.090,984.550,241.733,44.148,1500.000,0.150,1.532,1225.000,1.481,1267.730,0.013,0.000,0.000,0.000,0.138,104.000,0.126,113.924,0.000,0.000,0.000,0.000
624731,2026-05-26 16:43:28,32,20.000,29.282,27.100,984.544,241.788,44.148,1500.000,0.150,1.549,1336.000,1.615,1281.384,0.010,0.000,0.000,0.000,0.144,139.000,0.168,118.939,0.000,0.000,0.000,0.000
644892,2026-05-26 16:43:48,33,20.000,29.282,27.070,984.534,241.872,44.215,1400.000,0.140,1.552,1296.000,1.567,1284.307,0.018,0.000,0.000,0.000,0.152,152.000,0.184,125.551,0.000,0.000,0.000,0.000
664958,2026-05-26 16:44:08,34,20.000,29.282,27.060,984.538,241.837,44.272,1500.000,0.150,1.553,1286.000,1.555,1284.646,0.018,0.000,0.000,0.000,0.153,131.000,0.158,126.641,0.000,0.000,0.000,0.000
685024,2026-05-26 16:44:28,35,20.000,29.175,27.020,984.512,242.061,44.396,1500.000,0.150,1.561,1317.000,1.592,1291.117,0.013,0.000,0.000,0.000,0.177,227.000,0.274,146.713,0.000,0.000,0.000,0.000
705090,2026-05-26 16:44:48,36,20.000,29.282,27.020,984.528,241.927,44.360,1500.000,0.150,1.570,1331.000,1.609,1299.093,0.008,0.000,0.000,0.000,0.165,95.000,0.115,136.370,0.000,0.000,0.000,0.000
725156,2026-05-26 16:45:08,37,20.000,29.282,27.020,984.571,241.554,44.360,1500.000,0.150,1.526,1115.000,1.348,1262.275,0.015,0.000,0.000,0.000,0.192,248.000,0.300,158.696,0.000,0.000,0.000,0.000
745222,2026-05-26 16:45:28,38,20.000,29.282,27.050,984.547,241.760,44.306,1500.000,0.150,1.575,1465.000,1.771,1302.820,0.008,0.000,0.000,0.000,0.186,136.000,0.164,154.157,0.000,0.000,0.000,0.000
765288,2026-05-26 16:45:48,39,20.000,29.282,27.050,984.552,241.721,44.318,1500.000,0.150,1.631,1534.000,1.854,1349.056,0.013,0.000,0.000,0.000,0.168,78.000,0.094,138.926,0.000,0.000,0.000,0.000
785364,2026-05-26 16:46:08,40,20.000,29.282,27.030,984.559,241.660,44.396,1400.000,0.140,1.575,1119.000,1.353,1303.045,0.000,0.000,0.000,0.000,0.191,234.000,0.283,157.940,0.000,0.000,0.000,0.000
805430,2026-05-26 16:46:28,41,20.000,29.175,27.050,984.528,241.924,44.329,1500.000,0.150,1.632,1539.000,1.860,1350.236,0.020,0.000,0.000,0.000,0.167,59.000,0.071,138.152,0.000,0.000,0.000,0.000
825496,2026-05-26 16:46:48,42,20.000,29.282,26.980,984.530,241.908,44.497,1400.000,0.140,1.554,1026.000,1.240,1285.389,0.010,0.000,0.000,0.000,0.195,256.000,0.309,161.722,0.000,0.000,0.000,0.000
845562,2026-05-26 16:47:08,43,20.000,29.175,26.880,984.530,241.907,44.787,1400.000,0.140,1.611,1522.000,1.840,1332.711,0.010,0.000,0.000,0.000,0.179,92.000,0.111,147.778,0.000,0.000,0.000,0.000
865628,2026-05-26 16:47:29,44,20.000,29.175,26.960,984.540,241.823,44.609,1400.000,0.140,1.583,1217.000,1.471,1309.569,0.010,0.000,0.000,0.000,0.201,242.000,0.293,166.622,0.000,0.000,0.000,0.000
885694,2026-05-26 16:47:49,45,20.000,29.175,26.970,984.550,241.735,44.576,1500.000,0.150,1.557,1203.000,1.454,1288.255,0.010,0.000,0.000,0.000,0.183,89.000,0.108,151.098,0.000,0.000,0.000,0.000
905760,2026-05-26 16:48:09,46,20.000,29.175,26.960,984.524,241.956,44.598,1500.000,0.150,1.542,1225.000,1.481,1275.604,0.008,0.000,0.000,0.000,0.165,77.000,0.093,136.278,0.000,0.000,0.000,0.000
925826,2026-05-26 16:48:29,47,20.000,29.175,26.980,984.525,241.945,44.542,1400.000,0.140,1.572,1400.000,1.692,1300.483,0.010,0.000,0.000,0.000,0.151,81.000,0.098,125.222,0.000,0.000,0.000,0.000
945892,2026-05-26 16:48:49,48,20.000,29.175,26.970,984.537,241.843,44.575,1500.000,0.150,1.532,1133.000,1.370,1266.987,0.010,0.000,0.000,0.000,0.159,158.000,0.191,131.778,0.000,0.000,0.000,0.000
965964,2026-05-26 16:49:09,49,20.000,29.175,26.850,984.536,241.855,44.830,1500.000,0.150,1.548,1334.000,1.613,1280.389,0.010,0.000,0.000,0.000,0.139,49.000,0.059,115.222,0.000,0.000,0.000,0.000
986030,2026-05-26 16:49:29,50,20.000,29.175,26.890,984.498,242.182,44.765,1400.000,0.140,1.567,1362.000,1.646,1296.712,0.010,0.000,0.000,0.000,0.135,98.000,0.118,111.778,0.000,0.000,0.000,0.000
1006096,2026-05-26 16:49:49,51,20.000,29.069,26.930,984.479,242.340,44.665,1400.000,0.140,1.543,1196.000,1.446,1276.569,0.013,0.000,0.000,0.000,0.134,106.000,0.128,110.622,0.000,0.000,0.000,0.000
1026162,2026-05-26 16:50:09,52,20.000,28.963,26.960,984.525,241.951,44.598,1400.000,0.140,1.500,1098.000,1.327,1240.855,0.008,0.000,0.000,0.000,0.146,160.000,0.193,120.498,0.000,0.000,0.000,0.000
1046228,2026-05-26 16:50:29,53,20.000,29.069,26.930,984.510,242.078,44.665,1400.000,0.140,1.461,1080.000,1.305,1208.684,0.015,0.000,0.000,0.000,0.163,191.000,0.231,134.598,0.000,0.000,0.000,0.000
1066294,2026-05-26 16:50:49,54,20.000,29.069,26.960,984.519,241.996,44.494,1400.000,0.140,1.418,1029.000,1.244,1172.747,0.010,0.000,0.000,0.000,0.191,253.000,0.306,158.279,0.000,0.000,0.000,0.000
1086360,2026-05-26 16:51:09,55,20.000,29.069,26.890,984.524,241.959,44.765,1400.000,0.140,1.426,1207.000,1.459,1179.598,0.013,0.000,0.000,0.000,0.213,246.000,0.297,175.823,0.000,0.000,0.000,0.000
1106426,2026-05-26 16:51:29,56,20.000,29.069,26.880,984.497,242.189,44.833,1400.000,0.140,1.482,1412.000,1.707,1226.078,0.018,0.000,0.000,0.000,0.187,71.000,0.086,154.858,0.000,0.000,0.000,0.000
1126492,2026-05-26 16:51:49,57,20.000,29.069,26.750,984.491,242.239,45.098,1400.000,0.140,1.487,1246.000,1.506,1230.063,0.018,0.000,0.000,0.000,0.173,97.000,0.117,143.287,0.000,0.000,0.000,0.000
1146568,2026-05-26 16:52:09,58,20.000,28.963,26.740,984.456,242.534,45.086,1400.000,0.140,1.491,1245.000,1.505,1233.050,0.015,0.000,0.000,0.000,0.193,227.000,0.274,160.029,0.000,0.000,0.000,0.000
1166634,2026-05-26 16:52:30,59,20.000,29.069,26.750,984.442,242.655,45.098,1400.000,0.140,1.536,1422.000,1.719,1270.840,0.015,0.000,0.000,0.000,0.190,146.000,0.176,157.223,0.000,0.000,0.000,0.000
1186700,2026-05-26 16:52:50,60,20.000,29.069,26.780,984.489,242.251,45.020,1400.000,0.140,1.536,1272.000,1.538,1271.072,0.010,0.000,0.000,0.000,0.188,150.000,0.181,155.779,0.000,0.000,0.000,0.000
1206766,2026-05-26 16:53:10,61,20.000,28.963,26.810,984.510,242.072,45.023,1400.000,0.140,1.498,1113.000,1.345,1239.458,0.015,0.000,0.000,0.000,0.212,255.000,0.308,175.623,0.000,0.000,0.000,0.000
1226832,2026-05-26 16:53:30,62,20.000,28.963,26.770,984.506,242.110,45.043,1400.000,0.140,1.488,1196.000,1.446,1230.766,0.010,0.000,0.000,0.000,0.231,254.000,0.307,191.298,0.000,0.000,0.000,0.000
1246898,2026-05-26 16:53:50,63,20.000,29.069,26.820,984.492,242.233,44.978,1400.000,0.140,1.540,1445.000,1.747,1273.613,0.010,0.000,0.000,0.000,0.201,68.000,0.082,166.639,0.000,0.000,0.000,0.000
1266964,2026-05-26 16:54:10,64,20.000,29.069,26.760,984.494,242.216,45.111,1400.000,0.140,1.570,1399.000,1.691,1298.690,0.015,0.000,0.000,0.000,0.172,43.000,0.052,141.911,0.000,0.000,0.000,0.000
1287030,2026-05-26 16:54:30,65,20.000,28.963,26.750,984.500,242.164,45.098,1400.000,0.140,1.597,1409.000,1.703,1320.752,0.020,0.000,0.000,0.000,0.148,45.000,0.054,122.529,0.000,0.000,0.000,0.000
1307096,2026-05-26 16:54:50,66,20.000,28.963,26.770,984.511,242.067,45.077,1400.000,0.140,1.646,1524.000,1.842,1361.402,0.015,0.000,0.000,0.000,0.135,68.000,0.082,111.623,0.000,0.000,0.000,0.000
1327168,2026-05-26 16:55:10,67,20.000,28.963,26.760,984.482,242.312,45.053,1400.000,0.140,1.621,1261.000,1.524,1341.322,0.015,0.000,0.000,0.000,0.147,162.000,0.196,121.698,0.000,0.000,0.000,0.000
1347234,2026-05-26 16:55:30,68,20.000,28.963,26.780,984.503,242.137,45.055,1400.000,0.140,1.647,1446.000,1.748,1362.257,0.013,0.000,0.000,0.000,0.157,162.000,0.196,129.759,0.000,0.000,0.000,0.000
1367300,2026-05-26 16:55:50,69,20.000,28.963,26.750,984.481,242.320,45.064,1300.000,0.130,1.690,1540.000,1.862,1397.806,0.015,0.000,0.000,0.000,0.145,79.000,0.095,119.607,0.000,0.000,0.000,0.000
1387366,2026-05-26 16:56:10,70,20.000,28.963,26.690,984.443,242.650,45.219,1400.000,0.140,1.649,1228.000,1.484,1363.845,0.000,0.000,0.000,0.000,0.165,205.000,0.248,136.686,0.000,0.000,0.000,0.000
1407432,2026-05-26 16:56:30,71,20.000,28.963,26.640,984.469,242.425,45.376,1300.000,0.130,1.661,1416.000,1.712,1374.276,0.008,0.000,0.000,0.000,0.143,45.000,0.054,118.348,0.000,0.000,0.000,0.000
1427498,2026-05-26 16:56:50,72,20.000,28.963,26.640,984.482,242.311,45.318,1400.000,0.140,1.653,1340.000,1.620,1367.421,0.003,0.000,0.000,0.000,0.137,95.000,0.115,113.679,0.000,0.000,0.000,0.000
1447564,2026-05-26 16:57:10,73,20.000,28.963,26.670,984.441,242.661,45.274,1300.000,0.130,1.615,1210.000,1.463,1335.936,0.013,0.000,0.000,0.000,0.166,230.000,0.278,136.943,0.000,0.000,0.000,0.000
1467630,2026-05-26 16:57:31,74,20.000,28.963,26.610,984.444,242.636,45.373,1400.000,0.140,1.560,1107.000,1.338,1290.149,0.018,0.000,0.000,0.000,0.196,264.000,0.319,162.354,0.000,0.000,0.000,0.000
1487696,2026-05-26 16:57:51,75,20.000,28.857,26.690,984.454,242.556,45.186,1400.000,0.140,1.533,1179.000,1.425,1267.919,0.015,0.000,0.000,0.000,0.216,242.000,0.293,178.284,0.000,0.000,0.000,0.000
1507766,2026-05-26 16:58:11,76,20.000,28.857,26.680,984.434,242.723,45.218,1400.000,0.140,1.569,1417.000,1.713,1297.736,0.008,0.000,0.000,0.000,0.201,119.000,0.144,166.427,0.000,0.000,0.000,0.000
1527832,2026-05-26 16:58:31,77,20.000,28.857,26.640,984.442,242.652,45.307,1400.000,0.140,1.526,1120.000,1.354,1262.188,0.015,0.000,0.000,0.000,0.205,183.000,0.221,169.741,0.000,0.000,0.000,0.000
1547898,2026-05-26 16:58:51,78,20.000,28.857,26.610,984.432,242.744,45.419,1400.000,0.140,1.535,1301.000,1.573,1269.951,0.013,0.000,0.000,0.000,0.198,142.000,0.172,164.193,0.000,0.000,0.000,0.000
1567964,2026-05-26 16:59:11,79,20.000,28.857,26.610,984.429,242.766,45.396,1400.000,0.140,1.564,1389.000,1.679,1293.761,0.018,0.000,0.000,0.000,0.171,50.000,0.060,141.355,0.000,0.000,0.000,0.000
1588030,2026-05-26 16:59:31,80,20.000,28.857,26.630,984.433,242.729,45.340,1400.000,0.140,1.548,1230.000,1.487,1281.009,0.013,0.000,0.000,0.000,0.201,265.000,0.320,166.084,0.000,0.000,0.000,0.000
1608096,2026-05-26 16:59:51,81,20.000,28.857,26.590,984.416,242.879,45.405,1400.000,0.140,1.582,1419.000,1.715,1308.607,0.015,0.000,0.000,0.000,0.175,60.000,0.073,144.867,0.000,0.000,0.000,0.000
1628162,2026-05-26 17:00:11,82,20.000,28.751,26.610,984.381,243.171,45.362,1400.000,0.140,1.559,1215.000,1.469,1289.886,0.015,0.000,0.000,0.000,0.188,198.000,0.239,155.494,0.000,0.000,0.000,0.000
1648228,2026-05-26 17:00:31,83,20.000,28.857,26.600,984.420,242.845,45.383,1400.000,0.140,1.544,1229.000,1.486,1277.709,0.015,0.000,0.000,0.000,0.196,187.000,0.226,161.795,0.000,0.000,0.000,0.000
1668294,2026-05-26 17:00:51,84,20.000,28.751,26.590,984.405,242.968,45.394,1400.000,0.140,1.531,1221.000,1.476,1266.367,0.008,0.000,0.000,0.000,0.207,207.000,0.250,170.836,0.000,0.000,0.000,0.000
1688372,2026-05-26 17:01:11,85,20.000,28.751,26.590,984.401,243.008,45.395,1400.000,0.140,1.493,1111.000,1.343,1235.294,0.013,0.000,0.000,0.000,0.228,261.000,0.315,188.869,0.000,0.000,0.000,0.000
1708438,2026-05-26 17:01:31,86,20.000,28.751,26.650,984.422,242.829,45.261,1300.000,0.130,1.488,1213.000,1.466,1230.835,0.015,0.000,0.000,0.000,0.233,209.000,0.253,192.895,0.000,0.000,0.000,0.000
1728504,2026-05-26 17:01:51,87,20.000,28.751,26.650,984.400,243.017,45.227,1400.000,0.140,1.542,1456.000,1.760,1275.868,0.015,0.000,0.000,0.000,0.198,48.000,0.058,163.916,0.000,0.000,0.000,0.000
1748570,2026-05-26 17:02:11,88,20.000,28.857,26.650,984.374,243.236,45.192,1300.000,0.130,1.523,1196.000,1.446,1259.894,0.013,0.000,0.000,0.000,0.212,221.000,0.267,175.333,0.000,0.000,0.000,0.000
1768636,2026-05-26 17:02:32,89,20.000,28.751,26.650,984.365,243.314,45.192,1400.000,0.140,1.581,1499.000,1.812,1307.715,0.015,0.000,0.000,0.000,0.199,121.000,0.146,164.466,0.000,0.000,0.000,0.000
1788702,2026-05-26 17:02:52,90,20.000,28.751,26.660,984.344,243.488,45.159,1400.000,0.140,1.519,1052.000,1.272,1256.572,0.015,0.000,0.000,0.000,0.219,248.000,0.300,181.173,0.000,0.000,0.000,0.000
1808768,2026-05-26 17:03:12,91,20.000,28.751,26.600,984.383,243.158,45.313,1400.000,0.140,1.476,1077.000,1.302,1220.658,0.013,0.000,0.000,0.000,0.232,235.000,0.284,191.938,0.000,0.000,0.000,0.000
1828834,2026-05-26 17:03:32,92,20.000,28.751,26.550,984.350,243.435,45.390,1300.000,0.130,1.447,1101.000,1.331,1196.726,0.015,0.000,0.000,0.000,0.239,219.000,0.265,197.351,0.000,0.000,0.000,0.000
1848900,2026-05-26 17:03:52,93,20.000,28.645,26.550,984.384,243.153,45.401,1400.000,0.140,1.465,1273.000,1.539,1211.981,0.010,0.000,0.000,0.000,0.212,89.000,0.108,175.681,0.000,0.000,0.000,0.000
1868984,2026-05-26 17:04:12,94,20.000,28.645,26.530,984.404,242.980,45.377,1400.000,0.140,1.532,1489.000,1.800,1267.385,0.015,0.000,0.000,0.000,0.181,48.000,0.058,150.144,0.000,0.000,0.000,0.000
1889050,2026-05-26 17:04:32,95,20.000,28.751,26.520,984.372,243.256,45.398,1400.000,0.140,1.606,1575.000,1.904,1328.908,0.013,0.000,0.000,0.000,0.158,51.000,0.062,130.316,0.000,0.000,0.000,0.000
1909116,2026-05-26 17:04:52,96,20.000,28.645,26.490,984.356,243.391,45.466,1400.000,0.140,1.652,1516.000,1.833,1366.326,0.013,0.000,0.000,0.000,0.158,132.000,0.160,130.652,0.000,0.000,0.000,0.000
1929182,2026-05-26 17:05:12,97,20.000,28.645,26.540,984.352,243.418,45.378,1400.000,0.140,1.588,1104.000,1.335,1313.861,0.013,0.000,0.000,0.000,0.183,236.000,0.285,151.722,0.000,0.000,0.000,0.000
1949248,2026-05-26 17:05:32,98,20.000,28.645,26.600,984.402,242.999,45.244,1400.000,0.140,1.610,1404.000,1.697,1331.889,0.013,0.000,0.000,0.000,0.158,46.000,0.056,130.578,0.000,0.000,0.000,0.000
1969314,2026-05-26 17:05:52,99,20.000,28.751,26.690,984.369,243.276,45.000,1400.000,0.140,1.591,1252.000,1.513,1315.911,0.018,0.000,0.000,0.000,0.176,205.000,0.248,145.462,0.000,0.000,0.000,0.000
1989380,2026-05-26 17:06:12,100,20.000,28.645,26.780,984.379,243.188,44.730,1400.000,0.140,1.559,1186.000,1.434,1289.929,0.015,0.000,0.000,0.000,0.167,107.000,0.129,137.770,0.000,0.000,0.000,0.000
2009446,2026-05-26 17:06:32,101,20.000,28.751,26.790,984.378,243.198,44.696,1400.000,0.140,1.548,1243.000,1.503,1280.543,0.013,0.000,0.000,0.000,0.180,195.000,0.236,149.216,0.000,0.000,0.000,0.000
2029512,2026-05-26 17:06:52,102,20.000,28.645,26.810,984.390,243.101,44.618,1400.000,0.140,1.524,1182.000,1.429,1260.834,0.010,0.000,0.000,0.000,0.201,233.000,0.282,165.973,0.000,0.000,0.000,0.000
2049594,2026-05-26 17:07:12,103,20.000,28.751,26.810,984.372,243.250,44.618,1400.000,0.140,1.526,1269.000,1.534,1262.468,0.015,0.000,0.000,0.000,0.224,261.000,0.315,184.978,0.000,0.000,0.000,0.000
2069660,2026-05-26 17:07:33,104,20.000,28.751,26.830,984.407,242.956,44.574,1400.000,0.140,1.592,1534.000,1.854,1316.774,0.013,0.000,0.000,0.000,0.190,46.000,0.056,157.182,0.000,0.000,0.000,0.000
2089726,2026-05-26 17:07:53,105,20.000,28.751,26.870,984.401,243.001,44.508,1400.000,0.140,1.575,1246.000,1.506,1302.619,0.015,0.000,0.000,0.000,0.217,270.000,0.326,179.746,0.000,0.000,0.000,0.000
2109792,2026-05-26 17:08:13,106,20.000,28.751,26.870,984.373,243.243,44.393,1400.000,0.140,1.620,1492.000,1.804,1340.495,0.013,0.000,0.000,0.000,0.190,65.000,0.079,156.797,0.000,0.000,0.000,0.000
2129858,2026-05-26 17:08:33,107,20.000,28.751,26.890,984.385,243.142,44.417,1400.000,0.140,1.635,1399.000,1.691,1352.196,0.010,0.000,0.000,0.000,0.163,46.000,0.056,134.637,0.000,0.000,0.000,0.000
2149924,2026-05-26 17:08:53,108,20.000,28.751,26.880,984.370,243.265,44.476,1400.000,0.140,1.645,1394.000,1.685,1360.557,0.010,0.000,0.000,0.000,0.146,67.000,0.081,121.110,0.000,0.000,0.000,0.000
2169990,2026-05-26 17:09:13,109,20.000,28.751,26.920,984.368,243.289,44.293,1400.000,0.140,1.619,1253.000,1.515,1339.046,0.010,0.000,0.000,0.000,0.165,198.000,0.239,136.488,0.000,0.000,0.000,0.000
2190056,2026-05-26 17:09:33,110,20.000,28.751,26.940,984.391,243.090,44.307,1300.000,0.130,1.569,1135.000,1.372,1298.237,0.015,0.000,0.000,0.000,0.181,201.000,0.243,149.390,0.000,0.000,0.000,0.000
2210122,2026-05-26 17:09:53,111,20.000,28.751,26.970,984.382,243.170,44.194,1400.000,0.140,1.574,1319.000,1.594,1302.389,0.015,0.000,0.000,0.000,0.201,232.000,0.280,165.912,0.000,0.000,0.000,0.000
2230198,2026-05-26 17:10:13,112,20.000,28.857,27.080,984.382,243.164,44.021,1400.000,0.140,1.511,1041.000,1.258,1250.111,0.013,0.000,0.000,0.000,0.217,236.000,0.285,179.930,0.000,0.000,0.000,0.000
2250264,2026-05-26 17:10:33,113,20.000,28.857,27.110,984.395,243.057,43.907,1400.000,0.140,1.481,1124.000,1.359,1224.889,0.013,0.000,0.000,0.000,0.235,252.000,0.305,194.344,0.000,0.000,0.000,0.000
2270330,2026-05-26 17:10:53,114,20.000,28.857,27.170,984.387,243.125,43.750,1400.000,0.140,1.486,1249.000,1.510,1229.711,0.013,0.000,0.000,0.000,0.241,220.000,0.266,199.475,0.000,0.000,0.000,0.000
2290396,2026-05-26 17:11:13,115,20.000,28.857,27.190,984.379,243.196,43.694,1300.000,0.130,1.446,1061.000,1.283,1195.969,0.010,0.000,0.000,0.000,0.255,256.000,0.309,210.780,0.000,0.000,0.000,0.000
2310462,2026-05-26 17:11:33,116,20.000,28.857,27.200,984.378,243.203,43.614,1300.000,0.130,1.514,1480.000,1.789,1252.775,0.010,0.000,0.000,0.000,0.219,61.000,0.074,180.824,0.000,0.000,0.000,0.000
2330528,2026-05-26 17:11:53,117,20.000,28.857,27.220,984.385,243.140,43.627,1300.000,0.130,1.537,1346.000,1.627,1271.420,0.010,0.000,0.000,0.000,0.227,217.000,0.262,188.059,0.000,0.000,0.000,0.000
2350594,2026-05-26 17:12:13,118,20.000,28.857,27.230,984.385,243.144,43.594,1300.000,0.130,1.546,1311.000,1.585,1279.336,0.010,0.000,0.000,0.000,0.196,60.000,0.073,162.447,0.000,0.000,0.000,0.000
2370660,2026-05-26 17:12:34,119,20.000,28.857,27.240,984.352,243.422,43.664,1300.000,0.130,1.551,1298.000,1.569,1283.069,0.010,0.000,0.000,0.000,0.192,144.000,0.174,158.758,0.000,0.000,0.000,0.000
2390726,2026-05-26 17:12:54,120,20.000,28.963,27.210,984.396,243.048,43.604,1300.000,0.130,1.579,1399.000,1.691,1306.255,0.010,0.000,0.000,0.000,0.171,74.000,0.089,141.806,0.000,0.000,0.000,0.000
2410802,2026-05-26 17:13:14,121,20.000,28.857,27.260,984.351,243.433,43.504,1400.000,0.140,1.538,1138.000,1.376,1272.604,0.010,0.000,0.000,0.000,0.200,261.000,0.315,165.645,0.000,0.000,0.000,0.000
2430868,2026-05-26 17:13:34,122,20.000,28.963,27.260,984.328,243.630,43.573,1400.000,0.140,1.534,1253.000,1.515,1268.683,0.013,0.000,0.000,0.000,0.211,210.000,0.254,174.516,0.000,0.000,0.000,0.000
2450934,2026-05-26 17:13:54,123,20.000,28.963,27.320,984.352,243.424,43.406,1300.000,0.130,1.548,1328.000,1.605,1280.547,0.010,0.000,0.000,0.000,0.183,57.000,0.069,151.013,0.000,0.000,0.000,0.000
2471000,2026-05-26 17:14:14,124,20.000,28.963,27.330,984.354,243.407,43.396,1300.000,0.130,1.555,1309.000,1.582,1286.237,0.010,0.000,0.000,0.000,0.179,137.000,0.166,148.210,0.000,0.000,0.000,0.000
2491066,2026-05-26 17:14:34,125,20.000,28.963,27.360,984.346,243.473,43.294,1300.000,0.130,1.537,1214.000,1.467,1271.790,0.013,0.000,0.000,0.000,0.204,251.000,0.303,168.768,0.000,0.000,0.000,0.000
2511132,2026-05-26 17:14:54,126,20.000,28.963,27.400,984.288,243.968,43.310,1300.000,0.130,1.547,1312.000,1.586,1279.832,0.013,0.000,0.000,0.000,0.223,248.000,0.300,184.615,0.000,0.000,0.000,0.000
2531198,2026-05-26 17:15:14,127,20.000,28.963,27.490,984.285,243.992,42.945,1300.000,0.130,1.575,1397.000,1.689,1303.266,0.015,0.000,0.000,0.000,0.200,90.000,0.109,165.692,0.000,0.000,0.000,0.000
2551264,2026-05-26 17:15:34,128,20.000,28.963,27.480,984.266,244.158,42.969,1300.000,0.130,1.582,1330.000,1.608,1308.613,0.013,0.000,0.000,0.000,0.206,191.000,0.231,170.753,0.000,0.000,0.000,0.000
2571330,2026-05-26 17:15:54,129,20.000,28.963,27.520,984.282,244.021,42.973,1300.000,0.130,1.640,1550.000,1.874,1356.890,0.015,0.000,0.000,0.000,0.182,70.000,0.085,150.603,0.000,0.000,0.000,0.000
2591402,2026-05-26 17:16:14,130,20.000,28.963,27.480,984.292,243.935,43.085,1300.000,0.130,1.634,1331.000,1.609,1351.712,0.013,0.000,0.000,0.000,0.173,112.000,0.135,142.882,0.000,0.000,0.000,0.000
2611468,2026-05-26 17:16:34,131,20.000,28.963,27.460,984.253,244.262,43.014,1300.000,0.130,1.569,1084.000,1.310,1298.170,0.013,0.000,0.000,0.000,0.201,258.000,0.312,165.906,0.000,0.000,0.000,0.000
2631534,2026-05-26 17:16:54,132,20.000,28.963,27.510,984.272,244.108,42.786,1300.000,0.130,1.538,1171.000,1.415,1272.736,0.010,0.000,0.000,0.000,0.220,245.000,0.296,181.725,0.000,0.000,0.000,0.000
2651600,2026-05-26 17:17:14,133,20.000,29.069,27.550,984.285,243.990,42.801,1300.000,0.130,1.539,1276.000,1.542,1273.389,0.013,0.000,0.000,0.000,0.216,168.000,0.203,178.980,0.000,0.000,0.000,0.000
2671666,2026-05-26 17:17:35,134,20.000,29.175,27.550,984.276,244.070,42.813,1300.000,0.130,1.555,1339.000,1.619,1286.511,0.013,0.000,0.000,0.000,0.185,49.000,0.059,152.984,0.000,0.000,0.000,0.000
2691732,2026-05-26 17:17:55,135,20.000,29.069,27.560,984.258,244.227,42.732,1300.000,0.130,1.537,1213.000,1.466,1271.809,0.013,0.000,0.000,0.000,0.195,193.000,0.233,160.987,0.000,0.000,0.000,0.000
2711798,2026-05-26 17:18:15,136,20.000,29.069,27.540,984.236,244.410,42.801,1300.000,0.130,1.513,1171.000,1.415,1251.647,0.013,0.000,0.000,0.000,0.188,133.000,0.161,155.390,0.000,0.000,0.000,0.000
2731864,2026-05-26 17:18:35,137,20.000,29.069,27.550,984.267,244.149,42.895,1300.000,0.130,1.465,1052.000,1.272,1211.718,0.010,0.000,0.000,0.000,0.207,233.000,0.282,170.912,0.000,0.000,0.000,0.000
2751930,2026-05-26 17:18:55,138,20.000,29.069,27.510,984.247,244.315,43.087,1300.000,0.130,1.469,1228.000,1.484,1214.974,0.015,0.000,0.000,0.000,0.184,79.000,0.095,152.529,0.000,0.000,0.000,0.000
2772004,2026-05-26 17:19:15,139,20.000,29.069,27.520,984.242,244.360,42.821,1300.000,0.130,1.458,1170.000,1.414,1205.979,0.010,0.000,0.000,0.000,0.176,116.000,0.140,145.223,0.000,0.000,0.000,0.000
2792070,2026-05-26 17:19:35,140,20.000,29.069,27.550,984.242,244.362,42.743,1300.000,0.130,1.488,1329.000,1.606,1230.583,0.010,0.000,0.000,0.000,0.153,50.000,0.060,126.179,0.000,0.000,0.000,0.000
2812136,2026-05-26 17:19:55,141,20.000,29.069,27.540,984.233,244.439,42.962,1300.000,0.130,1.533,1419.000,1.715,1268.267,0.013,0.000,0.000,0.000,0.135,55.000,0.066,111.943,0.000,0.000,0.000,0.000
2832202,2026-05-26 17:20:15,142,20.000,29.069,27.540,984.257,244.236,42.639,1300.000,0.130,1.526,1240.000,1.499,1262.613,0.013,0.000,0.000,0.000,0.161,217.000,0.262,132.954,0.000,0.000,0.000,0.000
2852268,2026-05-26 17:20:35,143,20.000,29.069,27.540,984.270,244.121,42.766,1300.000,0.130,1.488,1104.000,1.335,1230.891,0.013,0.000,0.000,0.000,0.174,189.000,0.228,144.164,0.000,0.000,0.000,0.000
2872334,2026-05-26 17:20:55,144,20.000,29.175,27.560,984.265,244.165,42.628,1300.000,0.130,1.521,1368.000,1.654,1258.313,0.010,0.000,0.000,0.000,0.166,108.000,0.131,136.931,0.000,0.000,0.000,0.000
2892400,2026-05-26 17:21:15,145,20.000,29.069,27.550,984.268,244.141,42.697,1300.000,0.130,1.476,1073.000,1.297,1221.250,0.013,0.000,0.000,0.000,0.189,235.000,0.284,156.545,0.000,0.000,0.000,0.000
2912466,2026-05-26 17:21:35,146,20.000,29.069,27.560,984.280,244.032,42.651,1300.000,0.130,1.555,1545.000,1.868,1286.000,0.010,0.000,0.000,0.000,0.169,74.000,0.089,140.036,0.000,0.000,0.000,0.000
2932532,2026-05-26 17:21:55,147,20.000,29.175,27.550,984.237,244.398,42.640,1300.000,0.130,1.618,1548.000,1.871,1338.400,0.013,0.000,0.000,0.000,0.146,42.000,0.051,120.429,0.000,0.000,0.000,0.000
2952608,2026-05-26 17:22:15,148,20.000,29.175,27.540,984.240,244.375,42.580,1300.000,0.130,1.581,1186.000,1.434,1307.920,0.010,0.000,0.000,0.000,0.178,254.000,0.307,147.143,0.000,0.000,0.000,0.000
2972674,2026-05-26 17:22:36,149,20.000,29.069,27.520,984.243,244.352,42.729,1300.000,0.130,1.629,1506.000,1.820,1347.536,0.010,0.000,0.000,0.000,0.169,109.000,0.132,139.514,0.000,0.000,0.000,0.000
2992740,2026-05-26 17:22:56,150,20.000,29.069,27.530,984.244,244.343,42.730,1300.000,0.130,1.619,1306.000,1.579,1339.229,0.015,0.000,0.000,0.000,0.164,121.000,0.146,135.811,0.000,0.000,0.000,0.000
3012806,2026-05-26 17:23:16,151,20.000,29.175,27.520,984.241,244.371,42.857,1300.000,0.130,1.613,1316.000,1.591,1334.583,0.010,0.000,0.000,0.000,0.188,234.000,0.283,155.449,0.000,0.000,0.000,0.000
3032872,2026-05-26 17:23:36,152,20.000,29.069,27.520,984.254,244.261,42.787,1300.000,0.130,1.608,1312.000,1.586,1330.066,0.010,0.000,0.000,0.000,0.163,52.000,0.063,134.759,0.000,0.000,0.000,0.000
3052938,2026-05-26 17:23:56,153,20.000,29.175,27.530,984.238,244.397,42.707,1300.000,0.130,1.535,1030.000,1.245,1270.053,0.010,0.000,0.000,0.000,0.190,248.000,0.300,157.407,0.000,0.000,0.000,0.000
3073004,2026-05-26 17:24:16,154,20.000,29.175,27.540,984.239,244.385,42.673,1300.000,0.130,1.572,1423.000,1.720,1300.642,0.015,0.000,0.000,0.000,0.194,171.000,0.207,160.126,0.000,0.000,0.000,0.000
3093070,2026-05-26 17:24:36,155,20.000,29.175,27.570,984.237,244.398,42.595,1300.000,0.130,1.592,1382.000,1.671,1316.914,0.010,0.000,0.000,0.000,0.175,85.000,0.103,145.101,0.000,0.000,0.000,0.000
3113136,2026-05-26 17:24:56,156,20.000,29.069,27.540,984.249,244.300,42.661,1300.000,0.130,1.570,1227.000,1.483,1298.931,0.010,0.000,0.000,0.000,0.159,78.000,0.094,131.681,0.000,0.000,0.000,0.000
3133204,2026-05-26 17:25:16,157,20.000,29.175,27.520,984.247,244.314,42.694,1300.000,0.130,1.545,1196.000,1.446,1278.345,0.010,0.000,0.000,0.000,0.185,240.000,0.290,153.344,0.000,0.000,0.000,0.000
3153270,2026-05-26 17:25:36,158,20.000,29.175,27.550,984.249,244.302,42.673,1300.000,0.130,1.557,1325.000,1.602,1287.676,0.013,0.000,0.000,0.000,0.183,145.000,0.175,151.676,0.000,0.000,0.000,0.000
3173336,2026-05-26 17:25:56,159,20.000,29.175,27.530,984.252,244.273,43.089,1300.000,0.130,1.525,1158.000,1.400,1261.741,0.013,0.000,0.000,0.000,0.174,112.000,0.135,143.740,0.000,0.000,0.000,0.000
3193402,2026-05-26 17:26:16,160,20.000,29.175,27.560,984.212,244.614,42.778,1300.000,0.130,1.500,1157.000,1.399,1240.793,0.013,0.000,0.000,0.000,0.197,238.000,0.288,162.592,0.000,0.000,0.000,0.000
3213468,2026-05-26 17:26:36,161,20.000,29.175,27.550,984.250,244.288,42.951,1300.000,0.130,1.543,1418.000,1.714,1276.234,0.013,0.000,0.000,0.000,0.174,69.000,0.083,143.874,0.000,0.000,0.000,0.000
3233534,2026-05-26 17:26:56,162,20.000,29.175,27.530,984.223,244.520,42.812,1300.000,0.130,1.510,1143.000,1.382,1249.587,0.010,0.000,0.000,0.000,0.194,227.000,0.274,160.499,0.000,0.000,0.000,0.000
3253600,2026-05-26 17:27:16,163,20.000,29.175,27.530,984.235,244.417,42.673,1300.000,0.130,1.459,1037.000,1.254,1207.070,0.010,0.000,0.000,0.000,0.217,255.000,0.308,179.399,0.000,0.000,0.000,0.000
3273666,2026-05-26 17:27:37,164,20.000,29.175,27.520,984.260,244.206,42.846,1300.000,0.130,1.448,1161.000,1.403,1197.856,0.010,0.000,0.000,0.000,0.205,130.000,0.157,169.519,0.000,0.000,0.000,0.000
3293732,2026-05-26 17:27:57,165,20.000,29.175,27.510,984.254,244.256,42.994,1300.000,0.130,1.466,1274.000,1.540,1213.085,0.013,0.000,0.000,0.000,0.199,143.000,0.173,164.216,0.000,0.000,0.000,0.000
3313800,2026-05-26 17:28:17,166,20.000,29.175,27.510,984.228,244.480,42.855,1300.000,0.130,1.480,1268.000,1.533,1224.068,0.010,0.000,0.000,0.000,0.177,77.000,0.093,146.772,0.000,0.000,0.000,0.000
3333866,2026-05-26 17:28:37,167,20.000,29.175,27.540,984.231,244.456,43.091,1300.000,0.130,1.505,1329.000,1.606,1245.054,0.013,0.000,0.000,0.000,0.174,131.000,0.158,143.618,0.000,0.000,0.000,0.000
3353932,2026-05-26 17:28:57,168,20.000,29.175,27.510,984.220,244.550,43.284,1300.000,0.130,1.488,1174.000,1.419,1230.844,0.010,0.000,0.000,0.000,0.201,256.000,0.309,166.094,0.000,0.000,0.000,0.000
3373998,2026-05-26 17:29:17,169,20.000,29.175,27.520,984.212,244.617,43.076,1300.000,0.130,1.479,1196.000,1.446,1223.875,0.013,0.000,0.000,0.000,0.184,95.000,0.115,151.876,0.000,0.000,0.000,0.000
3394064,2026-05-26 17:29:37,170,20.000,29.175,27.500,984.200,244.721,43.075,1300.000,0.130,1.484,1243.000,1.503,1227.700,0.015,0.000,0.000,0.000,0.168,87.000,0.105,138.900,0.000,0.000,0.000,0.000
3414130,2026-05-26 17:29:57,171,20.000,29.175,27.470,984.234,244.430,42.979,1300.000,0.130,1.509,1329.000,1.606,1247.960,0.010,0.000,0.000,0.000,0.162,114.000,0.138,133.920,0.000,0.000,0.000,0.000
3434196,2026-05-26 17:30:17,172,20.000,29.175,27.460,984.222,244.527,43.350,1300.000,0.130,1.544,1393.000,1.684,1276.968,0.000,0.000,0.000,0.000,0.177,198.000,0.239,146.736,0.000,0.000,0.000,0.000
3454262,2026-05-26 17:30:37,173,20.000,29.175,27.440,984.242,244.362,43.382,1400.000,0.140,1.550,1303.000,1.575,1282.174,0.013,0.000,0.000,0.000,0.172,124.000,0.150,142.189,0.000,0.000,0.000,0.000
3474328,2026-05-26 17:30:57,174,20.000,29.175,27.470,984.194,244.767,43.245,1400.000,0.140,1.550,1283.000,1.551,1282.339,0.010,0.000,0.000,0.000,0.162,103.000,0.125,134.351,0.000,0.000,0.000,0.000
3494398,2026-05-26 17:31:17,175,20.000,29.175,27.490,984.194,244.767,43.386,1400.000,0.140,1.565,1343.000,1.623,1294.472,0.010,0.000,0.000,0.000,0.144,57.000,0.069,118.881,0.000,0.000,0.000,0.000
3514464,2026-05-26 17:31:37,176,20.000,29.175,27.550,984.233,244.440,43.080,1400.000,0.140,1.591,1405.000,1.698,1316.577,0.013,0.000,0.000,0.000,0.128,54.000,0.065,105.905,0.000,0.000,0.000,0.000
2412,2026-05-26 17:31:52,1,20.000,29.175,27.620,984.200,244.714,42.993,1400.000,0.140,1.413,1169.000,1.413,1169.000,0.010,0.000,0.000,0.000,0.099,82.000,0.099,82.000,0.000,0.000,0.000,0.000
22533,2026-05-26 17:32:11,2,20.000,29.175,27.630,984.219,244.560,42.891,1300.000,0.130,1.463,1376.000,1.663,1210.400,0.010,0.000,0.000,0.000,0.105,108.000,0.131,87.200,0.000,0.000,0.000,0.000
42599,2026-05-26 17:32:31,3,20.000,29.175,27.650,984.195,244.762,42.800,1300.000,0.130,1.476,1262.000,1.525,1220.720,0.013,0.000,0.000,0.000,0.102,74.000,0.089,84.560,0.000,0.000,0.000,0.000
62665,2026-05-26 17:32:51,4,20.000,29.175,27.640,984.205,244.678,42.764,1400.000,0.140,1.466,1180.000,1.426,1212.576,0.015,0.000,0.000,0.000,0.134,214.000,0.259,110.448,0.000,0.000,0.000,0.000
82731,2026-05-26 17:33:11,5,20.000,29.175,27.660,984.157,245.080,42.766,1300.000,0.130,1.504,1370.000,1.656,1244.061,0.010,0.000,0.000,0.000,0.132,103.000,0.125,108.958,0.000,0.000,0.000,0.000
102880,2026-05-26 17:33:31,6,20.000,29.175,27.680,984.164,245.024,42.721,1300.000,0.130,1.461,1067.000,1.290,1208.649,0.010,0.000,0.000,0.000,0.162,235.000,0.284,134.167,0.000,0.000,0.000,0.000
122946,2026-05-26 17:33:51,7,20.000,29.282,27.670,984.177,244.914,42.744,1300.000,0.130,1.491,1333.000,1.611,1233.519,0.015,0.000,0.000,0.000,0.155,106.000,0.128,128.533,0.000,0.000,0.000,0.000
143012,2026-05-26 17:34:11,8,20.000,29.175,27.700,984.187,244.866,42.653,1300.000,0.130,1.466,1129.000,1.365,1212.615,0.010,0.000,0.000,0.000,0.164,166.000,0.201,136.027,0.000,0.000,0.000,0.000
163078,2026-05-26 17:34:31,9,20.000,29.282,27.730,984.186,244.835,42.633,1300.000,0.130,1.479,1268.000,1.533,1223.692,0.010,0.000,0.000,0.000,0.172,169.000,0.204,142.621,0.000,0.000,0.000,0.000
183144,2026-05-26 17:34:51,10,20.000,29.282,27.760,984.160,245.056,42.554,1300.000,0.130,1.508,1343.000,1.623,1247.554,0.010,0.000,0.000,0.000,0.159,86.000,0.104,131.297,0.000,0.000,0.000,0.000
203210,2026-05-26 17:35:11,11,20.000,29.282,27.750,984.161,245.046,42.554,1300.000,0.130,1.498,1207.000,1.459,1239.443,0.013,0.000,0.000,0.000,0.147,82.000,0.099,121.438,0.000,0.000,0.000,0.000
223276,2026-05-26 17:35:31,12,20.000,29.175,27.780,984.163,245.031,42.452,1300.000,0.130,1.528,1361.000,1.645,1263.754,0.013,0.000,0.000,0.000,0.129,48.000,0.058,106.750,0.000,0.000,0.000,0.000
243352,2026-05-26 17:35:51,13,20.000,29.282,27.750,984.144,245.195,42.577,1300.000,0.130,1.500,1150.000,1.390,1241.004,0.010,0.000,0.000,0.000,0.158,225.000,0.272,130.400,0.000,0.000,0.000,0.000
263418,2026-05-26 17:36:12,14,20.000,29.282,27.810,984.140,245.231,42.466,1400.000,0.140,1.512,1292.000,1.562,1251.203,0.013,0.000,0.000,0.000,0.164,157.000,0.190,135.720,0.000,0.000,0.000,0.000
283484,2026-05-26 17:36:32,15,20.000,29.282,27.800,984.154,245.114,42.454,1300.000,0.130,1.546,1390.000,1.680,1278.962,0.010,0.000,0.000,0.000,0.143,49.000,0.059,118.376,0.000,0.000,0.000,0.000
303550,2026-05-26 17:36:52,16,20.000,29.175,27.790,984.148,245.159,42.627,1300.000,0.130,1.597,1489.000,1.800,1320.970,0.013,0.000,0.000,0.000,0.136,89.000,0.108,112.501,0.000,0.000,0.000,0.000
323616,2026-05-26 17:37:12,17,20.000,29.282,27.800,984.126,245.352,42.569,1300.000,0.130,1.573,1221.000,1.476,1300.976,0.010,0.000,0.000,0.000,0.155,190.000,0.230,128.001,0.000,0.000,0.000,0.000
343682,2026-05-26 17:37:32,18,20.000,29.282,27.770,984.150,245.140,42.613,1300.000,0.130,1.549,1205.000,1.457,1281.781,0.010,0.000,0.000,0.000,0.169,186.000,0.225,139.601,0.000,0.000,0.000,0.000
363748,2026-05-26 17:37:52,19,20.000,29.282,27.760,984.149,245.108,42.624,1300.000,0.130,1.556,1311.000,1.585,1287.625,0.010,0.000,0.000,0.000,0.180,185.000,0.224,148.680,0.000,0.000,0.000,0.000
383814,2026-05-26 17:38:12,20,20.000,29.282,27.750,984.131,245.304,42.728,1300.000,0.130,1.548,1254.000,1.516,1280.900,0.013,0.000,0.000,0.000,0.187,180.000,0.218,154.944,0.000,0.000,0.000,0.000
403880,2026-05-26 17:38:32,21,20.000,29.282,27.760,984.103,245.548,42.670,1300.000,0.130,1.528,1195.000,1.445,1263.720,0.013,0.000,0.000,0.000,0.209,243.000,0.294,172.556,0.000,0.000,0.000,0.000
423946,2026-05-26 17:38:52,22,20.000,29.282,27.780,984.101,245.560,42.695,1300.000,0.130,1.518,1225.000,1.481,1255.976,0.010,0.000,0.000,0.000,0.190,97.000,0.117,157.444,0.000,0.000,0.000,0.000
444012,2026-05-26 17:39:12,23,20.000,29.282,27.810,984.105,245.524,42.676,1300.000,0.130,1.488,1129.000,1.365,1230.581,0.010,0.000,0.000,0.000,0.182,125.000,0.151,150.956,0.000,0.000,0.000,0.000
464078,2026-05-26 17:39:32,24,20.000,29.282,27.860,984.111,245.476,42.646,1300.000,0.130,1.509,1321.000,1.597,1248.665,0.010,0.000,0.000,0.000,0.172,107.000,0.129,142.164,0.000,0.000,0.000,0.000
484144,2026-05-26 17:39:52,25,20.000,29.282,27.900,984.084,245.709,42.567,1300.000,0.130,1.560,1460.000,1.765,1290.932,0.010,0.000,0.000,0.000,0.151,56.000,0.068,124.932,0.000,0.000,0.000,0.000
504210,2026-05-26 17:40:12,26,20.000,29.282,27.910,984.095,245.617,42.604,1300.000,0.130,1.576,1355.000,1.638,1303.745,0.013,0.000,0.000,0.000,0.132,48.000,0.058,109.545,0.000,0.000,0.000,0.000
524276,2026-05-26 17:40:32,27,20.000,29.282,28.000,984.078,245.760,42.508,1300.000,0.130,1.609,1442.000,1.743,1331.396,0.013,0.000,0.000,0.000,0.143,154.000,0.186,118.436,0.000,0.000,0.000,0.000
544342,2026-05-26 17:40:52,28,20.000,29.282,27.980,984.083,245.713,42.459,1300.000,0.130,1.627,1405.000,1.698,1346.117,0.010,0.000,0.000,0.000,0.157,174.000,0.210,129.549,0.000,0.000,0.000,0.000
564408,2026-05-26 17:41:13,29,20.000,29.282,28.000,984.088,245.674,42.461,1300.000,0.130,1.614,1292.000,1.562,1335.294,0.010,0.000,0.000,0.000,0.176,209.000,0.253,145.439,0.000,0.000,0.000,0.000
584474,2026-05-26 17:41:33,30,20.000,29.282,27.940,984.068,245.844,42.652,1300.000,0.130,1.631,1404.000,1.697,1349.035,0.010,0.000,0.000,0.000,0.156,65.000,0.079,129.351,0.000,0.000,0.000,0.000
604544,2026-05-26 17:41:53,31,20.000,29.388,27.970,984.086,245.690,42.609,1300.000,0.130,1.634,1361.000,1.645,1351.428,0.010,0.000,0.000,0.000,0.137,48.000,0.058,113.081,0.000,0.000,0.000,0.000
624610,2026-05-26 17:42:13,32,20.000,29.282,27.980,984.063,245.886,42.470,1300.000,0.130,1.672,1511.000,1.826,1383.342,0.010,0.000,0.000,0.000,0.132,95.000,0.115,109.465,0.000,0.000,0.000,0.000
644676,2026-05-26 17:42:33,33,20.000,29.388,27.980,984.091,245.648,42.412,1300.000,0.130,1.650,1292.000,1.562,1365.074,0.010,0.000,0.000,0.000,0.139,139.000,0.168,115.372,0.000,0.000,0.000,0.000
664742,2026-05-26 17:42:53,34,20.000,29.388,27.960,984.037,246.109,42.688,1300.000,0.130,1.628,1274.000,1.540,1346.859,0.010,0.000,0.000,0.000,0.169,239.000,0.289,140.098,0.000,0.000,0.000,0.000
684808,2026-05-26 17:43:13,35,20.000,29.388,27.960,984.036,246.115,42.551,1300.000,0.130,1.621,1316.000,1.591,1340.687,0.015,0.000,0.000,0.000,0.188,216.000,0.261,155.278,0.000,0.000,0.000,0.000
704874,2026-05-26 17:43:33,36,20.000,29.388,27.930,984.064,245.875,42.604,1300.000,0.130,1.586,1198.000,1.448,1312.150,0.010,0.000,0.000,0.000,0.197,195.000,0.236,163.222,0.000,0.000,0.000,0.000
724940,2026-05-26 17:43:53,37,20.000,29.388,27.920,984.069,245.831,42.501,1300.000,0.130,1.570,1245.000,1.505,1298.720,0.010,0.000,0.000,0.000,0.200,173.000,0.209,165.178,0.000,0.000,0.000,0.000
745006,2026-05-26 17:44:13,38,20.000,29.388,27.950,984.069,245.838,42.654,1300.000,0.130,1.536,1158.000,1.400,1270.576,0.013,0.000,0.000,0.000,0.215,229.000,0.277,177.942,0.000,0.000,0.000,0.000
845342,2026-05-26 17:45:54,43,20.000,29.388,27.940,984.054,245.966,42.711,1300.000,0.130,1.560,1213.000,1.466,1290.197,0.005,0.000,0.000,0.000,0.192,213.000,0.257,158.864,0.000,0.000,0.000,0.000
865408,2026-05-26 17:46:14,44,20.000,29.388,27.930,984.044,246.046,42.582,1400.000,0.140,1.514,1103.000,1.333,1252.758,0.010,0.000,0.000,0.000,0.190,151.000,0.183,157.291,0.000,0.000,0.000,0.000
885474,2026-05-26 17:46:34,45,20.000,29.388,27.950,984.066,245.857,42.550,1400.000,0.140,1.526,1303.000,1.575,1262.806,0.010,0.000,0.000,0.000,0.187,146.000,0.176,155.033,0.000,0.000,0.000,0.000
905540,2026-05-26 17:46:54,46,20.000,29.388,27.970,984.030,246.163,42.436,1400.000,0.140,1.537,1307.000,1.580,1271.645,0.005,0.000,0.000,0.000,0.171,88.000,0.106,141.626,0.000,0.000,0.000,0.000
925606,2026-05-26 17:47:14,47,20.000,29.388,27.990,984.042,246.063,42.483,1400.000,0.140,1.521,1203.000,1.454,1257.916,0.010,0.000,0.000,0.000,0.195,241.000,0.291,161.501,0.000,0.000,0.000,0.000
945672,2026-05-26 17:47:34,48,20.000,29.388,28.000,984.023,246.226,42.403,1300.000,0.130,1.518,1249.000,1.510,1256.133,0.010,0.000,0.000,0.000,0.200,180.000,0.218,165.201,0.000,0.000,0.000,0.000
965827,2026-05-26 17:47:54,49,20.000,29.388,28.010,984.031,246.158,42.426,1400.000,0.140,1.481,1103.000,1.333,1225.506,0.008,0.000,0.000,0.000,0.219,247.000,0.299,181.561,0.000,0.000,0.000,0.000
985893,2026-05-26 17:48:14,50,20.000,29.388,28.030,984.001,246.412,42.336,1400.000,0.140,1.455,1117.000,1.350,1203.805,0.010,0.000,0.000,0.000,0.236,251.000,0.303,195.449,0.000,0.000,0.000,0.000
1005959,2026-05-26 17:48:34,51,20.000,29.495,28.050,984.028,246.182,42.442,1400.000,0.140,1.421,1061.000,1.283,1175.244,0.010,0.000,0.000,0.000,0.250,252.000,0.305,206.759,0.000,0.000,0.000,0.000
1026025,2026-05-26 17:48:54,52,20.000,29.388,28.080,984.010,246.341,42.201,1400.000,0.140,1.440,1257.000,1.519,1191.595,0.010,0.000,0.000,0.000,0.235,145.000,0.175,194.407,0.000,0.000,0.000,0.000
1046091,2026-05-26 17:49:14,53,20.000,29.495,28.080,984.020,246.252,42.353,1400.000,0.140,1.455,1250.000,1.511,1203.276,0.013,0.000,0.000,0.000,0.204,68.000,0.082,169.126,0.000,0.000,0.000,0.000
1066157,2026-05-26 17:49:34,54,20.000,29.495,28.070,984.041,246.070,42.201,1400.000,0.140,1.470,1269.000,1.534,1216.421,0.008,0.000,0.000,0.000,0.201,156.000,0.189,166.501,0.000,0.000,0.000,0.000
1086223,2026-05-26 17:49:54,55,20.000,29.495,28.080,984.021,246.245,42.328,1400.000,0.140,1.510,1382.000,1.671,1249.537,0.010,0.000,0.000,0.000,0.174,55.000,0.066,144.200,0.000,0.000,0.000,0.000
1106291,2026-05-26 17:50:14,56,20.000,29.495,28.080,983.997,246.446,42.213,1400.000,0.140,1.472,1090.000,1.318,1217.630,0.010,0.000,0.000,0.000,0.201,254.000,0.307,166.160,0.000,0.000,0.000,0.000
1126357,2026-05-26 17:50:34,57,20.000,29.495,28.150,984.013,246.308,42.196,1400.000,0.140,1.506,1359.000,1.643,1245.904,0.008,0.000,0.000,0.000,0.175,61.000,0.074,145.128,0.000,0.000,0.000,0.000
1146423,2026-05-26 17:50:55,58,20.000,29.495,28.150,984.014,246.302,42.312,1400.000,0.140,1.565,1488.000,1.799,1294.323,0.008,0.000,0.000,0.000,0.152,50.000,0.060,126.103,0.000,0.000,0.000,0.000
1166489,2026-05-26 17:51:15,59,20.000,29.495,28.200,984.040,246.078,42.131,1400.000,0.140,1.584,1376.000,1.663,1310.658,0.008,0.000,0.000,0.000,0.142,84.000,0.102,117.682,0.000,0.000,0.000,0.000
1186555,2026-05-26 17:51:35,60,20.000,29.495,28.190,983.992,246.492,42.188,1400.000,0.140,1.585,1315.000,1.590,1311.527,0.010,0.000,0.000,0.000,0.140,110.000,0.133,116.146,0.000,0.000,0.000,0.000
1206621,2026-05-26 17:51:55,61,20.000,29.495,28.180,984.008,246.357,42.222,1400.000,0.140,1.562,1214.000,1.467,1292.021,0.008,0.000,0.000,0.000,0.134,88.000,0.106,110.517,0.000,0.000,0.000,0.000
1226687,2026-05-26 17:52:15,62,20.000,29.495,28.170,983.998,246.437,42.105,1400.000,0.140,1.556,1270.000,1.535,1287.617,0.008,0.000,0.000,0.000,0.121,59.000,0.071,100.213,0.000,0.000,0.000,0.000
1246753,2026-05-26 17:52:35,63,20.000,29.495,28.160,984.003,246.396,42.221,1400.000,0.140,1.584,1403.000,1.696,1310.694,0.008,0.000,0.000,0.000,0.108,46.000,0.056,89.371,0.000,0.000,0.000,0.000
1266819,2026-05-26 17:52:55,64,20.000,29.495,28.150,984.027,246.190,42.289,1500.000,0.150,1.576,1278.000,1.545,1304.155,0.008,0.000,0.000,0.000,0.137,208.000,0.251,113.096,0.000,0.000,0.000,0.000
1286980,2026-05-26 17:53:15,65,20.000,29.495,28.140,984.008,246.354,42.301,1400.000,0.140,1.530,1114.000,1.347,1266.124,0.005,0.000,0.000,0.000,0.166,235.000,0.284,137.477,0.000,0.000,0.000,0.000
1307046,2026-05-26 17:53:35,66,20.000,29.495,28.110,983.999,246.434,42.262,1400.000,0.140,1.529,1259.000,1.522,1264.699,0.005,0.000,0.000,0.000,0.176,180.000,0.218,145.982,0.000,0.000,0.000,0.000
1327112,2026-05-26 17:53:55,67,20.000,29.495,28.080,983.971,246.669,42.562,1500.000,0.150,1.582,1484.000,1.794,1308.559,0.008,0.000,0.000,0.000,0.151,39.000,0.047,124.585,0.000,0.000,0.000,0.000
1347178,2026-05-26 17:54:15,68,20.000,29.495,28.100,983.997,246.446,42.447,1400.000,0.140,1.633,1521.000,1.839,1351.047,0.005,0.000,0.000,0.000,0.133,50.000,0.060,109.668,0.000,0.000,0.000,0.000
1367244,2026-05-26 17:54:35,69,20.000,29.495,28.070,983.962,246.749,42.340,1400.000,0.140,1.612,1265.000,1.529,1333.838,0.008,0.000,0.000,0.000,0.168,256.000,0.309,138.935,0.000,0.000,0.000,0.000
1387310,2026-05-26 17:54:55,70,20.000,29.601,28.030,983.940,246.934,42.486,1400.000,0.140,1.581,1206.000,1.458,1308.270,0.008,0.000,0.000,0.000,0.188,223.000,0.270,155.748,0.000,0.000,0.000,0.000
2417,2026-05-26 17:55:14,1,20.000,29.495,28.040,983.935,246.975,42.465,1400.000,0.140,1.176,973.000,1.176,973.000,0.008,0.000,0.000,0.000,0.322,266.000,0.322,266.000,0.000,0.000,0.000,0.000
22479,2026-05-26 17:55:29,2,20.000,29.495,28.050,983.996,246.454,42.477,1400.000,0.140,1.278,1393.000,1.684,1057.000,0.008,0.000,0.000,0.000,0.274,69.000,0.083,226.600,0.000,0.000,0.000,0.000
7547,NO_TIME,1,20.000,29.601,28.220,983.957,246.787,42.471,1600.000,0.160,1.645,1361.000,1.645,1361.000,0.008,0.000,0.000,0.000,0.587,486.000,0.587,486.000,0.000,0.000,0.000,0.000
27609,NO_TIME,2,20.000,29.601,28.220,983.976,246.630,42.133,1500.000,0.150,1.619,1251.000,1.512,1339.000,0.005,0.000,0.000,0.000,0.521,209.000,0.253,430.600,0.000,0.000,0.000,0.000
7324,NO_TIME,1,20.000,29.601,28.210,983.960,246.763,42.086,1400.000,0.140,1.585,1311.000,1.585,1311.000,0.008,0.000,0.000,0.000,0.060,50.000,0.060,50.000,0.000,0.000,0.000,0.000
27386,2026-05-26 17:57:10,2,20.000,29.601,28.240,983.953,246.822,42.239,1400.000,0.140,1.602,1382.000,1.671,1325.200,0.008,0.000,0.000,0.000,0.058,40.000,0.048,48.000,0.000,0.000,0.000,0.000
47452,2026-05-26 17:57:30,3,20.000,29.601,28.180,983.979,246.606,42.211,1400.000,0.140,1.649,1520.000,1.837,1364.160,0.008,0.000,0.000,0.000,0.057,42.000,0.051,46.800,0.000,0.000,0.000,0.000
67518,2026-05-26 17:57:50,4,20.000,29.601,28.160,983.972,246.658,42.290,1400.000,0.140,1.648,1359.000,1.643,1363.128,0.010,0.000,0.000,0.000,0.056,46.000,0.056,46.640,0.000,0.000,0.000,0.000
87584,2026-05-26 17:58:10,5,20.000,29.601,28.130,983.926,247.053,42.265,1400.000,0.140,1.607,1195.000,1.445,1329.502,0.010,0.000,0.000,0.000,0.067,91.000,0.110,55.512,0.000,0.000,0.000,0.000
147782,2026-05-26 17:59:10,8,20.000,29.601,28.110,983.934,246.990,42.528,1400.000,0.140,1.500,1062.000,1.284,1241.105,0.010,0.000,0.000,0.000,0.165,226.000,0.273,136.598,0.000,0.000,0.000,0.000
7453,NO_TIME,1,20.000,29.601,28.300,983.979,246.600,42.687,1800.000,0.180,1.558,1289.000,1.558,1289.000,0.008,0.000,0.000,0.000,0.697,577.000,0.697,577.000,0.000,0.000,0.000,0.000
27514,2026-05-26 17:59:58,2,20.000,29.601,28.280,983.955,246.808,42.021,1600.000,0.160,1.588,1413.000,1.708,1313.800,0.005,0.000,0.000,0.000,0.593,144.000,0.174,490.400,0.000,0.000,0.000,0.000
47580,2026-05-26 18:00:18,3,20.000,29.708,28.240,983.943,246.906,42.008,1500.000,0.150,1.558,1188.000,1.436,1288.640,0.010,0.000,0.000,0.000,0.529,226.000,0.273,437.520,0.000,0.000,0.000,0.000
67646,2026-05-26 18:00:38,4,20.000,29.708,28.190,983.920,247.103,42.107,1500.000,0.150,1.544,1233.000,1.490,1277.512,0.008,0.000,0.000,0.000,0.465,174.000,0.210,384.816,0.000,0.000,0.000,0.000
87712,2026-05-26 18:00:58,5,20.000,29.708,28.150,983.972,246.665,42.092,1400.000,0.140,1.507,1123.000,1.357,1246.610,0.008,0.000,0.000,0.000,0.412,163.000,0.197,340.453,0.000,0.000,0.000,0.000
107778,2026-05-26 18:01:18,6,20.000,29.601,28.250,983.971,246.670,41.949,1500.000,0.150,1.506,1242.000,1.501,1245.688,0.010,0.000,0.000,0.000,0.376,192.000,0.232,310.762,0.000,0.000,0.000,0.000
127844,2026-05-26 18:01:38,7,20.000,29.708,28.200,983.951,246.839,42.201,1500.000,0.150,1.465,1078.000,1.303,1212.150,0.010,0.000,0.000,0.000,0.359,240.000,0.290,296.610,0.000,0.000,0.000,0.000
147910,2026-05-26 18:01:58,8,20.000,29.708,28.150,983.978,246.607,42.126,1400.000,0.140,1.486,1300.000,1.571,1229.720,0.008,0.000,0.000,0.000,0.342,227.000,0.274,282.688,0.000,0.000,0.000,0.000
2417,2026-05-26 18:02:24,1,20.000,29.708,28.120,983.933,246.992,42.240,1500.000,0.150,1.628,1347.000,1.628,1347.000,0.008,0.000,0.000,0.000,0.235,194.000,0.235,194.000,0.000,0.000,0.000,0.000
22479,2026-05-26 18:02:45,2,20.000,29.708,28.110,983.930,247.023,42.333,1500.000,0.150,1.629,1352.000,1.634,1348.000,0.010,0.000,0.000,0.000,0.203,62.000,0.075,167.600,0.000,0.000,0.000,0.000
42545,2026-05-26 18:03:05,3,20.000,29.708,28.080,983.945,246.889,42.364,1400.000,0.140,1.673,1530.000,1.849,1384.400,0.008,0.000,0.000,0.000,0.175,53.000,0.064,144.680,0.000,0.000,0.000,0.000
62611,2026-05-26 18:03:25,4,20.000,29.708,28.080,983.935,246.979,42.422,1400.000,0.140,1.653,1300.000,1.571,1367.520,0.008,0.000,0.000,0.000,0.179,163.000,0.197,148.344,0.000,0.000,0.000,0.000
82677,2026-05-26 18:03:45,5,20.000,29.708,28.070,983.922,247.084,42.387,1400.000,0.140,1.599,1142.000,1.380,1322.416,0.008,0.000,0.000,0.000,0.195,213.000,0.257,161.275,0.000,0.000,0.000,0.000
102743,2026-05-26 18:04:05,6,20.000,29.708,28.070,983.915,247.151,42.375,1500.000,0.150,1.560,1165.000,1.408,1290.933,0.010,0.000,0.000,0.000,0.203,196.000,0.237,168.220,0.000,0.000,0.000,0.000
2419,2026-05-26 18:04:34,1,20.000,29.708,28.040,983.939,246.940,42.500,1500.000,0.150,1.666,1378.000,1.666,1378.000,0.005,0.000,0.000,0.000,0.059,49.000,0.059,49.000,0.000,0.000,0.000,0.000
22481,2026-05-26 18:04:54,2,20.000,29.708,28.040,983.899,247.284,42.511,1500.000,0.150,1.676,1420.000,1.716,1386.400,0.008,0.000,0.000,0.000,0.059,50.000,0.060,49.200,0.000,0.000,0.000,0.000
42547,2026-05-26 18:05:14,3,20.000,29.708,28.050,983.899,247.285,42.478,1500.000,0.150,1.686,1429.000,1.727,1394.920,0.010,0.000,0.000,0.000,0.060,51.000,0.062,49.560,0.000,0.000,0.000,0.000
2423,2026-05-26 18:05:45,1,20.000,29.708,28.040,983.928,247.040,42.500,1500.000,0.150,1.223,1012.000,1.223,1012.000,0.008,0.000,0.000,0.000,0.329,272.000,0.329,272.000,0.000,0.000,0.000,0.000
22485,2026-05-26 18:06:05,2,20.000,29.815,28.040,983.908,247.203,42.512,1500.000,0.150,1.349,1533.000,1.853,1116.200,0.008,0.000,0.000,0.000,0.278,63.000,0.076,230.200,0.000,0.000,0.000,0.000
42636,2026-05-26 18:06:25,3,20.000,29.708,28.060,983.912,247.176,42.630,1500.000,0.150,1.399,1322.000,1.598,1157.360,0.008,0.000,0.000,0.000,0.248,103.000,0.125,204.760,0.000,0.000,0.000,0.000
62702,2026-05-26 18:06:45,4,20.000,29.708,28.060,983.914,247.154,42.513,1500.000,0.150,1.481,1498.000,1.811,1225.488,0.008,0.000,0.000,0.000,0.220,91.000,0.110,182.008,0.000,0.000,0.000,0.000
82768,2026-05-26 18:07:05,5,20.000,29.708,28.090,983.923,247.082,42.436,1500.000,0.150,1.490,1263.000,1.527,1232.991,0.008,0.000,0.000,0.000,0.234,239.000,0.289,193.406,0.000,0.000,0.000,0.000
102834,2026-05-26 18:07:25,6,20.000,29.815,28.110,983.964,246.732,42.437,1500.000,0.150,1.510,1313.000,1.587,1248.993,0.010,0.000,0.000,0.000,0.203,67.000,0.081,168.125,0.000,0.000,0.000,0.000
122900,2026-05-26 18:07:45,7,20.000,29.815,28.080,983.952,246.830,42.364,1500.000,0.150,1.514,1268.000,1.533,1252.794,0.008,0.000,0.000,0.000,0.205,174.000,0.210,169.300,0.000,0.000,0.000,0.000
142966,2026-05-26 18:08:05,8,20.000,29.815,28.090,983.960,246.765,42.445,1500.000,0.150,1.540,1359.000,1.643,1274.035,0.010,0.000,0.000,0.000,0.179,63.000,0.076,148.040,0.000,0.000,0.000,0.000
163032,2026-05-26 18:08:25,9,20.000,29.815,28.110,983.919,247.112,42.554,1500.000,0.150,1.500,1107.000,1.338,1240.628,0.008,0.000,0.000,0.000,0.199,232.000,0.280,164.832,0.000,0.000,0.000,0.000
183106,2026-05-26 18:08:45,10,20.000,29.815,28.110,983.926,247.051,42.438,1500.000,0.150,1.523,1337.000,1.616,1259.903,0.010,0.000,0.000,0.000,0.210,211.000,0.255,174.066,0.000,0.000,0.000,0.000
203172,2026-05-26 18:09:06,11,20.000,29.815,28.120,983.935,246.977,42.520,1500.000,0.150,1.559,1408.000,1.702,1289.522,0.008,0.000,0.000,0.000,0.209,170.000,0.205,173.253,0.000,0.000,0.000,0.000
223238,2026-05-26 18:09:26,12,20.000,29.815,28.100,983.928,247.039,42.389,1500.000,0.150,1.568,1327.000,1.604,1297.018,0.008,0.000,0.000,0.000,0.178,45.000,0.054,147.602,0.000,0.000,0.000,0.000
243304,2026-05-26 18:09:46,13,20.000,29.815,28.110,983.950,246.847,42.228,1400.000,0.140,1.560,1263.000,1.527,1290.214,0.008,0.000,0.000,0.000,0.161,77.000,0.093,133.482,0.000,0.000,0.000,0.000
263370,2026-05-26 18:10:06,14,20.000,29.815,28.120,983.987,246.530,42.449,1400.000,0.140,1.547,1237.000,1.495,1279.571,0.010,0.000,0.000,0.000,0.186,235.000,0.284,153.785,0.000,0.000,0.000,0.000
283436,2026-05-26 18:10:26,15,20.000,29.815,28.200,983.929,247.025,42.108,1500.000,0.150,1.498,1076.000,1.301,1238.857,0.008,0.000,0.000,0.000,0.199,207.000,0.250,164.428,0.000,0.000,0.000,0.000
303503,2026-05-26 18:10:46,16,20.000,29.815,28.170,983.963,246.737,42.198,1400.000,0.140,1.540,1413.000,1.708,1273.686,0.008,0.000,0.000,0.000,0.177,76.000,0.092,146.743,0.000,0.000,0.000,0.000
323569,2026-05-26 18:11:06,17,20.000,29.815,28.150,983.941,246.928,42.335,1400.000,0.140,1.500,1109.000,1.341,1240.749,0.010,0.000,0.000,0.000,0.184,176.000,0.213,152.594,0.000,0.000,0.000,0.000
343635,2026-05-26 18:11:26,18,20.000,29.815,28.140,983.945,246.892,42.312,1400.000,0.140,1.525,1345.000,1.626,1261.599,0.008,0.000,0.000,0.000,0.171,95.000,0.115,141.075,0.000,0.000,0.000,0.000
363794,2026-05-26 18:11:46,19,20.000,29.815,28.140,983.939,246.947,42.254,1500.000,0.150,1.558,1396.000,1.687,1288.479,0.010,0.000,0.000,0.000,0.158,90.000,0.109,130.860,0.000,0.000,0.000,0.000
383860,2026-05-26 18:12:06,20,20.000,29.815,28.130,983.948,246.862,42.322,1500.000,0.150,1.527,1161.000,1.403,1262.983,0.010,0.000,0.000,0.000,0.156,121.000,0.146,128.888,0.000,0.000,0.000,0.000
403926,2026-05-26 18:12:26,21,20.000,29.815,28.130,983.956,246.799,42.241,1400.000,0.140,1.475,1048.000,1.267,1219.987,0.010,0.000,0.000,0.000,0.176,212.000,0.256,145.511,0.000,0.000,0.000,0.000
423992,2026-05-26 18:12:46,22,20.000,29.815,28.140,983.917,247.130,42.335,1500.000,0.150,1.486,1265.000,1.529,1228.989,0.008,0.000,0.000,0.000,0.174,138.000,0.167,144.008,0.000,0.000,0.000,0.000
444058,2026-05-26 18:13:06,23,20.000,29.815,28.130,983.958,246.782,42.415,1500.000,0.150,1.501,1292.000,1.562,1241.592,0.010,0.000,0.000,0.000,0.154,59.000,0.071,127.007,0.000,0.000,0.000,0.000
464124,2026-05-26 18:13:26,24,20.000,29.815,28.120,983.964,246.732,42.345,1500.000,0.150,1.524,1338.000,1.617,1260.873,0.010,0.000,0.000,0.000,0.148,105.000,0.127,122.605,0.000,0.000,0.000,0.000
484190,2026-05-26 18:13:47,25,20.000,29.815,28.110,983.934,246.985,42.472,1500.000,0.150,1.508,1193.000,1.442,1247.299,0.008,0.000,0.000,0.000,0.145,110.000,0.133,120.084,0.000,0.000,0.000,0.000
504256,2026-05-26 18:14:07,26,20.000,29.815,28.100,983.952,246.830,42.400,1400.000,0.140,1.475,1110.000,1.342,1219.839,0.003,0.000,0.000,0.000,0.152,150.000,0.181,126.067,0.000,0.000,0.000,0.000
524322,2026-05-26 18:14:27,27,20.000,29.815,28.100,983.926,247.057,42.378,1500.000,0.150,1.501,1330.000,1.608,1241.871,0.008,0.000,0.000,0.000,0.150,115.000,0.139,123.854,0.000,0.000,0.000,0.000
544388,2026-05-26 18:14:47,28,20.000,29.815,28.120,983.924,247.070,42.496,1400.000,0.140,1.568,1518.000,1.835,1297.097,0.008,0.000,0.000,0.000,0.132,50.000,0.060,109.083,0.000,0.000,0.000,0.000
564454,2026-05-26 18:15:07,29,20.000,29.815,28.160,983.938,246.948,42.360,1400.000,0.140,1.578,1339.000,1.619,1305.478,0.010,0.000,0.000,0.000,0.122,70.000,0.085,101.267,0.000,0.000,0.000,0.000
584520,2026-05-26 18:15:27,30,20.000,29.922,28.170,983.938,246.951,42.175,1500.000,0.150,1.602,1405.000,1.698,1325.382,0.003,0.000,0.000,0.000,0.112,59.000,0.071,92.813,0.000,0.000,0.000,0.000
604586,2026-05-26 18:15:47,31,20.000,29.815,28.160,983.926,247.051,42.569,1500.000,0.150,1.573,1205.000,1.457,1301.306,0.008,0.000,0.000,0.000,0.127,154.000,0.186,105.051,0.000,0.000,0.000,0.000
624652,2026-05-26 18:16:07,32,20.000,29.815,28.150,983.917,247.133,42.347,1500.000,0.150,1.564,1264.000,1.528,1293.845,0.010,0.000,0.000,0.000,0.159,239.000,0.289,131.840,0.000,0.000,0.000,0.000
644718,2026-05-26 18:16:27,33,20.000,29.815,28.150,983.902,247.262,42.162,1400.000,0.140,1.560,1277.000,1.544,1290.476,0.008,0.000,0.000,0.000,0.158,128.000,0.155,131.072,0.000,0.000,0.000,0.000
664784,2026-05-26 18:16:47,34,20.000,29.815,28.120,983.928,247.036,42.473,1500.000,0.150,1.618,1531.000,1.851,1338.581,0.010,0.000,0.000,0.000,0.141,61.000,0.074,117.058,0.000,0.000,0.000,0.000
684943,2026-05-26 18:17:07,35,20.000,29.815,28.120,983.951,246.842,42.403,1500.000,0.150,1.657,1498.000,1.811,1370.465,0.003,0.000,0.000,0.000,0.124,46.000,0.056,102.846,0.000,0.000,0.000,0.000
705009,2026-05-26 18:17:27,36,20.000,29.815,28.120,983.957,246.791,42.355,1500.000,0.150,1.610,1176.000,1.422,1331.572,0.008,0.000,0.000,0.000,0.125,105.000,0.127,103.277,0.000,0.000,0.000,0.000
725075,2026-05-26 18:17:47,37,20.000,29.815,28.120,983.946,246.880,42.402,1500.000,0.150,1.547,1073.000,1.297,1279.857,0.008,0.000,0.000,0.000,0.140,167.000,0.202,116.022,0.000,0.000,0.000,0.000
745141,2026-05-26 18:18:07,38,20.000,29.815,28.130,983.924,247.072,42.345,1500.000,0.150,1.550,1292.000,1.562,1282.286,0.008,0.000,0.000,0.000,0.147,145.000,0.175,121.817,0.000,0.000,0.000,0.000
765207,2026-05-26 18:18:28,39,20.000,29.815,28.130,983.916,247.139,42.322,1500.000,0.150,1.553,1296.000,1.567,1285.029,0.010,0.000,0.000,0.000,0.153,145.000,0.175,126.454,0.000,0.000,0.000,0.000
785273,2026-05-26 18:18:48,40,20.000,29.922,28.120,983.922,247.085,42.322,1500.000,0.150,1.548,1264.000,1.528,1280.823,0.008,0.000,0.000,0.000,0.166,180.000,0.218,137.163,0.000,0.000,0.000,0.000
805339,2026-05-26 18:19:08,41,20.000,29.922,28.130,983.918,247.120,42.473,1500.000,0.150,1.535,1225.000,1.481,1269.658,0.005,0.000,0.000,0.000,0.156,98.000,0.118,129.330,0.000,0.000,0.000,0.000
825411,2026-05-26 18:19:28,42,20.000,29.922,28.130,983.933,246.997,42.427,1500.000,0.150,1.544,1308.000,1.581,1277.327,0.003,0.000,0.000,0.000,0.159,139.000,0.168,131.264,0.000,0.000,0.000,0.000
845477,2026-05-26 18:19:48,43,20.000,29.922,28.130,983.953,246.826,42.311,1600.000,0.160,1.511,1139.000,1.377,1249.661,0.008,0.000,0.000,0.000,0.162,143.000,0.173,133.611,0.000,0.000,0.000,0.000
865543,2026-05-26 18:20:08,44,20.000,29.815,28.110,983.930,247.015,42.181,1500.000,0.150,1.502,1215.000,1.469,1242.729,0.008,0.000,0.000,0.000,0.188,243.000,0.294,155.489,0.000,0.000,0.000,0.000
885609,2026-05-26 18:20:28,45,20.000,29.815,28.120,983.914,247.153,42.379,1500.000,0.150,1.519,1313.000,1.587,1256.783,0.008,0.000,0.000,0.000,0.204,221.000,0.267,168.591,0.000,0.000,0.000,0.000
905675,2026-05-26 18:20:48,46,20.000,29.922,28.120,983.904,247.242,42.101,1600.000,0.160,1.554,1399.000,1.691,1285.227,0.005,0.000,0.000,0.000,0.189,108.000,0.131,156.473,0.000,0.000,0.000,0.000
925741,2026-05-26 18:21:08,47,20.000,29.922,28.130,983.916,247.139,42.356,1500.000,0.150,1.545,1249.000,1.510,1277.982,0.010,0.000,0.000,0.000,0.197,189.000,0.228,162.978,0.000,0.000,0.000,0.000
945807,2026-05-26 18:21:28,48,20.000,29.922,28.130,983.890,247.358,42.147,1500.000,0.150,1.548,1291.000,1.561,1280.585,0.008,0.000,0.000,0.000,0.214,233.000,0.282,176.983,0.000,0.000,0.000,0.000
965873,2026-05-26 18:21:48,49,20.000,29.922,28.110,983.884,247.414,42.273,1500.000,0.150,1.536,1231.000,1.488,1270.668,0.010,0.000,0.000,0.000,0.227,232.000,0.280,187.986,0.000,0.000,0.000,0.000
985939,2026-05-26 18:22:08,50,20.000,29.922,28.150,983.892,247.342,42.463,1500.000,0.150,1.537,1273.000,1.539,1271.135,0.008,0.000,0.000,0.000,0.236,223.000,0.270,194.989,0.000,0.000,0.000,0.000
1006005,2026-05-26 18:22:28,51,20.000,29.922,28.130,983.916,247.136,42.461,1500.000,0.150,1.550,1328.000,1.605,1282.508,0.008,0.000,0.000,0.000,0.238,206.000,0.249,197.191,0.000,0.000,0.000,0.000
1026071,2026-05-26 18:22:48,52,20.000,29.922,28.130,983.925,247.065,42.403,1500.000,0.150,1.544,1255.000,1.517,1277.006,0.010,0.000,0.000,0.000,0.240,203.000,0.245,198.353,0.000,0.000,0.000,0.000
1046137,2026-05-26 18:23:08,53,20.000,29.922,28.120,983.891,247.353,42.403,1500.000,0.150,1.547,1290.000,1.559,1279.605,0.008,0.000,0.000,0.000,0.210,76.000,0.092,173.882,0.000,0.000,0.000,0.000
1066203,2026-05-26 18:23:29,54,20.000,29.922,28.120,983.902,247.259,42.194,1500.000,0.150,1.554,1309.000,1.582,1285.484,0.008,0.000,0.000,0.000,0.180,51.000,0.062,149.306,0.000,0.000,0.000,0.000
1086269,2026-05-26 18:23:49,55,20.000,29.922,28.120,983.897,247.305,42.415,1600.000,0.160,1.552,1279.000,1.546,1284.187,0.008,0.000,0.000,0.000,0.165,85.000,0.103,136.445,0.000,0.000,0.000,0.000
1106335,2026-05-26 18:24:09,56,20.000,29.922,28.120,983.872,247.514,42.380,1600.000,0.160,1.551,1280.000,1.547,1283.350,0.010,0.000,0.000,0.000,0.157,102.000,0.123,129.556,0.000,0.000,0.000,0.000
1126401,2026-05-26 18:24:29,57,20.000,29.815,28.130,983.859,247.627,42.136,1500.000,0.150,1.537,1223.000,1.478,1271.280,0.010,0.000,0.000,0.000,0.145,80.000,0.097,119.645,0.000,0.000,0.000,0.000
1146467,2026-05-26 18:24:49,58,20.000,29.922,28.120,983.883,247.424,42.136,1500.000,0.150,1.518,1195.000,1.445,1256.024,0.010,0.000,0.000,0.000,0.141,104.000,0.126,116.516,0.000,0.000,0.000,0.000
1166533,2026-05-26 18:25:09,59,20.000,29.922,28.130,983.896,247.306,42.091,1500.000,0.150,1.497,1168.000,1.412,1238.419,0.010,0.000,0.000,0.000,0.153,166.000,0.201,126.413,0.000,0.000,0.000,0.000
1186599,2026-05-26 18:25:29,60,20.000,29.922,28.200,983.907,247.218,42.306,1500.000,0.150,1.468,1120.000,1.354,1214.735,0.008,0.000,0.000,0.000,0.167,185.000,0.224,138.130,0.000,0.000,0.000,0.000
1206665,2026-05-26 18:25:49,61,20.000,29.922,28.240,983.891,247.349,42.101,1600.000,0.160,1.477,1250.000,1.511,1221.788,0.008,0.000,0.000,0.000,0.190,235.000,0.284,157.504,0.000,0.000,0.000,0.000
1226731,2026-05-26 18:26:09,62,20.000,29.922,28.220,983.883,247.421,42.052,1500.000,0.150,1.555,1543.000,1.865,1286.031,0.008,0.000,0.000,0.000,0.164,48.000,0.058,135.603,0.000,0.000,0.000,0.000
1246797,2026-05-26 18:26:29,63,20.000,29.922,28.210,983.893,247.336,42.052,1500.000,0.150,1.600,1473.000,1.781,1323.425,0.008,0.000,0.000,0.000,0.143,50.000,0.060,118.483,0.000,0.000,0.000,0.000
1266863,2026-05-26 18:26:49,64,20.000,29.922,28.200,983.868,247.550,41.899,1500.000,0.150,1.646,1514.000,1.830,1361.540,0.008,0.000,0.000,0.000,0.129,58.000,0.070,106.386,0.000,0.000,0.000,0.000
1286929,2026-05-26 18:27:09,65,20.000,29.922,28.210,983.861,247.609,41.795,1600.000,0.160,1.672,1471.000,1.778,1383.432,0.010,0.000,0.000,0.000,0.114,46.000,0.056,94.309,0.000,0.000,0.000,0.000
2495,2026-05-26 18:27:28,1,20.000,29.922,28.190,983.851,247.696,41.887,1500.000,0.150,0.671,555.000,0.671,555.000,0.008,0.000,0.000,0.000,0.132,109.000,0.132,109.000,0.000,0.000,0.000,0.000
22557,2026-05-26 18:27:49,2,20.000,29.922,28.190,983.890,247.362,42.061,1500.000,0.150,0.850,1296.000,1.567,703.200,0.008,0.000,0.000,0.000,0.122,68.000,0.082,100.800,0.000,0.000,0.000,0.000
42623,2026-05-26 18:28:09,3,20.000,29.922,28.180,983.871,247.521,41.954,1600.000,0.160,0.981,1245.000,1.505,811.560,0.010,0.000,0.000,0.000,0.155,240.000,0.290,128.640,0.000,0.000,0.000,0.000
62689,2026-05-26 18:28:29,4,20.000,29.922,28.170,983.852,247.681,42.094,1500.000,0.150,1.146,1496.000,1.808,948.448,0.008,0.000,0.000,0.000,0.145,87.000,0.105,120.312,0.000,0.000,0.000,0.000
82755,2026-05-26 18:28:49,5,20.000,29.922,28.160,983.858,247.634,42.093,1500.000,0.150,1.287,1530.000,1.849,1064.758,0.010,0.000,0.000,0.000,0.137,84.000,0.102,113.050,0.000,0.000,0.000,0.000
102821,2026-05-26 18:29:09,6,20.000,29.922,28.160,983.879,247.455,41.977,1600.000,0.160,1.300,1118.000,1.351,1075.407,0.005,0.000,0.000,0.000,0.164,226.000,0.273,135.640,0.000,0.000,0.000,0.000
2499,2026-05-26 18:29:24,1,20.000,29.922,28.160,983.848,247.720,42.186,1600.000,0.160,0.607,502.000,0.607,502.000,0.000,0.000,0.000,0.000,0.226,187.000,0.226,187.000,4.295,2.789,0.000,0.000
22577,2026-05-26 18:29:44,2,20.000,30.029,28.160,983.849,247.709,41.988,1600.000,0.160,0.787,1249.000,1.510,651.400,0.010,0.000,0.000,0.000,0.318,569.000,0.688,263.400,3.953,2.615,0.000,0.000
42658,2026-05-26 18:30:04,3,20.000,29.922,28.160,983.871,247.522,42.186,1600.000,0.160,0.919,1197.000,1.447,760.520,0.010,0.000,0.000,0.000,0.397,587.000,0.710,328.120,3.666,2.457,0.000,0.000
62739,2026-05-26 18:30:24,4,20.000,29.922,28.160,983.887,247.384,41.942,1600.000,0.160,1.005,1113.000,1.345,831.016,0.010,0.000,0.000,0.000,0.446,532.000,0.643,368.896,3.458,2.254,0.000,0.000
82820,2026-05-26 18:30:44,5,20.000,29.922,28.160,983.895,247.318,41.953,1600.000,0.160,1.131,1353.000,1.635,935.413,0.005,0.000,0.000,0.000,0.506,616.000,0.745,418.317,3.254,2.131,0.000,0.000
102907,2026-05-26 18:31:04,6,20.000,29.922,28.150,983.862,247.599,41.998,1600.000,0.160,1.191,1184.000,1.431,985.130,0.010,0.000,0.000,0.000,0.527,505.000,0.610,435.653,3.117,1.968,0.000,0.000
2494,2026-05-26 18:31:17,1,20.000,30.029,28.170,983.869,247.541,41.873,1600.000,0.160,0.789,653.000,0.789,653.000,0.000,0.000,0.000,0.000,0.274,227.000,0.274,227.000,4.241,1.783,0.000,0.000
22573,2026-05-26 18:31:37,2,20.000,30.029,28.190,983.857,247.641,41.979,1600.000,0.160,0.942,1283.000,1.551,779.000,0.008,0.000,0.000,0.000,0.350,540.000,0.653,289.600,3.903,1.782,0.000,0.000
42654,2026-05-26 18:31:58,3,20.000,30.029,28.170,983.880,247.443,42.431,1600.000,0.160,1.039,1183.000,1.430,859.800,0.010,0.000,0.000,0.000,0.397,485.000,0.586,328.680,3.670,1.671,0.000,0.000
62735,2026-05-26 18:32:18,4,20.000,29.922,28.190,983.879,247.454,41.934,1600.000,0.160,1.142,1285.000,1.553,944.840,0.008,0.000,0.000,0.000,0.410,381.000,0.461,339.144,3.476,1.593,0.000,0.000
82816,2026-05-26 18:32:38,5,20.000,30.029,28.200,983.866,247.565,42.235,1600.000,0.160,1.287,1546.000,1.869,1065.072,0.010,0.000,0.000,0.000,0.409,336.000,0.406,338.515,3.293,1.576,0.000,0.000
102897,2026-05-26 18:32:58,6,20.000,29.922,28.190,983.886,247.398,42.165,1600.000,0.160,1.359,1362.000,1.646,1124.458,0.008,0.000,0.000,0.000,0.432,433.000,0.523,357.412,3.099,1.626,0.000,0.000
122978,2026-05-26 18:33:18,7,20.000,30.029,28.180,983.910,247.186,42.025,1600.000,0.160,1.392,1261.000,1.524,1151.766,0.008,0.000,0.000,0.000,0.481,559.000,0.676,397.730,2.931,1.637,0.000,0.000
2497,2026-05-26 18:33:44,1,20.000,30.029,28.210,983.894,247.326,41.830,1600.000,0.160,0.853,706.000,0.853,706.000,0.000,0.000,0.000,0.000,0.243,201.000,0.243,201.000,4.295,1.524,0.000,0.000
22576,2026-05-26 18:34:04,2,20.000,29.922,28.200,983.869,247.543,41.504,1600.000,0.160,1.055,1540.000,1.862,872.800,0.008,0.000,0.000,0.000,0.287,384.000,0.464,237.600,3.962,1.568,0.000,0.000
42657,2026-05-26 18:34:24,3,20.000,30.029,28.190,983.856,247.652,41.816,1500.000,0.150,1.213,1526.000,1.845,1003.440,0.010,0.000,0.000,0.000,0.359,536.000,0.648,297.280,3.663,1.606,0.000,0.000
62738,2026-05-26 18:34:44,4,20.000,30.029,28.160,983.875,247.484,41.710,1600.000,0.160,1.237,1104.000,1.335,1023.552,0.010,0.000,0.000,0.000,0.426,572.000,0.691,352.224,3.433,1.563,0.000,0.000
42684,NO_TIME,1,20.000,30.029,28.310,983.889,247.367,41.084,1600.000,0.160,0.714,591.000,0.714,591.000,0.000,0.000,0.000,0.000,0.566,468.000,0.566,468.000,3.848,2.395,0.000,0.000
62767,2026-05-26 18:38:02,2,20.000,30.029,28.280,983.876,247.483,41.313,1500.000,0.150,0.855,1172.000,1.417,707.200,0.005,0.000,0.000,0.000,0.600,610.000,0.737,496.400,3.596,2.238,0.000,0.000
143107,2026-05-26 18:39:23,6,20.000,30.029,28.190,983.880,247.443,41.678,1600.000,0.160,1.354,1355.000,1.638,1119.888,0.005,0.000,0.000,0.000,0.612,602.000,0.728,505.965,2.909,1.894,0.000,0.000
42597,NO_TIME,1,20.000,30.136,28.290,983.865,247.575,41.547,1600.000,0.160,0.579,479.000,0.579,479.000,0.000,0.000,0.000,0.000,0.572,473.000,0.572,473.000,4.000,2.047,0.000,0.000
62682,2026-05-26 18:40:40,2,20.000,30.136,28.270,983.874,247.496,41.429,1600.000,0.160,0.789,1349.000,1.631,653.000,0.003,0.000,0.000,0.000,0.595,568.000,0.687,492.000,3.746,1.909,0.000,0.000
2616,2026-05-26 18:41:03,1,20.000,30.136,28.230,983.850,247.703,41.635,1500.000,0.150,1.772,1466.000,1.772,1466.000,0.000,0.000,0.000,0.000,0.672,556.000,0.672,556.000,1.917,1.779,0.000,0.000
22694,2026-05-26 18:41:23,2,20.000,30.136,28.200,983.848,247.722,41.725,1600.000,0.160,1.697,1154.000,1.395,1403.600,0.003,0.000,0.000,0.000,0.678,582.000,0.704,561.200,1.949,1.720,0.000,0.000
42775,2026-05-26 18:41:43,3,20.000,30.136,28.200,983.899,247.286,41.678,1600.000,0.160,1.666,1276.000,1.542,1378.080,0.005,0.000,0.000,0.000,0.685,589.000,0.712,566.760,1.992,1.646,0.000,0.000
62856,2026-05-26 18:42:03,4,20.000,30.136,28.180,983.906,247.222,41.479,1600.000,0.160,1.641,1274.000,1.540,1357.264,0.008,0.000,0.000,0.000,0.676,528.000,0.638,559.008,1.991,1.664,0.000,0.000
2617,2026-05-26 18:42:25,1,20.000,30.136,28.180,983.869,247.539,41.536,1600.000,0.160,0.620,513.000,0.620,513.000,0.000,0.000,0.000,0.000,0.584,483.000,0.584,483.000,4.241,1.399,0.000,0.000
22694,2026-05-26 18:42:45,2,20.000,30.136,28.180,983.909,247.196,41.595,1600.000,0.160,0.815,1319.000,1.594,674.200,0.008,0.000,0.000,0.000,0.588,499.000,0.603,486.200,3.958,1.348,0.000,0.000
42775,2026-05-26 18:43:05,3,20.000,30.351,28.170,983.870,247.532,41.443,1600.000,0.160,0.966,1300.000,1.571,799.360,0.010,0.000,0.000,0.000,0.589,493.000,0.596,487.560,3.718,1.304,0.000,0.000
62856,2026-05-26 18:43:25,4,20.000,30.244,28.160,983.883,247.425,41.872,1600.000,0.160,1.050,1146.000,1.385,868.688,0.008,0.000,0.000,0.000,0.608,565.000,0.683,503.048,3.487,1.297,0.000,0.000
2952,2026-05-26 18:43:45,1,20.000,30.136,28.160,983.846,247.735,41.500,1500.000,0.150,0.913,755.000,0.913,755.000,0.000,0.000,0.000,0.000,0.382,316.000,0.382,316.000,4.089,1.207,0.000,0.000
23045,2026-05-26 18:44:06,2,20.000,30.136,28.170,983.892,247.342,41.652,1600.000,0.160,1.081,1452.000,1.755,894.400,0.005,0.000,0.000,0.000,0.386,334.000,0.404,319.600,3.809,1.268,0.000,0.000
43126,2026-05-26 18:44:26,3,20.000,30.136,28.170,983.897,247.298,41.223,1600.000,0.160,1.248,1585.000,1.916,1032.520,0.003,0.000,0.000,0.000,0.427,489.000,0.591,353.480,3.540,1.360,0.000,0.000
63207,2026-05-26 18:44:46,4,20.000,30.244,28.150,983.912,247.173,41.523,1600.000,0.160,1.282,1173.000,1.418,1060.616,0.003,0.000,0.000,0.000,0.483,584.000,0.706,399.584,3.321,1.382,0.000,0.000
2949,2026-05-26 18:45:04,1,20.000,30.244,28.150,983.900,247.272,41.511,1600.000,0.160,0.623,515.000,0.623,515.000,0.000,0.000,0.000,0.000,0.578,478.000,0.578,478.000,4.330,1.779,0.000,0.000
42919,NO_TIME,1,20.000,30.244,28.440,983.941,246.923,41.445,1700.000,0.170,0.878,726.000,0.878,726.000,0.000,0.000,0.000,0.000,0.343,284.000,0.343,284.000,4.165,2.637,0.000,0.000
63003,2026-05-26 18:46:24,2,20.000,30.244,28.430,983.920,247.108,41.814,1600.000,0.160,1.102,1653.000,1.998,911.400,0.005,0.000,0.000,0.000,0.368,386.000,0.467,304.400,3.869,2.494,0.000,0.000
83084,2026-05-26 18:46:44,3,20.000,30.244,28.410,983.945,246.893,41.558,1600.000,0.160,1.235,1461.000,1.766,1021.320,0.005,0.000,0.000,0.000,0.393,406.000,0.491,324.720,3.602,2.391,0.000,0.000
43399,NO_TIME,1,20.000,30.136,28.490,983.941,246.925,42.135,1600.000,0.160,0.814,673.000,0.814,673.000,0.000,0.000,0.000,0.000,0.255,211.000,0.255,211.000,4.321,2.163,0.000,0.000
63484,2026-05-26 18:48:01,2,20.000,30.136,28.440,983.917,247.132,40.573,1600.000,0.160,1.000,1446.000,1.748,827.600,0.008,0.000,0.000,0.000,0.357,633.000,0.765,295.400,3.985,2.089,0.000,0.000
83571,2026-05-26 18:48:21,3,20.000,30.136,28.410,983.935,246.979,40.408,1600.000,0.160,1.183,1581.000,1.911,978.280,0.003,0.000,0.000,0.000,0.403,486.000,0.587,333.520,3.693,2.065,0.000,0.000
103652,2026-05-26 18:48:42,4,20.000,30.136,28.390,983.908,247.210,40.452,1500.000,0.150,1.297,1450.000,1.753,1072.624,0.005,0.000,0.000,0.000,0.423,416.000,0.503,350.016,3.449,2.041,0.000,0.000
123733,2026-05-26 18:49:02,5,20.000,30.136,28.420,983.930,247.020,40.420,1600.000,0.160,1.348,1285.000,1.553,1115.099,0.003,0.000,0.000,0.000,0.465,522.000,0.631,384.413,3.232,2.009,0.000,0.000
143814,2026-05-26 18:49:22,6,20.000,30.136,28.510,983.953,246.828,39.917,1600.000,0.160,1.376,1230.000,1.487,1138.079,0.008,0.000,0.000,0.000,0.505,551.000,0.666,417.730,3.049,1.965,0.000,0.000
163895,2026-05-26 18:49:42,7,20.000,30.136,28.540,983.943,246.910,39.966,1500.000,0.150,1.368,1105.000,1.336,1131.464,0.008,0.000,0.000,0.000,0.542,569.000,0.688,447.984,2.926,1.852,0.000,0.000
183976,2026-05-26 18:50:02,8,20.000,30.136,28.580,983.906,247.225,39.644,1500.000,0.150,1.380,1184.000,1.431,1141.971,0.008,0.000,0.000,0.000,0.537,431.000,0.521,444.587,2.849,1.735,0.000,0.000
204057,2026-05-26 18:50:22,9,20.000,30.136,28.590,983.946,246.882,40.156,1600.000,0.160,1.442,1397.000,1.689,1192.977,0.008,0.000,0.000,0.000,0.533,428.000,0.517,441.270,2.727,1.762,0.000,0.000
224235,2026-05-26 18:50:42,10,20.000,30.136,28.510,983.935,246.977,40.010,1600.000,0.160,1.453,1240.000,1.499,1202.381,0.005,0.000,0.000,0.000,0.557,539.000,0.652,460.816,2.618,1.759,0.000,0.000
244316,2026-05-26 18:51:02,11,20.000,30.136,28.470,983.951,246.844,39.890,1600.000,0.160,1.509,1431.000,1.730,1248.105,0.008,0.000,0.000,0.000,0.527,337.000,0.407,436.053,2.551,1.751,0.000,0.000
2943,2026-05-26 18:51:17,1,20.000,30.136,28.430,983.945,246.892,40.118,1600.000,0.160,0.834,690.000,0.834,690.000,0.000,0.000,0.000,0.000,0.247,204.000,0.247,204.000,4.049,1.452,0.000,0.000
23023,2026-05-26 18:51:38,2,20.000,30.136,28.390,983.943,246.912,40.627,1500.000,0.150,0.972,1262.000,1.525,804.400,0.003,0.000,0.000,0.000,0.343,602.000,0.728,283.600,3.761,1.448,0.000,0.000
42993,NO_TIME,1,20.000,30.136,28.370,983.939,246.941,40.613,1600.000,0.160,1.228,1016.000,1.228,1016.000,0.000,0.000,0.000,0.000,0.565,467.000,0.565,467.000,2.891,2.570,0.000,0.000
63167,2026-05-26 18:52:58,2,20.000,30.244,28.350,983.913,247.134,40.716,1600.000,0.160,1.328,1431.000,1.730,1099.000,0.005,0.000,0.000,0.000,0.534,341.000,0.412,441.800,2.802,2.429,0.000,0.000
83248,2026-05-26 18:53:18,3,20.000,30.136,28.350,983.929,247.025,40.344,1600.000,0.160,1.345,1167.000,1.411,1112.600,0.000,0.000,0.000,0.000,0.561,552.000,0.667,463.840,2.727,2.245,0.000,0.000
43391,NO_TIME,1,20.000,30.136,28.280,983.900,247.279,40.732,1700.000,0.170,0.907,750.000,0.907,750.000,0.000,0.000,0.000,0.000,0.334,276.000,0.334,276.000,4.263,2.780,0.000,0.000
63476,2026-05-26 18:55:04,2,20.000,30.136,28.320,983.920,247.105,41.004,1500.000,0.150,1.119,1627.000,1.967,925.400,0.005,0.000,0.000,0.000,0.377,456.000,0.551,312.000,3.940,2.660,0.000,0.000
42864,NO_TIME,1,20.000,30.136,28.390,983.905,247.229,40.033,1600.000,0.160,0.589,487.000,0.589,487.000,0.000,0.000,0.000,0.000,0.592,490.000,0.592,490.000,3.790,2.100,0.000,0.000
62948,2026-05-26 18:56:18,2,20.000,30.136,28.360,983.924,247.068,40.427,1600.000,0.160,0.799,1359.000,1.643,661.400,0.003,0.000,0.000,0.000,0.590,482.000,0.583,488.400,3.534,2.072,0.000,0.000
83029,2026-05-26 18:56:38,3,20.000,30.136,28.400,983.923,247.082,39.918,1600.000,0.160,0.986,1433.000,1.732,815.720,0.003,0.000,0.000,0.000,0.572,414.000,0.500,473.520,3.375,1.932,0.000,0.000
103213,2026-05-26 18:56:58,4,20.000,30.136,28.420,983.896,247.306,39.850,1600.000,0.160,1.054,1097.000,1.326,871.976,0.005,0.000,0.000,0.000,0.594,564.000,0.682,491.616,3.215,1.819,0.000,0.000
123294,2026-05-26 18:57:18,5,20.000,30.136,28.470,983.911,247.184,39.227,1500.000,0.150,1.132,1196.000,1.446,936.781,0.003,0.000,0.000,0.000,0.613,568.000,0.687,506.893,3.042,1.799,0.000,0.000
2619,2026-05-26 18:57:42,1,20.000,30.136,28.470,983.927,247.042,39.459,1600.000,0.160,1.883,1558.000,1.883,1558.000,0.000,0.000,0.000,0.000,0.401,332.000,0.401,332.000,2.203,1.466,0.000,0.000
22696,2026-05-26 18:58:03,2,20.000,30.136,28.470,983.932,247.005,40.064,1500.000,0.150,1.899,1624.000,1.963,1571.200,0.003,0.000,0.000,0.000,0.420,408.000,0.493,347.200,2.194,1.525,0.000,0.000
42777,2026-05-26 18:58:23,3,20.000,30.136,28.410,983.915,247.148,39.687,1600.000,0.160,1.850,1368.000,1.654,1530.560,0.005,0.000,0.000,0.000,0.481,600.000,0.725,397.760,2.180,1.542,0.000,0.000
62858,2026-05-26 18:58:43,4,20.000,30.136,28.380,983.921,247.099,39.986,1600.000,0.160,1.775,1219.000,1.474,1468.248,0.000,0.000,0.000,0.000,0.496,461.000,0.557,410.408,2.216,1.467,0.000,0.000
82939,2026-05-26 18:59:03,5,20.000,30.136,28.320,983.915,247.146,40.132,1500.000,0.150,1.758,1399.000,1.691,1454.399,0.005,0.000,0.000,0.000,0.477,330.000,0.399,394.326,2.226,1.494,0.000,0.000
103020,2026-05-26 18:59:23,6,20.000,30.136,28.310,983.882,247.426,40.572,1500.000,0.150,1.756,1445.000,1.747,1452.519,0.000,0.000,0.000,0.000,0.460,327.000,0.395,380.861,2.234,1.513,0.000,0.000
2630,2026-05-26 18:59:47,1,20.000,30.136,28.280,983.901,247.270,40.813,1600.000,0.160,0.561,464.000,0.561,464.000,0.000,0.000,0.000,0.000,0.513,424.000,0.513,424.000,4.098,1.153,0.000,0.000
13038,NO_TIME,1,20.100,30.136,28.280,983.908,247.203,41.558,1800.000,0.180,0.602,498.000,0.602,498.000,0.000,0.000,0.000,0.000,0.308,255.000,0.308,255.000,3.812,1.640,0.000,0.000
93362,2026-05-26 19:01:44,5,20.000,30.136,28.190,983.917,247.130,41.154,1600.000,0.160,1.194,1439.000,1.739,987.909,0.005,0.000,0.000,0.000,0.453,329.000,0.398,374.670,3.045,1.577,0.000,0.000
113443,2026-05-26 19:02:04,6,20.000,30.136,28.160,983.888,247.377,40.663,1600.000,0.160,1.261,1263.000,1.527,1042.927,0.005,0.000,0.000,0.000,0.508,603.000,0.729,420.336,2.896,1.581,0.000,0.000
133524,2026-05-26 19:02:24,7,20.000,30.029,28.150,983.868,247.547,40.732,1600.000,0.160,1.323,1301.000,1.573,1094.542,0.003,0.000,0.000,0.000,0.545,571.000,0.690,450.469,2.806,1.516,0.000,0.000
153609,2026-05-26 19:02:44,8,20.000,30.136,28.160,983.889,247.373,40.698,1600.000,0.160,1.420,1494.000,1.806,1174.433,0.010,0.000,0.000,0.000,0.528,381.000,0.461,436.575,2.743,1.469,0.000,0.000
173690,2026-05-26 19:03:04,9,20.000,30.136,28.160,983.917,247.130,40.815,1600.000,0.160,1.449,1295.000,1.565,1198.547,0.005,0.000,0.000,0.000,0.508,353.000,0.427,419.860,2.689,1.433,0.000,0.000
193771,2026-05-26 19:03:24,10,20.000,30.029,28.160,983.905,247.236,40.850,1500.000,0.150,1.550,1618.000,1.956,1282.438,0.005,0.000,0.000,0.000,0.498,379.000,0.458,411.688,2.601,1.490,0.000,0.000
213852,2026-05-26 19:03:44,11,20.000,30.136,28.140,983.875,247.493,41.149,1500.000,0.150,1.560,1322.000,1.598,1290.350,0.005,0.000,0.000,0.000,0.515,485.000,0.586,426.351,2.508,1.546,0.000,0.000
233933,2026-05-26 19:04:04,12,20.000,30.136,28.140,983.893,247.332,40.871,1500.000,0.150,1.508,1075.000,1.299,1247.280,0.005,0.000,0.000,0.000,0.553,583.000,0.705,457.680,2.455,1.508,0.000,0.000
254014,2026-05-26 19:04:24,13,20.000,30.136,28.110,983.895,247.318,41.391,1500.000,0.150,1.523,1309.000,1.582,1259.624,0.008,0.000,0.000,0.000,0.585,590.000,0.713,484.144,2.390,1.521,0.000,0.000
274095,2026-05-26 19:04:44,14,20.000,30.136,28.130,983.895,247.315,40.358,1500.000,0.150,1.541,1334.000,1.613,1274.499,0.005,0.000,0.000,0.000,0.550,337.000,0.407,454.716,2.385,1.484,0.000,0.000
294263,2026-05-26 19:05:04,15,20.000,30.136,28.110,983.897,247.303,41.704,1500.000,0.150,1.514,1163.000,1.406,1252.200,0.008,0.000,0.000,0.000,0.581,583.000,0.705,480.372,2.357,1.445,0.000,0.000
314344,2026-05-26 19:05:24,16,20.000,30.029,28.110,983.918,247.124,41.158,1500.000,0.150,1.553,1417.000,1.713,1285.160,0.005,0.000,0.000,0.000,0.545,331.000,0.400,450.498,2.330,1.484,0.000,0.000
334425,2026-05-26 19:05:45,17,20.000,30.136,28.100,983.892,247.341,41.413,1500.000,0.150,1.552,1278.000,1.545,1283.728,0.005,0.000,0.000,0.000,0.516,332.000,0.401,426.798,2.335,1.454,0.000,0.000
354506,2026-05-26 19:06:05,18,20.000,30.029,28.120,983.917,247.130,40.545,1500.000,0.150,1.578,1394.000,1.685,1305.782,0.003,0.000,0.000,0.000,0.489,315.000,0.381,404.439,2.334,1.446,0.000,0.000
374587,2026-05-26 19:06:25,19,20.000,30.136,28.150,983.883,247.417,40.372,1500.000,0.150,1.606,1418.000,1.714,1328.226,0.003,0.000,0.000,0.000,0.465,307.000,0.371,384.951,2.322,1.459,0.000,0.000
394668,2026-05-26 19:06:45,20,20.000,30.029,28.140,983.895,247.320,40.477,1500.000,0.150,1.598,1296.000,1.567,1321.781,0.003,0.000,0.000,0.000,0.458,354.000,0.428,378.761,2.330,1.421,0.000,0.000
414749,2026-05-26 19:07:05,21,20.000,30.136,28.170,983.895,247.317,40.537,1500.000,0.150,1.540,1083.000,1.309,1274.025,0.008,0.000,0.000,0.000,0.504,570.000,0.689,417.009,2.305,1.393,0.000,0.000
434830,2026-05-26 19:07:25,22,20.000,30.029,28.230,983.899,247.282,40.321,1500.000,0.150,1.494,1085.000,1.312,1236.220,0.005,0.000,0.000,0.000,0.544,582.000,0.704,450.007,2.277,1.385,0.000,0.000
454911,2026-05-26 19:07:45,23,20.000,30.136,28.230,983.898,247.289,39.834,1500.000,0.150,1.500,1260.000,1.523,1240.976,0.010,0.000,0.000,0.000,0.577,588.000,0.711,477.606,2.260,1.365,0.000,0.000
474992,2026-05-26 19:08:05,24,20.000,30.136,28.270,983.876,247.477,39.593,1400.000,0.140,1.532,1374.000,1.661,1267.581,0.000,0.000,0.000,0.000,0.566,431.000,0.521,468.284,2.222,1.435,0.000,0.000
495073,2026-05-26 19:08:25,25,20.000,30.136,28.280,983.875,247.486,39.814,1800.000,0.180,1.568,1414.000,1.709,1296.865,0.005,0.000,0.000,0.000,0.534,334.000,0.404,441.428,2.207,1.473,0.000,0.000
515154,2026-05-26 19:08:45,26,20.000,30.244,28.370,983.917,247.127,40.741,1500.000,0.150,1.576,1331.000,1.609,1303.692,0.003,0.000,0.000,0.000,0.526,408.000,0.493,434.742,2.232,1.413,0.000,0.000
535235,2026-05-26 19:09:05,27,20.000,30.136,28.380,983.906,247.222,39.323,1500.000,0.150,1.588,1352.000,1.634,1313.353,0.005,0.000,0.000,0.000,0.557,566.000,0.684,460.994,2.202,1.436,0.000,0.000
555316,2026-05-26 19:09:25,28,20.000,30.244,28.420,983.904,247.244,39.815,1400.000,0.140,1.608,1399.000,1.691,1330.483,0.000,0.000,0.000,0.000,0.531,354.000,0.428,439.595,2.186,1.482,0.000,0.000
575397,2026-05-26 19:09:46,29,20.000,30.244,28.470,983.922,247.091,39.250,1400.000,0.140,1.650,1503.000,1.817,1364.986,0.003,0.000,0.000,0.000,0.506,333.000,0.403,418.276,2.203,1.462,0.000,0.000
595478,2026-05-26 19:10:06,30,20.000,30.244,28.500,983.916,247.139,40.484,1500.000,0.150,1.613,1210.000,1.463,1333.989,0.000,0.000,0.000,0.000,0.530,519.000,0.627,438.421,2.199,1.411,0.000,0.000
615559,2026-05-26 19:10:26,31,20.000,30.674,28.400,983.896,247.309,40.418,1600.000,0.160,1.585,1219.000,1.474,1310.991,0.008,0.000,0.000,0.000,0.562,570.000,0.689,464.737,2.194,1.387,0.000,0.000
635640,2026-05-26 19:10:46,32,20.000,30.674,28.430,983.938,246.955,40.665,1500.000,0.150,1.560,1209.000,1.461,1290.593,0.005,0.000,0.000,0.000,0.586,564.000,0.682,484.589,2.174,1.404,0.000,0.000
655721,2026-05-26 19:11:06,33,20.000,30.566,28.450,983.935,246.975,40.538,1800.000,0.180,1.568,1324.000,1.600,1297.275,0.008,0.000,0.000,0.000,0.609,582.000,0.704,504.071,2.159,1.399,0.000,0.000
675802,2026-05-26 19:11:26,34,20.000,30.566,28.500,983.890,247.359,39.833,1600.000,0.160,1.569,1301.000,1.573,1298.020,0.008,0.000,0.000,0.000,0.606,489.000,0.591,501.057,2.138,1.454,0.000,0.000
695883,2026-05-26 19:11:46,35,20.000,30.566,28.480,983.903,247.250,40.286,1500.000,0.150,1.640,1590.000,1.922,1356.416,0.010,0.000,0.000,0.000,0.569,349.000,0.422,470.646,2.138,1.488,0.000,0.000
715964,2026-05-26 19:12:06,36,20.000,30.566,28.600,983.920,247.108,40.470,1500.000,0.150,1.607,1222.000,1.477,1329.533,0.008,0.000,0.000,0.000,0.545,371.000,0.448,450.717,2.167,1.436,0.000,0.000
736045,2026-05-26 19:12:26,37,20.000,30.566,28.600,983.924,247.070,41.622,1500.000,0.150,1.567,1165.000,1.408,1296.626,0.008,0.000,0.000,0.000,0.571,559.000,0.676,472.373,2.153,1.436,0.000,0.000
756126,2026-05-26 19:12:46,38,20.000,30.459,28.600,983.899,247.283,40.494,1500.000,0.150,1.602,1441.000,1.742,1325.501,0.003,0.000,0.000,0.000,0.584,525.000,0.635,482.899,2.126,1.477,0.000,0.000
776207,2026-05-26 19:13:06,39,20.000,30.566,28.590,983.903,247.250,40.249,1500.000,0.150,1.623,1411.000,1.706,1342.601,0.005,0.000,0.000,0.000,0.546,327.000,0.395,451.719,2.127,1.503,0.000,0.000
796288,2026-05-26 19:13:26,40,20.000,30.566,28.550,983.882,247.431,40.129,1500.000,0.150,1.638,1405.000,1.698,1355.081,0.003,0.000,0.000,0.000,0.515,322.000,0.389,425.775,2.134,1.510,0.000,0.000
816369,2026-05-26 19:13:46,41,20.000,30.459,28.540,983.899,247.287,40.581,1400.000,0.140,1.640,1363.000,1.648,1356.664,0.003,0.000,0.000,0.000,0.517,437.000,0.528,428.020,2.110,1.551,0.000,0.000
836450,2026-05-26 19:14:07,42,20.000,30.566,28.520,983.885,247.402,40.754,1500.000,0.150,1.641,1361.000,1.645,1357.531,0.008,0.000,0.000,0.000,0.489,309.000,0.374,404.216,2.112,1.557,0.000,0.000
856531,2026-05-26 19:14:27,43,20.000,30.566,28.510,983.921,247.097,41.173,1600.000,0.160,1.669,1473.000,1.781,1380.625,0.005,0.000,0.000,0.000,0.477,355.000,0.429,394.373,2.142,1.511,0.000,0.000
876612,2026-05-26 19:14:47,44,20.000,30.566,28.460,983.922,247.089,40.399,1600.000,0.160,1.600,1096.000,1.325,1323.700,0.003,0.000,0.000,0.000,0.489,446.000,0.539,404.698,2.166,1.442,0.000,0.000
896693,2026-05-26 19:15:07,45,20.000,30.566,28.510,983.916,247.138,39.462,1500.000,0.150,1.594,1299.000,1.570,1318.760,0.000,0.000,0.000,0.000,0.528,565.000,0.683,436.759,2.145,1.452,0.000,0.000
916774,2026-05-26 19:15:27,46,20.000,30.566,28.560,983.919,247.113,40.315,1600.000,0.160,1.604,1361.000,1.645,1327.208,0.005,0.000,0.000,0.000,0.541,490.000,0.592,447.407,2.131,1.498,0.000,0.000
936855,2026-05-26 19:15:47,47,20.000,30.566,28.560,983.893,247.339,39.595,1600.000,0.160,1.558,1134.000,1.371,1288.567,0.005,0.000,0.000,0.000,0.547,473.000,0.572,452.526,2.154,1.431,0.000,0.000
956936,2026-05-26 19:16:07,48,20.000,30.566,28.610,983.922,247.091,40.006,1600.000,0.160,1.522,1142.000,1.380,1259.253,0.005,0.000,0.000,0.000,0.567,535.000,0.647,469.020,2.131,1.448,0.000,0.000
977017,2026-05-26 19:16:27,49,20.000,30.674,28.630,983.912,247.172,39.554,1600.000,0.160,1.515,1229.000,1.486,1253.203,0.000,0.000,0.000,0.000,0.545,378.000,0.457,450.816,2.162,1.398,0.000,0.000
997098,2026-05-26 19:16:47,50,20.000,30.674,28.650,983.899,247.281,39.626,1500.000,0.150,1.540,1356.000,1.639,1273.762,0.000,0.000,0.000,0.000,0.510,306.000,0.370,421.853,2.159,1.425,0.000,0.000
1017179,2026-05-26 19:17:07,51,20.000,30.674,28.690,983.913,247.165,39.955,1500.000,0.150,1.610,1564.000,1.891,1331.810,0.003,0.000,0.000,0.000,0.492,348.000,0.421,407.083,2.140,1.464,0.000,0.000
1037260,2026-05-26 19:17:27,52,20.000,30.674,28.690,983.906,247.225,39.955,1600.000,0.160,1.588,1240.000,1.499,1313.448,0.005,0.000,0.000,0.000,0.518,514.000,0.621,428.466,2.112,1.485,0.000,0.000
1057341,2026-05-26 19:17:47,53,20.000,30.674,28.670,983.915,247.148,40.150,1500.000,0.150,1.579,1277.000,1.544,1306.158,0.005,0.000,0.000,0.000,0.521,440.000,0.532,430.773,2.143,1.420,0.000,0.000
1077422,2026-05-26 19:18:08,54,20.000,30.674,28.680,983.932,247.001,40.094,1500.000,0.150,1.590,1352.000,1.634,1315.327,0.003,0.000,0.000,0.000,0.492,314.000,0.380,407.418,2.144,1.445,0.000,0.000
1097503,2026-05-26 19:18:28,55,20.000,30.674,28.650,983.905,247.236,39.475,1500.000,0.150,1.601,1362.000,1.646,1324.661,0.003,0.000,0.000,0.000,0.485,376.000,0.455,401.135,2.123,1.497,0.000,0.000
1117584,2026-05-26 19:18:48,56,20.000,30.674,28.680,983.897,247.303,39.942,1500.000,0.150,1.652,1533.000,1.853,1366.329,0.003,0.000,0.000,0.000,0.479,376.000,0.455,396.108,2.110,1.537,0.000,0.000
1137665,2026-05-26 19:19:08,57,20.000,30.674,28.700,983.898,247.293,39.887,1500.000,0.150,1.632,1284.000,1.552,1349.863,0.003,0.000,0.000,0.000,0.499,480.000,0.580,412.886,2.085,1.563,0.000,0.000
1157746,2026-05-26 19:19:28,58,20.000,30.674,28.730,983.905,247.230,39.772,1600.000,0.160,1.608,1253.000,1.515,1330.491,0.000,0.000,0.000,0.000,0.536,564.000,0.682,443.109,2.083,1.530,0.000,0.000
1177827,2026-05-26 19:19:48,59,20.000,30.674,28.740,983.893,247.334,39.308,1500.000,0.150,1.565,1152.000,1.393,1294.793,0.008,0.000,0.000,0.000,0.523,392.000,0.474,432.887,2.116,1.458,0.000,0.000
1197908,2026-05-26 19:20:08,60,20.000,30.674,28.750,983.934,246.989,40.042,1500.000,0.150,1.570,1314.000,1.588,1298.634,0.003,0.000,0.000,0.000,0.490,297.000,0.359,405.710,2.132,1.451,0.000,0.000
1217989,2026-05-26 19:20:28,61,20.000,30.674,28.790,983.919,247.110,39.359,1500.000,0.150,1.572,1307.000,1.580,1300.307,0.003,0.000,0.000,0.000,0.501,448.000,0.542,414.168,2.105,1.494,0.000,0.000
1238070,2026-05-26 19:20:48,62,20.000,30.674,28.780,983.883,247.417,38.706,1500.000,0.150,1.538,1160.000,1.402,1272.246,0.000,0.000,0.000,0.000,0.527,525.000,0.635,436.334,2.088,1.505,0.000,0.000
1258151,2026-05-26 19:21:08,63,20.000,30.674,28.750,983.921,247.094,38.878,1500.000,0.150,1.517,1185.000,1.432,1254.797,0.000,0.000,0.000,0.000,0.554,545.000,0.659,458.067,2.081,1.492,0.000,0.000
1278232,2026-05-26 19:21:28,64,20.000,30.674,28.760,983.910,247.192,38.600,1500.000,0.150,1.475,1081.000,1.307,1220.037,0.000,0.000,0.000,0.000,0.571,529.000,0.639,472.254,2.093,1.447,0.000,0.000
1298313,2026-05-26 19:21:48,65,20.000,30.674,28.740,983.885,247.401,39.109,1500.000,0.150,1.450,1119.000,1.353,1199.830,0.003,0.000,0.000,0.000,0.585,529.000,0.639,483.603,2.080,1.458,0.000,0.000
1318394,2026-05-26 19:22:09,66,20.000,30.782,28.710,983.907,247.217,39.155,1500.000,0.150,1.462,1248.000,1.509,1209.464,0.005,0.000,0.000,0.000,0.597,535.000,0.647,493.883,2.095,1.412,0.000,0.000
1338475,2026-05-26 19:22:29,67,20.000,30.782,28.860,983.918,247.121,39.272,1500.000,0.150,1.424,1054.000,1.274,1178.371,0.000,0.000,0.000,0.000,0.597,495.000,0.598,494.106,2.115,1.364,0.000,0.000
1358556,2026-05-26 19:22:49,68,20.000,30.782,28.890,983.911,247.180,38.296,1500.000,0.150,1.427,1191.000,1.440,1180.897,0.005,0.000,0.000,0.000,0.563,352.000,0.425,465.685,2.145,1.325,0.000,0.000
1378637,2026-05-26 19:23:09,69,20.000,30.782,28.830,983.933,246.994,38.523,1500.000,0.150,1.440,1233.000,1.490,1191.318,0.000,0.000,0.000,0.000,0.530,328.000,0.396,438.148,2.170,1.305,0.000,0.000
1398718,2026-05-26 19:23:29,70,20.000,30.782,28.730,983.912,247.173,39.017,1500.000,0.150,1.458,1265.000,1.529,1206.054,0.003,0.000,0.000,0.000,0.495,293.000,0.354,409.118,2.180,1.314,0.000,0.000
1418799,2026-05-26 19:23:49,71,20.000,30.890,28.740,983.910,247.191,38.656,1500.000,0.150,1.508,1414.000,1.709,1247.643,0.003,0.000,0.000,0.000,0.472,316.000,0.382,390.495,2.166,1.372,0.000,0.000
1438880,2026-05-26 19:24:09,72,20.000,30.782,28.720,983.924,247.073,39.655,1600.000,0.160,1.568,1496.000,1.808,1297.315,0.003,0.000,0.000,0.000,0.451,303.000,0.366,372.996,2.174,1.377,0.000,0.000
1458961,2026-05-26 19:24:29,73,20.000,30.782,28.690,983.907,247.219,38.989,1400.000,0.140,1.557,1252.000,1.513,1288.252,0.000,0.000,0.000,0.000,0.470,454.000,0.549,389.197,2.138,1.429,0.000,0.000
1479042,2026-05-26 19:24:49,74,20.000,30.782,28.610,983.918,247.126,39.261,1300.000,0.130,1.582,1392.000,1.683,1309.001,0.000,0.000,0.000,0.000,0.494,487.000,0.589,408.757,2.110,1.466,0.000,0.000
1499123,2026-05-26 19:25:09,75,20.000,30.782,28.630,983.937,246.962,39.590,1400.000,0.140,1.626,1488.000,1.799,1344.801,0.003,0.000,0.000,0.000,0.468,299.000,0.361,386.806,2.119,1.464,0.000,0.000
1519204,2026-05-26 19:25:29,76,20.100,30.782,28.760,983.920,247.102,39.287,1500.000,0.150,1.658,1478.000,1.787,1371.441,0.003,0.000,0.000,0.000,0.447,301.000,0.364,369.645,2.132,1.454,0.000,0.000
1539285,2026-05-26 19:25:49,77,20.100,30.782,28.820,983.915,247.148,39.141,1500.000,0.150,1.620,1216.000,1.470,1340.353,0.000,0.000,0.000,0.000,0.432,307.000,0.371,357.116,2.149,1.423,0.000,0.000
1559366,2026-05-26 19:26:09,78,20.100,30.674,28.780,983.953,246.824,38.356,1400.000,0.140,1.551,1055.000,1.275,1283.282,0.000,0.000,0.000,0.000,0.468,507.000,0.613,387.093,2.144,1.391,0.000,0.000
1579447,2026-05-26 19:26:30,79,20.100,30.674,28.720,983.932,247.004,38.340,1400.000,0.140,1.552,1285.000,1.553,1283.626,0.003,0.000,0.000,0.000,0.476,421.000,0.509,393.874,2.110,1.443,0.000,0.000
1599528,2026-05-26 19:26:50,80,20.100,30.674,28.620,983.931,247.012,38.576,1500.000,0.150,1.597,1473.000,1.781,1321.501,0.003,0.000,0.000,0.000,0.453,299.000,0.361,374.899,2.095,1.475,0.000,0.000
1619609,2026-05-26 19:27:10,81,20.100,30.674,28.640,983.913,247.162,39.009,1500.000,0.150,1.578,1241.000,1.500,1305.401,0.000,0.000,0.000,0.000,0.432,289.000,0.349,357.719,2.115,1.440,0.000,0.000
1639690,2026-05-26 19:27:30,82,20.100,30.782,28.580,983.923,247.076,39.131,1400.000,0.140,1.549,1185.000,1.432,1281.320,0.003,0.000,0.000,0.000,0.458,463.000,0.560,378.776,2.111,1.377,0.000,0.000
1659771,2026-05-26 19:27:50,83,20.100,30.674,28.600,983.944,246.903,39.283,1400.000,0.140,1.508,1111.000,1.343,1247.256,0.000,0.000,0.000,0.000,0.489,507.000,0.613,404.420,2.091,1.368,0.000,0.000
1679852,2026-05-26 19:28:10,84,20.100,30.674,28.590,983.930,247.015,38.725,1500.000,0.150,1.448,1001.000,1.210,1198.005,0.000,0.000,0.000,0.000,0.511,496.000,0.600,422.736,2.090,1.341,0.000,0.000
1699933,2026-05-26 19:28:30,85,20.000,30.674,28.570,983.953,246.824,39.235,1400.000,0.140,1.395,979.000,1.183,1154.204,0.000,0.000,0.000,0.000,0.523,474.000,0.573,432.989,2.100,1.303,0.000,0.000
1720014,2026-05-26 19:28:50,86,20.100,30.674,28.570,983.956,246.801,38.909,1400.000,0.140,1.360,1009.000,1.220,1125.163,0.003,0.000,0.000,0.000,0.529,456.000,0.551,437.591,2.099,1.265,0.000,0.000
1740095,2026-05-26 19:29:10,87,20.100,30.674,28.510,983.935,246.977,39.103,1400.000,0.140,1.368,1158.000,1.400,1131.731,0.003,0.000,0.000,0.000,0.544,499.000,0.603,449.873,2.075,1.300,0.000,0.000
1760176,2026-05-26 19:29:30,88,20.100,30.674,28.530,983.939,246.941,39.080,1400.000,0.140,1.377,1167.000,1.411,1138.785,0.000,0.000,0.000,0.000,0.561,523.000,0.632,464.498,2.066,1.299,0.000,0.000
1780257,2026-05-26 19:29:50,89,20.100,30.674,28.620,983.907,247.213,39.123,1500.000,0.150,1.394,1213.000,1.466,1153.628,0.000,0.000,0.000,0.000,0.574,515.000,0.623,474.599,2.065,1.286,0.000,0.000
1800338,2026-05-26 19:30:10,90,20.100,30.674,28.620,983.975,246.638,38.855,1400.000,0.140,1.378,1085.000,1.312,1139.902,0.003,0.000,0.000,0.000,0.568,449.000,0.543,469.479,2.086,1.247,0.000,0.000
1820419,2026-05-26 19:30:31,91,20.100,30.674,28.710,983.954,246.815,39.038,1500.000,0.150,1.444,1412.000,1.707,1194.322,0.003,0.000,0.000,0.000,0.556,423.000,0.511,460.183,2.059,1.318,0.000,0.000
1840500,2026-05-26 19:30:51,92,20.100,30.674,28.690,983.955,246.806,38.570,1400.000,0.140,1.454,1239.000,1.498,1203.257,0.000,0.000,0.000,0.000,0.535,371.000,0.448,442.347,2.040,1.381,0.000,0.000
1860581,2026-05-26 19:31:11,93,20.100,30.782,28.690,983.947,246.876,38.814,1400.000,0.140,1.513,1446.000,1.748,1251.806,0.003,0.000,0.000,0.000,0.498,289.000,0.349,411.677,2.028,1.419,0.000,0.000
1880662,2026-05-26 19:31:31,94,20.100,30.782,28.630,983.959,246.769,39.124,1400.000,0.140,1.531,1327.000,1.604,1266.845,0.000,0.000,0.000,0.000,0.478,329.000,0.398,395.142,2.062,1.374,0.000,0.000
1900743,2026-05-26 19:31:51,95,20.100,30.674,28.580,983.977,246.618,39.271,1400.000,0.140,1.474,1029.000,1.244,1219.276,0.000,0.000,0.000,0.000,0.504,503.000,0.608,416.713,2.047,1.378,0.000,0.000
1920824,2026-05-26 19:32:11,96,20.100,30.782,28.640,983.963,246.735,39.008,1400.000,0.140,1.483,1256.000,1.518,1226.621,0.000,0.000,0.000,0.000,0.469,274.000,0.331,388.171,2.056,1.388,0.000,0.000
1940905,2026-05-26 19:32:31,97,20.100,30.782,28.620,983.970,246.676,39.263,1400.000,0.140,1.431,1014.000,1.226,1184.097,0.000,0.000,0.000,0.000,0.494,492.000,0.595,408.937,2.045,1.381,0.000,0.000
1960986,2026-05-26 19:32:51,98,20.100,30.674,28.690,983.946,246.882,38.838,1400.000,0.140,1.448,1252.000,1.513,1197.677,0.000,0.000,0.000,0.000,0.461,270.000,0.326,381.149,2.052,1.404,0.000,0.000
1981067,2026-05-26 19:33:11,99,20.100,30.782,28.790,983.980,246.591,38.695,1500.000,0.150,1.419,1078.000,1.303,1173.742,0.000,0.000,0.000,0.000,0.485,481.000,0.581,401.119,2.066,1.359,0.000,0.000
2001148,2026-05-26 19:33:31,100,20.100,30.782,28.790,983.968,246.696,38.509,1500.000,0.150,1.449,1298.000,1.569,1198.594,0.000,0.000,0.000,0.000,0.452,264.000,0.319,373.696,2.080,1.354,0.000,0.000
2021229,2026-05-26 19:33:51,101,20.100,30.674,28.710,983.986,246.546,38.456,1500.000,0.150,1.495,1389.000,1.679,1236.675,0.000,0.000,0.000,0.000,0.432,291.000,0.352,357.156,2.068,1.399,0.000,0.000
2041310,2026-05-26 19:34:11,102,20.100,30.782,28.710,983.965,246.717,38.735,1500.000,0.150,1.545,1445.000,1.747,1278.340,0.000,0.000,0.000,0.000,0.429,345.000,0.417,354.725,2.041,1.448,0.000,0.000
2061391,2026-05-26 19:34:32,103,20.100,30.782,28.680,983.944,246.904,38.477,1400.000,0.140,1.536,1241.000,1.500,1270.872,0.003,0.000,0.000,0.000,0.414,294.000,0.355,342.580,2.031,1.487,0.000,0.000
2081490,2026-05-26 19:34:52,104,20.100,30.782,28.670,983.976,246.626,38.801,1500.000,0.150,1.565,1390.000,1.680,1294.698,0.000,0.000,0.000,0.000,0.423,379.000,0.458,349.864,2.008,1.524,0.000,0.000
2101571,2026-05-26 19:35:12,105,20.100,30.782,28.660,983.935,246.975,38.532,1400.000,0.140,1.601,1442.000,1.743,1324.158,0.005,0.000,0.000,0.000,0.425,358.000,0.433,351.491,1.993,1.556,0.000,0.000
2121652,2026-05-26 19:35:32,106,20.000,30.782,28.730,983.936,246.968,39.155,1400.000,0.140,1.579,1234.000,1.492,1306.127,0.000,0.000,0.000,0.000,0.442,422.000,0.510,365.593,1.975,1.573,0.000,0.000
2141733,2026-05-26 19:35:52,107,20.100,30.890,28.640,983.932,246.998,38.985,1400.000,0.140,1.546,1171.000,1.415,1279.101,0.000,0.000,0.000,0.000,0.470,480.000,0.580,388.474,1.997,1.502,0.000,0.000
2161814,2026-05-26 19:36:12,108,20.100,30.782,28.660,983.920,247.109,38.241,1400.000,0.140,1.473,978.000,1.182,1218.881,0.000,0.000,0.000,0.000,0.483,446.000,0.539,399.980,2.025,1.433,0.000,0.000
2181895,2026-05-26 19:36:32,109,20.100,30.782,28.790,983.941,246.928,38.917,1400.000,0.140,1.472,1215.000,1.469,1218.105,0.000,0.000,0.000,0.000,0.510,508.000,0.614,421.584,2.019,1.421,0.000,0.000
2201976,2026-05-26 19:36:52,110,20.100,30.890,28.830,983.927,247.046,38.827,1400.000,0.140,1.425,1022.000,1.235,1178.884,0.000,0.000,0.000,0.000,0.527,495.000,0.598,436.267,2.026,1.388,0.000,0.000
2222148,2026-05-26 19:37:12,111,20.100,30.890,28.800,983.883,247.424,37.589,1400.000,0.140,1.474,1380.000,1.668,1219.107,0.000,0.000,0.000,0.000,0.522,415.000,0.502,432.014,2.005,1.439,0.000,0.000
2242229,2026-05-26 19:37:32,112,20.100,30.890,28.780,983.921,247.094,38.740,1300.000,0.130,1.440,1082.000,1.308,1191.686,0.000,0.000,0.000,0.000,0.500,341.000,0.412,413.811,2.042,1.382,0.000,0.000
2262310,2026-05-26 19:37:52,113,20.100,30.890,28.780,983.879,247.451,37.763,1400.000,0.140,1.394,1000.000,1.209,1153.349,0.000,0.000,0.000,0.000,0.521,498.000,0.602,430.649,2.032,1.383,0.000,0.000
2282391,2026-05-26 19:38:13,114,20.100,30.890,28.860,983.900,247.279,38.538,1400.000,0.140,1.470,1468.000,1.775,1216.279,0.003,0.000,0.000,0.000,0.488,295.000,0.357,403.519,2.034,1.422,0.000,0.000
2302472,2026-05-26 19:38:33,115,20.100,30.998,28.890,983.908,247.208,37.936,1400.000,0.140,1.439,1086.000,1.313,1190.223,0.000,0.000,0.000,0.000,0.478,362.000,0.438,395.215,2.068,1.358,0.000,0.000
2322553,2026-05-26 19:38:53,116,20.100,30.998,28.940,983.892,247.346,38.405,1400.000,0.140,1.423,1127.000,1.362,1177.578,0.003,0.000,0.000,0.000,0.495,466.000,0.563,409.372,2.039,1.380,0.000,0.000
2342634,2026-05-26 19:39:13,117,20.100,30.998,28.930,983.944,246.899,37.310,1400.000,0.140,1.444,1262.000,1.525,1194.463,0.000,0.000,0.000,0.000,0.459,263.000,0.318,380.098,2.053,1.390,0.000,0.000
2362715,2026-05-26 19:39:33,118,20.100,30.998,28.970,983.900,247.272,37.056,1400.000,0.140,1.453,1231.000,1.488,1201.770,0.003,0.000,0.000,0.000,0.490,506.000,0.612,405.278,2.038,1.394,0.000,0.000
2382796,2026-05-26 19:39:53,119,20.100,30.998,29.000,983.906,247.224,37.152,1400.000,0.140,1.482,1322.000,1.598,1225.816,0.000,0.000,0.000,0.000,0.457,270.000,0.326,378.223,2.060,1.386,0.000,0.000
2402877,2026-05-26 19:40:13,120,20.100,30.998,29.000,983.894,247.327,37.734,1300.000,0.130,1.442,1062.000,1.284,1193.053,0.000,0.000,0.000,0.000,0.481,476.000,0.575,397.778,2.040,1.413,0.000,0.000
2422958,2026-05-26 19:40:33,121,20.100,31.107,29.080,983.898,247.293,37.694,1300.000,0.130,1.468,1302.000,1.574,1214.842,0.000,0.000,0.000,0.000,0.454,288.000,0.348,375.822,2.036,1.451,0.000,0.000
2443039,2026-05-26 19:40:53,122,20.100,31.107,29.040,983.887,247.390,37.155,1300.000,0.130,1.487,1292.000,1.562,1230.274,0.000,0.000,0.000,0.000,0.435,297.000,0.359,360.058,2.067,1.407,0.000,0.000
2463120,2026-05-26 19:41:13,123,20.100,31.107,29.060,983.906,247.227,37.169,1400.000,0.140,1.487,1228.000,1.484,1229.819,0.000,0.000,0.000,0.000,0.447,407.000,0.492,369.446,2.095,1.347,0.000,0.000
2483201,2026-05-26 19:41:33,124,20.100,31.107,29.110,983.894,247.330,37.953,1400.000,0.140,1.498,1275.000,1.541,1238.855,0.000,0.000,0.000,0.000,0.474,483.000,0.584,392.157,2.067,1.385,0.000,0.000
2503282,2026-05-26 19:41:53,125,20.100,31.107,28.990,983.880,247.448,37.244,1300.000,0.130,1.477,1156.000,1.397,1222.284,0.008,0.000,0.000,0.000,0.446,276.000,0.334,368.926,2.090,1.372,0.000,0.000
2523363,2026-05-26 19:42:13,126,20.100,31.107,28.930,983.882,247.425,37.542,1300.000,0.130,1.483,1247.000,1.507,1227.228,0.000,0.000,0.000,0.000,0.444,359.000,0.434,366.941,2.117,1.324,0.000,0.000
2543444,2026-05-26 19:42:34,127,20.100,30.998,28.870,983.902,247.257,37.805,1400.000,0.140,1.476,1197.000,1.447,1221.182,0.000,0.000,0.000,0.000,0.419,265.000,0.320,346.552,2.124,1.331,0.000,0.000
2563525,2026-05-26 19:42:54,128,20.100,30.998,28.880,983.905,247.234,37.293,1300.000,0.130,1.515,1381.000,1.669,1253.146,0.000,0.000,0.000,0.000,0.405,288.000,0.348,334.842,2.139,1.327,0.000,0.000
2583606,2026-05-26 19:43:14,129,20.100,31.107,28.930,983.901,247.269,37.602,1300.000,0.130,1.461,1030.000,1.245,1208.517,0.000,0.000,0.000,0.000,0.416,380.000,0.459,343.874,2.157,1.285,0.000,0.000
2603707,2026-05-26 19:43:34,130,20.100,31.107,28.870,983.912,247.172,37.339,1300.000,0.130,1.407,986.000,1.192,1164.013,0.000,0.000,0.000,0.000,0.432,412.000,0.498,357.499,2.163,1.239,0.000,0.000
2623788,2026-05-26 19:43:54,131,20.100,31.107,28.890,983.886,247.394,37.690,1400.000,0.140,1.379,1050.000,1.269,1141.211,0.000,0.000,0.000,0.000,0.426,333.000,0.403,352.599,2.174,1.208,0.000,0.000
2643869,2026-05-26 19:44:14,132,20.100,31.107,29.000,983.903,247.253,37.630,1400.000,0.140,1.380,1145.000,1.384,1141.969,0.000,0.000,0.000,0.000,0.461,496.000,0.600,381.279,2.171,1.192,0.000,0.000
2663950,2026-05-26 19:44:34,133,20.100,31.107,29.170,983.899,247.283,37.143,1300.000,0.130,1.389,1177.000,1.423,1148.975,0.003,0.000,0.000,0.000,0.469,416.000,0.503,388.223,2.129,1.272,0.000,0.000
2684031,2026-05-26 19:44:54,134,20.100,31.107,29.090,983.913,247.380,36.973,1300.000,0.130,1.406,1219.000,1.474,1162.980,0.000,0.000,0.000,0.000,0.441,270.000,0.326,364.579,2.138,1.292,0.000,0.000
2704112,2026-05-26 19:45:14,135,20.100,31.107,29.130,983.902,247.260,37.641,1300.000,0.130,1.429,1261.000,1.524,1182.584,0.000,0.000,0.000,0.000,0.422,289.000,0.349,349.463,2.123,1.345,0.000,0.000
2724193,2026-05-26 19:45:34,136,20.100,31.107,29.090,983.926,247.053,36.891,1300.000,0.130,1.444,1242.000,1.501,1194.467,0.003,0.000,0.000,0.000,0.403,268.000,0.324,333.170,2.126,1.368,0.000,0.000
2744361,2026-05-26 19:45:54,137,20.100,31.107,29.170,983.886,247.391,37.608,1400.000,0.140,1.454,1237.000,1.495,1202.974,0.000,0.000,0.000,0.000,0.445,509.000,0.615,368.336,2.101,1.382,0.000,0.000
2764442,2026-05-26 19:46:15,138,20.100,31.107,29.190,983.891,247.351,37.588,1400.000,0.140,1.490,1352.000,1.634,1232.779,0.000,0.000,0.000,0.000,0.422,273.000,0.330,349.269,2.114,1.376,0.000,0.000
2784523,2026-05-26 19:46:35,139,20.100,31.107,29.140,983.923,247.080,36.756,1300.000,0.130,1.475,1171.000,1.415,1220.423,0.000,0.000,0.000,0.000,0.462,515.000,0.623,382.415,2.100,1.368,0.000,0.000
2804604,2026-05-26 19:46:55,140,20.100,31.107,29.110,983.905,247.233,37.289,1500.000,0.150,1.488,1273.000,1.539,1230.938,0.003,0.000,0.000,0.000,0.441,296.000,0.358,365.132,2.121,1.349,0.000,0.000
2824685,2026-05-26 19:47:15,141,20.100,31.107,29.160,983.897,247.302,37.234,1500.000,0.150,1.459,1110.000,1.342,1206.751,0.000,0.000,0.000,0.000,0.457,431.000,0.521,378.306,2.085,1.392,0.000,0.000
2844766,2026-05-26 19:47:35,142,20.100,31.107,29.080,983.892,247.345,37.998,1400.000,0.140,1.440,1129.000,1.365,1191.201,0.000,0.000,0.000,0.000,0.449,346.000,0.418,371.845,2.112,1.340,0.000,0.000
2864847,2026-05-26 19:47:55,143,20.100,31.107,29.150,983.922,247.092,36.988,1400.000,0.140,1.453,1246.000,1.506,1202.161,0.000,0.000,0.000,0.000,0.476,481.000,0.581,393.676,2.084,1.379,0.000,0.000
2884928,2026-05-26 19:48:15,144,20.100,31.107,29.180,983.894,247.329,36.653,1300.000,0.130,1.438,1140.000,1.378,1189.729,0.000,0.000,0.000,0.000,0.499,491.000,0.594,413.141,2.093,1.338,0.000,0.000
2905009,2026-05-26 19:48:35,145,20.100,31.107,29.220,983.869,247.538,35.537,1300.000,0.130,1.473,1335.000,1.614,1218.783,0.003,0.000,0.000,0.000,0.472,298.000,0.360,390.113,2.118,1.318,0.000,0.000
2925090,2026-05-26 19:48:55,146,20.100,31.215,29.270,983.872,247.512,36.065,1300.000,0.130,1.485,1268.000,1.533,1228.626,0.003,0.000,0.000,0.000,0.443,271.000,0.328,366.290,2.114,1.355,0.000,0.000
2945171,2026-05-26 19:49:15,147,20.100,31.215,29.150,983.889,247.366,35.776,1400.000,0.140,1.504,1308.000,1.581,1244.501,0.000,0.000,0.000,0.000,0.428,307.000,0.371,354.432,2.137,1.326,0.000,0.000
2965252,2026-05-26 19:49:35,148,20.100,31.215,29.130,983.869,247.541,36.322,1400.000,0.140,1.507,1256.000,1.518,1246.801,0.003,0.000,0.000,0.000,0.414,296.000,0.358,342.746,2.154,1.310,0.000,0.000
2985349,2026-05-26 19:49:55,149,20.100,31.215,29.300,983.874,247.500,36.244,1300.000,0.130,1.462,1060.000,1.281,1209.441,0.003,0.000,0.000,0.000,0.418,357.000,0.432,345.596,2.172,1.268,0.000,0.000
3005430,2026-05-26 19:50:16,150,20.100,31.215,29.340,983.870,247.527,36.783,1300.000,0.130,1.456,1184.000,1.431,1204.353,0.000,0.000,0.000,0.000,0.399,266.000,0.322,329.677,2.177,1.280,0.000,0.000
3025511,2026-05-26 19:50:36,151,20.100,31.215,29.270,983.883,247.418,36.334,1300.000,0.130,1.490,1347.000,1.628,1232.882,0.000,0.000,0.000,0.000,0.399,331.000,0.400,329.942,2.145,1.351,0.000,0.000
3045592,2026-05-26 19:50:56,152,20.100,31.215,29.180,983.863,247.587,35.860,1200.000,0.120,1.537,1424.000,1.721,1271.106,0.000,0.000,0.000,0.000,0.391,299.000,0.361,323.753,2.128,1.403,0.000,0.000
3065673,2026-05-26 19:51:16,153,20.100,31.215,29.140,983.816,247.995,37.443,1300.000,0.130,1.473,1009.000,1.220,1218.685,0.000,0.000,0.000,0.000,0.409,397.000,0.480,338.403,2.148,1.345,0.000,0.000
3085754,2026-05-26 19:51:36,154,20.100,31.107,29.140,983.836,247.824,36.802,1300.000,0.130,1.454,1139.000,1.377,1202.748,0.000,0.000,0.000,0.000,0.450,506.000,0.612,371.922,2.144,1.313,0.000,0.000
3105835,2026-05-26 19:51:56,155,20.100,31.215,29.090,983.810,248.039,36.786,1300.000,0.130,1.511,1440.000,1.741,1250.198,0.000,0.000,0.000,0.000,0.427,278.000,0.336,353.138,2.145,1.344,0.000,0.000
3125999,2026-05-26 19:52:16,156,20.100,31.215,29.130,983.833,247.847,36.731,1300.000,0.130,1.492,1171.000,1.415,1234.359,0.000,0.000,0.000,0.000,0.462,498.000,0.602,382.110,2.143,1.317,0.000,0.000
3146080,2026-05-26 19:52:36,157,20.100,31.215,29.110,983.836,247.820,36.672,1300.000,0.130,1.485,1205.000,1.457,1228.487,0.000,0.000,0.000,0.000,0.451,335.000,0.405,372.688,2.117,1.377,0.000,0.000
3166161,2026-05-26 19:52:56,158,20.000,31.215,29.110,983.864,247.581,37.558,1600.000,0.160,1.446,1069.000,1.292,1196.590,0.003,0.000,0.000,0.000,0.477,482.000,0.583,394.551,2.118,1.344,0.000,0.000
3186242,2026-05-26 19:53:16,159,20.100,31.215,29.090,983.839,247.800,36.156,1300.000,0.130,1.484,1352.000,1.634,1227.672,0.000,0.000,0.000,0.000,0.447,269.000,0.325,369.440,2.112,1.384,0.000,0.000
3206323,2026-05-26 19:53:36,160,20.100,31.215,29.040,983.856,247.651,35.932,1100.000,0.110,1.477,1200.000,1.451,1222.137,0.000,0.000,0.000,0.000,0.437,328.000,0.396,361.152,2.137,1.335,0.000,0.000
3226404,2026-05-26 19:53:57,161,20.100,31.324,29.060,983.847,247.723,36.144,1100.000,0.110,1.486,1258.000,1.521,1229.310,0.003,0.000,0.000,0.000,0.438,369.000,0.446,362.722,2.102,1.400,0.000,0.000
3246485,2026-05-26 19:54:17,162,20.100,31.324,29.040,983.860,247.614,37.691,1400.000,0.140,1.468,1156.000,1.397,1214.648,0.000,0.000,0.000,0.000,0.461,454.000,0.549,380.978,2.115,1.346,0.000,0.000
3266566,2026-05-26 19:54:37,163,20.100,31.324,29.020,983.840,247.784,35.976,1300.000,0.130,1.461,1183.000,1.430,1208.318,0.000,0.000,0.000,0.000,0.465,400.000,0.484,384.782,2.082,1.404,0.000,0.000
3286647,2026-05-26 19:54:57,164,20.100,31.324,28.960,983.860,247.613,36.986,1200.000,0.120,1.495,1350.000,1.632,1236.655,0.000,0.000,0.000,0.000,0.434,256.000,0.309,359.026,2.089,1.415,0.000,0.000
3306728,2026-05-26 19:55:17,165,20.100,31.215,29.130,983.860,247.619,37.186,1400.000,0.140,1.430,968.000,1.170,1182.924,0.000,0.000,0.000,0.000,0.457,454.000,0.549,378.021,2.087,1.370,0.000,0.000
3326809,2026-05-26 19:55:37,166,20.100,31.215,29.070,983.869,247.539,35.969,1300.000,0.130,1.462,1317.000,1.592,1209.739,0.000,0.000,0.000,0.000,0.448,341.000,0.412,370.616,2.061,1.428,0.000,0.000
3346890,2026-05-26 19:55:57,167,20.100,31.324,29.050,983.820,247.954,35.990,1100.000,0.110,1.505,1386.000,1.675,1244.991,0.000,0.000,0.000,0.000,0.439,334.000,0.404,363.293,2.041,1.484,0.000,0.000
3366979,2026-05-26 19:56:17,168,20.100,31.215,29.080,983.859,247.621,36.878,1100.000,0.110,1.473,1112.000,1.344,1218.393,0.000,0.000,0.000,0.000,0.468,483.000,0.584,387.234,2.036,1.448,0.000,0.000
3387060,2026-05-26 19:56:37,169,20.100,31.324,29.060,983.874,247.465,36.680,1200.000,0.120,1.434,1057.000,1.278,1186.114,0.000,0.000,0.000,0.000,0.455,334.000,0.404,376.588,2.068,1.388,0.000,0.000
3407141,2026-05-26 19:56:57,170,20.100,31.215,29.070,983.855,247.663,36.668,1200.000,0.120,1.468,1326.000,1.603,1214.092,0.003,0.000,0.000,0.000,0.430,273.000,0.330,355.870,2.055,1.426,0.000,0.000
3427222,2026-05-26 19:57:17,171,20.100,31.324,28.940,983.859,247.626,37.683,1500.000,0.150,1.441,1106.000,1.337,1192.473,0.000,0.000,0.000,0.000,0.455,457.000,0.552,376.096,2.025,1.435,0.000,0.000
3447303,2026-05-26 19:57:37,172,20.100,31.215,28.910,983.861,247.608,36.725,1400.000,0.140,1.425,1126.000,1.361,1179.179,0.000,0.000,0.000,0.000,0.480,481.000,0.581,397.077,2.040,1.386,0.000,0.000
3467384,2026-05-26 19:57:58,173,20.100,31.324,28.930,983.847,247.731,36.681,1200.000,0.120,1.478,1398.000,1.690,1222.943,0.000,0.000,0.000,0.000,0.450,272.000,0.329,372.061,2.046,1.414,0.000,0.000
3487465,2026-05-26 19:58:18,174,20.100,31.324,28.900,983.826,247.910,36.375,1200.000,0.120,1.521,1398.000,1.690,1257.954,0.000,0.000,0.000,0.000,0.431,293.000,0.354,356.249,2.038,1.455,0.000,0.000
3507629,2026-05-26 19:58:38,175,20.100,31.324,29.010,983.848,247.715,36.814,1200.000,0.120,1.491,1137.000,1.374,1233.763,0.000,0.000,0.000,0.000,0.463,490.000,0.592,382.999,2.031,1.434,0.000,0.000
3527710,2026-05-26 19:58:58,176,20.100,31.324,29.100,983.833,247.850,36.099,1200.000,0.120,1.469,1141.000,1.379,1215.211,0.000,0.000,0.000,0.000,0.448,320.000,0.387,370.400,2.065,1.381,0.000,0.000
3547791,2026-05-26 19:59:18,177,20.100,31.324,29.190,983.825,247.911,36.654,1200.000,0.120,1.462,1188.000,1.436,1209.769,0.000,0.000,0.000,0.000,0.434,312.000,0.377,358.720,2.047,1.432,0.000,0.000
3567872,2026-05-26 19:59:38,178,20.100,31.324,29.240,983.823,247.698,35.818,1200.000,0.120,1.438,1107.000,1.338,1189.215,0.000,0.000,0.000,0.000,0.464,483.000,0.584,383.576,2.051,1.394,0.000,0.000
3587953,2026-05-26 19:59:58,179,20.100,31.324,29.410,983.836,247.819,35.540,1200.000,0.120,1.452,1248.000,1.509,1200.972,0.003,0.000,0.000,0.000,0.447,313.000,0.378,369.461,2.080,1.344,0.000,0.000
3608034,2026-05-26 20:00:18,180,20.100,31.324,29.340,983.821,247.945,35.021,1200.000,0.120,1.412,1036.000,1.252,1167.978,0.003,0.000,0.000,0.000,0.448,375.000,0.453,370.568,2.105,1.293,0.000,0.000
3628115,2026-05-26 20:00:38,181,20.100,31.324,29.350,983.838,247.801,36.026,1200.000,0.120,1.461,1370.000,1.656,1208.382,0.000,0.000,0.000,0.000,0.445,358.000,0.433,368.055,2.075,1.365,0.000,0.000
3648196,2026-05-26 20:00:58,182,20.100,31.324,29.290,983.837,247.809,35.636,1200.000,0.120,1.469,1244.000,1.504,1215.506,0.000,0.000,0.000,0.000,0.433,319.000,0.386,358.244,2.102,1.322,0.000,0.000
3668277,2026-05-26 20:01:18,183,20.100,31.324,29.210,983.810,248.039,35.432,1200.000,0.120,1.433,1065.000,1.287,1185.405,0.000,0.000,0.000,0.000,0.458,460.000,0.556,378.595,2.071,1.354,0.000,0.000
3688358,2026-05-26 20:01:39,184,20.100,31.324,29.130,983.794,248.179,35.426,1100.000,0.110,1.448,1247.000,1.507,1197.724,0.000,0.000,0.000,0.000,0.431,269.000,0.325,356.676,2.093,1.332,0.000,0.000
3708439,2026-05-26 20:01:59,185,20.100,31.324,29.160,983.832,247.855,36.360,1100.000,0.110,1.441,1168.000,1.412,1191.779,0.000,0.000,0.000,0.000,0.410,268.000,0.324,338.941,2.080,1.379,0.000,0.000
3728520,2026-05-26 20:02:19,186,20.100,31.324,29.170,983.830,247.872,35.649,1100.000,0.110,1.404,1041.000,1.258,1161.623,0.000,0.000,0.000,0.000,0.440,466.000,0.563,364.353,2.083,1.345,0.000,0.000
3748619,2026-05-26 20:02:39,187,20.100,31.324,29.080,983.823,247.935,35.853,1000.000,0.100,1.396,1126.000,1.361,1154.499,0.000,0.000,0.000,0.000,0.434,337.000,0.407,358.882,2.108,1.300,0.000,0.000
3768700,2026-05-26 20:02:59,188,20.100,31.324,29.040,983.851,247.696,35.873,1000.000,0.100,1.422,1265.000,1.529,1176.599,0.003,0.000,0.000,0.000,0.408,251.000,0.303,337.306,2.100,1.340,0.000,0.000
3788781,2026-05-26 20:03:19,189,20.100,31.324,29.030,983.842,247.769,36.315,1000.000,0.100,1.407,1112.000,1.344,1163.679,0.000,0.000,0.000,0.000,0.415,368.000,0.445,343.445,2.066,1.400,0.000,0.000
3808862,2026-05-26 20:03:39,190,20.100,31.324,29.090,983.818,247.978,36.425,1100.000,0.110,1.358,964.000,1.165,1123.743,0.000,0.000,0.000,0.000,0.443,460.000,0.556,366.756,2.042,1.416,0.000,0.000
3828943,2026-05-26 20:03:59,191,20.100,31.324,29.170,983.830,247.870,35.941,1100.000,0.110,1.389,1249.000,1.510,1148.795,0.000,0.000,0.000,0.000,0.439,347.000,0.419,362.805,2.019,1.465,0.000,0.000
3849024,2026-05-26 20:04:19,192,20.100,31.324,29.160,983.823,247.929,35.964,1100.000,0.110,1.434,1338.000,1.617,1186.636,0.000,0.000,0.000,0.000,0.442,379.000,0.458,366.044,1.999,1.506,0.000,0.000
3869105,2026-05-26 20:04:39,193,20.100,31.324,29.180,983.817,247.983,36.876,1100.000,0.110,1.448,1241.000,1.500,1197.509,0.003,0.000,0.000,0.000,0.453,408.000,0.493,374.435,1.974,1.532,0.000,0.000
3889269,2026-05-26 20:04:59,194,20.100,31.324,29.160,983.825,247.918,36.361,1100.000,0.110,1.436,1151.000,1.391,1188.207,0.000,0.000,0.000,0.000,0.482,498.000,0.602,399.148,1.971,1.511,0.000,0.000
3909350,2026-05-26 20:05:20,195,20.100,31.324,29.140,983.799,248.141,36.534,1100.000,0.110,1.422,1130.000,1.366,1176.566,0.003,0.000,0.000,0.000,0.498,464.000,0.561,412.118,1.958,1.516,0.000,0.000
3929431,2026-05-26 20:05:40,196,20.100,31.215,29.090,983.821,247.947,36.482,1100.000,0.110,1.375,981.000,1.186,1137.452,0.000,0.000,0.000,0.000,0.516,486.000,0.587,426.895,1.966,1.477,0.000,0.000
3949512,2026-05-26 20:06:00,197,20.100,31.324,29.070,983.827,247.902,36.586,1100.000,0.110,1.370,1115.000,1.348,1132.962,0.008,0.000,0.000,0.000,0.523,456.000,0.551,432.716,1.953,1.494,0.000,0.000
3969593,2026-05-26 20:06:20,198,20.100,31.324,29.090,983.840,247.783,36.098,1100.000,0.110,1.432,1390.000,1.680,1184.370,0.003,0.000,0.000,0.000,0.487,284.000,0.343,402.973,1.959,1.513,0.000,0.000
3989674,2026-05-26 20:06:40,199,20.100,31.324,29.100,983.803,248.105,35.749,1200.000,0.120,1.487,1415.000,1.710,1230.496,0.003,0.000,0.000,0.000,0.456,273.000,0.330,376.978,1.969,1.531,0.000,0.000
4009755,2026-05-26 20:07:00,200,20.100,31.324,29.090,983.788,248.228,36.006,1100.000,0.110,1.502,1289.000,1.558,1242.197,0.000,0.000,0.000,0.000,0.427,260.000,0.314,353.582,2.004,1.496,0.000,0.000
4029836,2026-05-26 20:07:20,201,20.100,31.324,29.120,983.817,247.987,35.657,1200.000,0.120,1.489,1189.000,1.437,1231.557,0.003,0.000,0.000,0.000,0.430,366.000,0.442,356.066,2.042,1.420,0.000,0.000
4049917,2026-05-26 20:07:40,202,20.100,31.324,29.090,983.811,248.033,36.040,1100.000,0.110,1.451,1076.000,1.301,1200.446,0.000,0.000,0.000,0.000,0.464,497.000,0.601,384.253,2.043,1.396,0.000,0.000
4069998,2026-05-26 20:08:00,203,20.100,31.324,29.060,983.791,248.202,36.026,1100.000,0.110,1.449,1193.000,1.442,1198.957,0.003,0.000,0.000,0.000,0.435,263.000,0.318,360.002,2.054,1.411,0.000,0.000
4090079,2026-05-26 20:08:20,204,20.100,31.324,29.030,983.811,248.038,35.813,1100.000,0.110,1.386,938.000,1.134,1146.766,0.000,0.000,0.000,0.000,0.448,415.000,0.502,371.002,2.081,1.349,0.000,0.000
4110160,2026-05-26 20:08:40,205,20.100,31.432,29.030,983.802,248.112,37.096,1100.000,0.110,1.420,1286.000,1.555,1174.612,0.003,0.000,0.000,0.000,0.435,314.000,0.380,359.601,2.108,1.319,0.000,0.000
4130255,2026-05-26 20:09:00,206,20.100,31.324,29.000,983.766,248.419,36.907,1200.000,0.120,1.404,1109.000,1.341,1161.490,0.005,0.000,0.000,0.000,0.467,494.000,0.597,386.481,2.107,1.292,0.000,0.000
4150336,2026-05-26 20:09:20,207,20.100,31.324,28.980,983.800,248.129,36.952,1200.000,0.120,1.424,1243.000,1.503,1177.792,0.003,0.000,0.000,0.000,0.456,341.000,0.412,377.385,2.080,1.365,0.000,0.000
4170417,2026-05-26 20:09:41,208,20.100,31.324,28.940,983.775,248.343,37.205,1200.000,0.120,1.384,1012.000,1.223,1144.634,0.000,0.000,0.000,0.000,0.462,402.000,0.486,382.308,2.106,1.309,0.000,0.000
4190498,2026-05-26 20:10:01,209,20.100,31.324,28.940,983.771,248.492,36.879,1200.000,0.120,1.428,1329.000,1.606,1181.507,0.005,0.000,0.000,0.000,0.466,397.000,0.480,385.246,2.075,1.377,0.000,0.000
4210579,2026-05-26 20:10:21,210,20.100,31.324,28.950,983.790,248.210,36.846,1200.000,0.120,1.413,1119.000,1.353,1169.005,0.003,0.000,0.000,0.000,0.448,312.000,0.377,370.597,2.107,1.336,0.000,0.000
12891,NO_TIME,1,20.100,29.282,28.200,983.573,250.061,39.075,1600.000,0.160,0.780,645.000,0.780,645.000,0.000,0.000,0.000,0.000,0.277,229.000,0.277,229.000,5.001,2.565,0.000,0.000
32971,2026-05-26 20:36:48,2,20.100,29.388,28.290,983.565,250.134,38.699,1300.000,0.130,0.983,1484.000,1.794,812.800,0.015,0.000,0.000,0.000,0.388,688.000,0.832,320.800,4.633,2.381,0.000,0.000
53058,2026-05-26 20:37:08,3,20.100,29.601,28.360,983.565,250.135,38.530,1200.000,0.120,1.111,1344.000,1.625,919.040,0.013,0.000,0.000,0.000,0.459,614.000,0.742,379.440,4.278,2.299,0.000,0.000
73139,2026-05-26 20:37:28,4,20.100,29.708,28.380,983.593,249.890,38.404,1200.000,0.120,1.261,1540.000,1.862,1043.232,0.010,0.000,0.000,0.000,0.466,409.000,0.494,385.352,4.005,2.196,0.000,0.000
93220,2026-05-26 20:37:48,5,20.000,29.708,28.430,983.586,249.955,38.396,1200.000,0.120,1.335,1348.000,1.629,1104.186,0.008,0.000,0.000,0.000,0.470,403.000,0.487,388.882,3.782,2.078,0.000,0.000
113301,2026-05-26 20:38:09,6,20.100,29.815,28.430,983.558,250.193,38.432,1200.000,0.120,1.384,1310.000,1.584,1145.349,0.010,0.000,0.000,0.000,0.474,404.000,0.488,391.905,3.590,1.966,0.000,0.000
133382,2026-05-26 20:38:29,7,20.100,29.922,28.460,983.574,250.059,38.271,1200.000,0.120,1.380,1128.000,1.364,1141.879,0.003,0.000,0.000,0.000,0.521,586.000,0.708,430.724,3.399,1.875,0.000,0.000
153463,2026-05-26 20:38:49,8,20.000,30.029,28.470,983.575,250.046,38.319,1200.000,0.120,1.447,1419.000,1.715,1197.303,0.008,0.000,0.000,0.000,0.507,373.000,0.451,419.179,3.232,1.851,0.000,0.000
173544,2026-05-26 20:39:09,9,20.000,30.029,28.500,983.571,250.083,38.158,1200.000,0.120,1.439,1165.000,1.408,1190.843,0.008,0.000,0.000,0.000,0.533,528.000,0.638,440.944,3.104,1.752,0.000,0.000
193627,2026-05-26 20:39:29,10,20.000,30.136,28.520,983.575,250.044,38.184,1200.000,0.120,1.505,1461.000,1.766,1244.874,0.005,0.000,0.000,0.000,0.533,441.000,0.533,440.955,2.960,1.771,0.000,0.000
213708,2026-05-26 20:39:49,11,20.000,30.136,28.510,983.606,249.783,38.160,1200.000,0.120,1.529,1343.000,1.623,1264.499,0.005,0.000,0.000,0.000,0.558,544.000,0.658,461.564,2.870,1.684,0.000,0.000
9885,NO_TIME,121,20.000,28.751,27.310,979.983,280.723,41.225,1400.000,0.140,1.349,1101.000,1.331,1115.993,0.020,0.000,0.000,0.000,0.377,271.000,0.328,312.248,2.018,1.283,0.000,0.000
19985,2026-05-27 13:41:08,122,20.000,28.751,27.360,980.003,280.557,41.346,1300.000,0.130,1.329,1035.000,1.251,1099.794,0.023,0.000,0.000,0.000,0.369,279.000,0.337,305.599,2.011,1.250,0.000,0.000
40186,2026-05-27 13:41:28,124,20.000,28.751,27.440,979.989,280.672,42.212,1400.000,0.140,1.379,1243.000,1.503,1140.628,0.020,0.000,0.000,0.000,0.358,278.000,0.336,296.303,1.980,1.214,0.000,0.000
50380,2026-05-27 13:41:38,125,20.000,28.751,27.500,979.941,281.089,41.359,1500.000,0.150,1.366,1086.000,1.313,1129.703,0.023,0.000,0.000,0.000,0.363,318.000,0.384,300.643,1.949,1.192,0.000,0.000
60480,2026-05-27 13:41:48,126,20.000,28.857,27.520,979.932,281.163,40.827,1400.000,0.140,1.330,983.000,1.188,1100.362,0.020,0.000,0.000,0.000,0.363,299.000,0.361,300.314,1.947,1.159,0.000,0.000
70581,2026-05-27 13:41:58,127,20.000,28.857,27.550,979.887,281.552,41.050,1400.000,0.140,1.336,1125.000,1.360,1105.290,0.020,0.000,0.000,0.000,0.360,289.000,0.349,298.051,1.946,1.152,0.000,0.000
80681,2026-05-27 13:42:08,128,20.000,28.857,27.550,979.849,281.869,40.621,1500.000,0.150,1.351,1166.000,1.409,1117.432,0.020,0.000,0.000,0.000,0.356,281.000,0.340,294.641,1.946,1.135,0.000,0.000
90797,2026-05-27 13:42:19,129,20.000,28.857,27.550,979.862,281.764,40.830,1400.000,0.140,1.345,1092.000,1.320,1112.345,0.025,0.000,0.000,0.000,0.348,259.000,0.313,287.513,1.933,1.135,0.000,0.000
100898,2026-05-27 13:42:29,130,20.000,28.857,27.560,979.872,281.674,40.668,1300.000,0.130,1.369,1215.000,1.469,1132.876,0.023,0.000,0.000,0.000,0.343,270.000,0.326,284.010,1.931,1.137,0.000,0.000
110999,2026-05-27 13:42:39,131,20.000,28.857,27.550,979.910,281.350,41.271,1300.000,0.130,1.388,1209.000,1.461,1148.101,0.020,0.000,0.000,0.000,0.341,275.000,0.332,282.208,1.930,1.122,0.000,0.000
121098,2026-05-27 13:42:49,132,20.000,28.857,27.510,979.927,281.204,41.011,1300.000,0.130,1.361,1038.000,1.255,1126.081,0.020,0.000,0.000,0.000,0.344,293.000,0.354,284.367,1.928,1.103,0.000,0.000
131199,2026-05-27 13:42:59,133,20.000,28.857,27.510,979.855,281.821,40.850,1200.000,0.120,1.374,1177.000,1.423,1136.265,0.018,0.000,0.000,0.000,0.350,311.000,0.376,289.693,1.906,1.107,0.000,0.000
151400,2026-05-27 13:43:19,135,20.000,28.857,27.530,979.899,281.448,40.666,1200.000,0.120,1.318,1014.000,1.226,1090.329,0.020,0.000,0.000,0.000,0.346,269.000,0.325,286.564,1.854,1.124,0.000,0.000
161501,2026-05-27 13:43:29,136,20.000,28.857,27.520,979.863,281.753,40.942,1200.000,0.120,1.296,1000.000,1.209,1072.264,0.015,0.000,0.000,0.000,0.340,262.000,0.317,281.651,1.845,1.133,0.000,0.000
181701,2026-05-27 13:43:49,138,20.000,28.857,27.530,979.874,281.658,40.968,1400.000,0.140,1.317,1203.000,1.454,1089.249,0.020,0.000,0.000,0.000,0.334,268.000,0.324,275.937,1.849,1.128,0.000,0.000
191801,2026-05-27 13:44:00,139,20.000,28.857,27.540,979.878,281.627,40.841,1400.000,0.140,1.302,1028.000,1.243,1076.999,0.015,0.000,0.000,0.000,0.334,278.000,0.336,276.349,1.859,1.109,0.000,0.000
201903,2026-05-27 13:44:10,140,20.000,28.857,27.560,979.865,281.732,40.819,1200.000,0.120,1.317,1140.000,1.378,1089.599,0.018,0.000,0.000,0.000,0.341,305.000,0.369,282.079,1.860,1.094,0.000,0.000
212003,2026-05-27 13:44:20,141,20.000,28.857,27.580,979.875,281.653,40.855,1200.000,0.120,1.308,1051.000,1.270,1081.880,0.020,0.000,0.000,0.000,0.347,307.000,0.371,287.064,1.863,1.125,0.000,0.000
222102,2026-05-27 13:44:30,142,20.000,28.857,27.530,979.876,281.643,41.025,1200.000,0.120,1.329,1168.000,1.412,1099.104,0.023,0.000,0.000,0.000,0.354,314.000,0.380,292.451,1.856,1.110,0.000,0.000
232203,2026-05-27 13:44:40,143,20.000,28.857,27.490,979.864,281.745,41.230,1200.000,0.120,1.307,1011.000,1.222,1081.483,0.018,0.000,0.000,0.000,0.360,318.000,0.384,297.561,1.838,1.101,0.000,0.000
242304,2026-05-27 13:44:50,144,20.000,28.857,27.450,979.915,281.312,41.262,1100.000,0.110,1.320,1136.000,1.373,1092.386,0.020,0.000,0.000,0.000,0.362,308.000,0.372,299.649,1.813,1.111,0.000,0.000
252494,2026-05-27 13:45:00,145,20.000,28.963,27.460,979.899,281.442,41.390,1200.000,0.120,1.341,1179.000,1.425,1109.709,0.020,0.000,0.000,0.000,0.361,293.000,0.354,298.319,1.824,1.091,0.000,0.000
262594,2026-05-27 13:45:10,146,20.000,28.963,27.440,979.878,281.621,41.434,1200.000,0.120,1.358,1180.000,1.426,1123.767,0.018,0.000,0.000,0.000,0.364,313.000,0.378,301.255,1.809,1.116,0.000,0.000
272694,2026-05-27 13:45:20,147,20.000,28.857,27.460,979.872,281.677,41.401,1200.000,0.120,1.375,1191.000,1.440,1137.214,0.018,0.000,0.000,0.000,0.359,279.000,0.337,296.804,1.797,1.130,0.000,0.000
282794,2026-05-27 13:45:31,148,20.000,28.963,27.460,979.898,281.450,41.448,1200.000,0.120,1.370,1118.000,1.351,1133.371,0.018,0.000,0.000,0.000,0.355,281.000,0.340,293.643,1.815,1.109,0.000,0.000
292912,2026-05-27 13:45:41,149,20.000,28.963,27.480,979.939,281.103,41.392,1200.000,0.120,1.352,1057.000,1.278,1118.097,0.020,0.000,0.000,0.000,0.356,299.000,0.361,294.715,1.794,1.110,0.000,0.000
303014,2026-05-27 13:45:51,150,20.000,28.963,27.470,979.866,281.731,41.448,1200.000,0.120,1.372,1202.000,1.453,1134.878,0.020,0.000,0.000,0.000,0.350,270.000,0.326,289.772,1.812,1.099,0.000,0.000
313114,2026-05-27 13:46:01,151,20.000,28.963,27.470,979.888,281.538,41.367,1200.000,0.120,1.367,1116.000,1.349,1131.102,0.015,0.000,0.000,0.000,0.353,299.000,0.361,291.617,1.791,1.104,0.000,0.000
323213,2026-05-27 13:46:11,152,20.000,28.963,27.460,979.850,281.868,41.320,1400.000,0.140,1.387,1214.000,1.467,1147.682,0.023,0.000,0.000,0.000,0.346,263.000,0.318,285.894,1.804,1.138,0.000,0.000
333315,2026-05-27 13:46:21,153,20.000,28.963,27.490,979.819,282.126,41.369,1400.000,0.140,1.392,1168.000,1.412,1151.745,0.020,0.000,0.000,0.000,0.352,312.000,0.377,291.115,1.792,1.129,0.000,0.000
343415,2026-05-27 13:46:31,154,20.000,28.963,27.480,979.849,281.869,41.334,1300.000,0.130,1.363,1032.000,1.247,1127.796,0.020,0.000,0.000,0.000,0.343,256.000,0.309,284.092,1.795,1.124,0.000,0.000
8936,NO_TIME,157,20.000,28.963,27.550,979.811,282.202,41.189,1600.000,0.160,1.302,1008.000,1.218,1077.400,0.018,0.000,0.000,0.000,0.356,286.000,0.346,294.623,1.847,1.129,0.000,0.000
19016,2026-05-27 13:47:12,158,20.000,28.963,27.550,979.786,282.411,41.143,1500.000,0.150,1.322,1157.000,1.399,1093.320,0.023,0.000,0.000,0.000,0.360,309.000,0.374,297.499,1.823,1.130,0.000,0.000
29116,2026-05-27 13:47:22,159,20.000,28.963,27.570,979.794,282.345,41.099,1600.000,0.160,1.341,1175.000,1.420,1109.656,0.018,0.000,0.000,0.000,0.354,273.000,0.330,292.599,1.812,1.138,0.000,0.000
39217,2026-05-27 13:47:32,160,20.000,29.069,27.580,979.769,282.561,40.879,1500.000,0.150,1.315,1000.000,1.209,1087.725,0.020,0.000,0.000,0.000,0.347,264.000,0.319,286.879,1.833,1.117,0.000,0.000
49318,2026-05-27 13:47:42,161,20.000,28.963,27.600,979.659,283.496,40.835,1400.000,0.140,1.284,960.000,1.160,1062.180,0.020,0.000,0.000,0.000,0.352,307.000,0.371,290.903,1.816,1.111,0.000,0.000
59418,2026-05-27 13:47:52,162,20.000,28.963,27.600,979.768,282.562,40.961,1300.000,0.130,1.272,1014.000,1.226,1052.544,0.015,0.000,0.000,0.000,0.345,262.000,0.317,285.123,1.814,1.118,0.000,0.000
69518,2026-05-27 13:48:02,163,20.000,28.963,27.580,979.816,282.154,41.099,1200.000,0.120,1.302,1176.000,1.422,1077.235,0.018,0.000,0.000,0.000,0.347,296.000,0.358,287.298,1.824,1.119,0.000,0.000
79620,2026-05-27 13:48:12,164,20.000,28.963,27.570,979.735,282.846,40.936,1200.000,0.120,1.282,993.000,1.200,1060.388,0.018,0.000,0.000,0.000,0.346,283.000,0.342,286.438,1.802,1.128,0.000,0.000
99908,2026-05-27 13:48:32,166,20.000,28.963,27.630,979.812,282.185,40.803,1200.000,0.120,1.264,1032.000,1.247,1045.688,0.020,0.000,0.000,0.000,0.349,282.000,0.341,289.001,1.779,1.171,0.000,0.000
110008,2026-05-27 13:48:43,167,20.000,28.963,27.640,979.766,282.581,40.803,1200.000,0.120,1.279,1108.000,1.339,1058.151,0.020,0.000,0.000,0.000,0.341,253.000,0.306,281.801,1.792,1.162,0.000,0.000
5927,NO_TIME,170,20.000,29.069,27.590,979.896,281.467,41.309,1600.000,0.160,1.311,1067.000,1.290,1084.773,0.015,0.000,0.000,0.000,0.354,259.000,0.313,292.530,1.845,1.155,0.000,0.000
24603,2026-05-27 13:49:33,172,20.000,29.069,27.620,979.963,280.901,41.405,1800.000,0.180,1.272,1013.000,1.225,1052.535,0.015,0.000,0.000,0.000,0.357,296.000,0.358,295.059,1.820,1.138,0.000,0.000
34703,2026-05-27 13:49:43,173,20.000,29.069,27.610,979.862,281.766,41.194,1800.000,0.180,1.313,1221.000,1.476,1086.228,0.018,0.000,0.000,0.000,0.349,265.000,0.320,289.047,1.815,1.147,0.000,0.000
54905,2026-05-27 13:50:03,175,20.000,29.069,27.580,979.919,281.273,41.076,1600.000,0.160,1.352,1156.000,1.397,1118.226,0.015,0.000,0.000,0.000,0.351,311.000,0.376,290.230,1.825,1.108,0.000,0.000
65005,2026-05-27 13:50:13,176,20.000,29.069,27.550,979.918,281.282,41.352,1700.000,0.170,1.371,1196.000,1.446,1133.781,0.020,0.000,0.000,0.000,0.353,299.000,0.361,291.984,1.800,1.118,0.000,0.000
75103,2026-05-27 13:50:24,177,20.000,29.069,27.550,979.912,281.331,41.027,1500.000,0.150,1.340,1009.000,1.220,1108.825,0.018,0.000,0.000,0.000,0.346,262.000,0.317,285.987,1.792,1.126,0.000,0.000
85205,2026-05-27 13:50:34,178,20.000,29.069,27.580,979.921,281.256,41.273,1500.000,0.150,1.364,1206.000,1.458,1128.260,0.015,0.000,0.000,0.000,0.339,258.000,0.312,280.390,1.801,1.141,0.000,0.000
105407,2026-05-27 13:50:54,180,20.000,29.069,27.610,979.886,281.555,41.159,1600.000,0.160,1.391,1176.000,1.422,1150.566,0.018,0.000,0.000,0.000,0.332,270.000,0.326,275.050,1.822,1.114,0.000,0.000
115507,2026-05-27 13:51:04,181,20.000,29.069,27.610,979.924,281.235,40.939,1400.000,0.140,1.346,964.000,1.165,1113.253,0.015,0.000,0.000,0.000,0.335,285.000,0.345,277.040,1.829,1.094,0.000,0.000
135708,2026-05-27 13:51:24,183,20.000,29.069,27.610,979.852,281.844,40.881,1200.000,0.120,1.324,1149.000,1.389,1095.082,0.020,0.000,0.000,0.000,0.345,298.000,0.360,285.225,1.791,1.094,0.000,0.000
145808,2026-05-27 13:51:34,184,20.000,29.069,27.680,979.904,281.402,40.563,1200.000,0.120,1.300,998.000,1.206,1075.666,0.020,0.000,0.000,0.000,0.342,275.000,0.332,283.180,1.772,1.111,0.000,0.000
155995,2026-05-27 13:51:44,185,20.000,29.069,27.670,979.890,281.526,40.911,1200.000,0.120,1.279,986.000,1.192,1057.732,0.020,0.000,0.000,0.000,0.338,265.000,0.320,279.544,1.794,1.094,0.000,0.000
166097,2026-05-27 13:51:55,186,20.000,29.069,27.710,979.879,281.620,41.784,1600.000,0.160,1.284,1081.000,1.307,1062.386,0.015,0.000,0.000,0.000,0.340,290.000,0.351,281.635,1.807,1.082,0.000,0.000
196461,2026-05-27 13:52:25,189,20.000,29.175,27.640,979.911,281.340,40.756,1300.000,0.130,1.322,1192.000,1.441,1093.350,0.023,0.000,0.000,0.000,0.344,261.000,0.315,284.365,1.819,1.080,0.000,0.000
216624,2026-05-27 13:52:45,191,20.000,29.069,27.670,979.863,281.750,41.225,1800.000,0.180,1.349,1145.000,1.384,1116.264,0.015,0.000,0.000,0.000,0.352,311.000,0.376,291.394,1.823,1.064,0.000,0.000
226713,2026-05-27 13:52:55,192,20.000,29.069,27.670,979.834,281.998,41.072,1600.000,0.160,1.346,1101.000,1.331,1113.211,0.020,0.000,0.000,0.000,0.355,302.000,0.365,293.515,1.811,1.060,0.000,0.000
246913,2026-05-27 13:53:15,194,20.000,29.175,27.700,979.880,281.609,40.739,1400.000,0.140,1.336,1166.000,1.409,1104.855,0.018,0.000,0.000,0.000,0.356,295.000,0.357,294.690,1.770,1.080,0.000,0.000
257015,2026-05-27 13:53:25,195,20.000,29.175,27.750,979.873,281.668,40.952,1400.000,0.140,1.340,1124.000,1.359,1108.684,0.020,0.000,0.000,0.000,0.354,287.000,0.347,293.152,1.752,1.095,0.000,0.000
267115,2026-05-27 13:53:36,196,20.000,29.175,27.720,979.875,281.648,40.741,1400.000,0.140,1.354,1166.000,1.409,1120.147,0.018,0.000,0.000,0.000,0.357,304.000,0.367,295.321,1.740,1.099,0.000,0.000
277215,2026-05-27 13:53:46,197,20.000,29.175,27.700,979.904,281.404,41.806,1400.000,0.140,1.327,1008.000,1.218,1097.718,0.015,0.000,0.000,0.000,0.358,300.000,0.363,296.257,1.731,1.099,0.000,0.000
297415,2026-05-27 13:54:06,199,20.000,29.175,27.660,979.880,281.607,41.164,1500.000,0.150,1.371,1206.000,1.458,1134.139,0.018,0.000,0.000,0.000,0.357,284.000,0.343,295.525,1.714,1.117,0.000,0.000
307517,2026-05-27 13:54:16,200,20.000,29.175,27.700,979.888,281.540,41.156,1600.000,0.160,1.362,1099.000,1.328,1127.112,0.018,0.000,0.000,0.000,0.348,259.000,0.313,288.220,1.721,1.126,0.000,0.000
327717,2026-05-27 13:54:36,202,20.000,29.175,27.680,979.828,282.049,42.141,1400.000,0.140,1.388,1168.000,1.412,1148.071,0.018,0.000,0.000,0.000,0.339,276.000,0.334,280.781,1.727,1.136,0.000,0.000
337817,2026-05-27 13:54:46,203,20.000,29.175,27.670,979.791,282.368,41.433,1400.000,0.140,1.395,1179.000,1.425,1154.257,0.013,0.000,0.000,0.000,0.345,303.000,0.366,285.224,1.716,1.142,0.000,0.000
347916,2026-05-27 13:54:56,204,20.000,29.175,27.610,979.847,281.892,41.055,1400.000,0.140,1.395,1154.000,1.395,1154.206,0.015,0.000,0.000,0.000,0.351,310.000,0.375,290.180,1.717,1.130,0.000,0.000
358106,2026-05-27 13:55:07,205,20.000,29.175,27.580,979.808,282.224,40.832,1300.000,0.130,1.353,980.000,1.185,1119.365,0.018,0.000,0.000,0.000,0.348,277.000,0.335,287.544,1.708,1.138,0.000,0.000
378306,2026-05-27 13:55:27,207,20.000,29.175,27.580,979.792,282.363,40.844,1300.000,0.130,1.329,997.000,1.205,1099.473,0.015,0.000,0.000,0.000,0.340,265.000,0.320,281.028,1.706,1.150,0.000,0.000
388407,2026-05-27 13:55:37,208,20.000,29.175,27.580,979.797,282.321,40.925,1200.000,0.120,1.327,1090.000,1.318,1097.579,0.015,0.000,0.000,0.000,0.341,286.000,0.346,282.022,1.697,1.153,0.000,0.000
398523,2026-05-27 13:55:47,209,20.000,29.175,27.580,979.770,282.546,40.820,1100.000,0.110,1.319,1064.000,1.286,1090.863,0.015,0.000,0.000,0.000,0.343,292.000,0.353,284.018,1.701,1.133,0.000,0.000
408623,2026-05-27 13:55:57,210,20.000,29.175,27.580,979.728,282.909,40.867,1200.000,0.120,1.290,971.000,1.174,1066.890,0.015,0.000,0.000,0.000,0.348,302.000,0.365,287.614,1.707,1.117,0.000,0.000
418723,2026-05-27 13:56:07,211,20.000,29.175,27.590,979.782,282.443,40.938,1200.000,0.120,1.268,979.000,1.183,1049.312,0.015,0.000,0.000,0.000,0.348,289.000,0.349,287.891,1.723,1.101,0.000,0.000
438926,2026-05-27 13:56:27,213,20.000,29.175,27.590,979.795,282.331,40.741,1100.000,0.110,1.284,1067.000,1.290,1062.080,0.018,0.000,0.000,0.000,0.341,254.000,0.307,281.771,1.768,1.069,0.000,0.000
449026,2026-05-27 13:56:37,214,20.000,29.175,27.600,979.853,281.837,40.776,1200.000,0.120,1.265,985.000,1.191,1046.664,0.015,0.000,0.000,0.000,0.337,266.000,0.322,278.616,1.756,1.084,0.000,0.000
459127,2026-05-27 13:56:48,215,20.000,29.175,27.590,979.808,282.226,40.741,1100.000,0.110,1.239,940.000,1.136,1025.331,0.018,0.000,0.000,0.000,0.342,300.000,0.363,282.893,1.743,1.086,0.000,0.000
469227,2026-05-27 13:56:58,216,20.000,29.175,27.560,979.764,282.600,40.703,1100.000,0.110,1.219,942.000,1.139,1008.665,0.018,0.000,0.000,0.000,0.341,280.000,0.338,282.315,1.760,1.070,0.000,0.000
489427,2026-05-27 13:57:18,218,20.000,29.069,27.550,979.842,281.929,40.771,1100.000,0.110,1.253,1175.000,1.420,1036.386,0.018,0.000,0.000,0.000,0.335,279.000,0.337,276.961,1.757,1.085,0.000,0.000
519729,2026-05-27 13:57:48,221,20.000,29.175,27.510,979.811,282.199,40.941,1200.000,0.120,1.291,1173.000,1.418,1068.078,0.020,0.000,0.000,0.000,0.336,264.000,0.319,277.708,1.782,1.065,0.000,0.000
529829,2026-05-27 13:57:58,222,20.000,29.175,27.500,979.781,282.459,40.929,1200.000,0.120,1.274,996.000,1.204,1053.662,0.015,0.000,0.000,0.000,0.331,257.000,0.311,273.567,1.774,1.080,0.000,0.000
550029,2026-05-27 13:58:18,224,20.000,29.069,27.510,979.811,282.199,40.860,1200.000,0.120,1.298,1098.000,1.327,1073.624,0.013,0.000,0.000,0.000,0.335,271.000,0.328,276.803,1.777,1.065,0.000,0.000
560221,2026-05-27 13:58:29,225,20.000,29.069,27.540,979.782,282.442,40.921,1200.000,0.120,1.308,1115.000,1.348,1081.899,0.015,0.000,0.000,0.000,0.339,293.000,0.354,280.042,1.757,1.075,0.000,0.000
570322,2026-05-27 13:58:39,226,20.000,29.175,27.540,979.801,282.281,41.049,1200.000,0.120,1.311,1094.000,1.322,1084.319,0.015,0.000,0.000,0.000,0.343,300.000,0.363,284.034,1.752,1.067,0.000,0.000
600688,2026-05-27 13:59:09,229,20.000,29.175,27.560,979.807,282.230,40.808,1200.000,0.120,1.327,1098.000,1.327,1098.003,0.018,0.000,0.000,0.000,0.341,260.000,0.314,282.513,1.780,1.044,0.000,0.000
610740,2026-05-27 13:59:19,230,20.000,29.175,27.540,979.752,282.700,40.886,1200.000,0.120,1.299,981.000,1.186,1074.603,0.018,0.000,0.000,0.000,0.337,265.000,0.320,279.011,1.798,1.059,0.000,0.000
630939,2026-05-27 13:59:39,232,20.000,29.175,27.560,979.792,282.360,40.645,1200.000,0.120,1.253,971.000,1.174,1036.506,0.018,0.000,0.000,0.000,0.326,254.000,0.307,270.007,1.822,1.051,0.000,0.000
661242,2026-05-27 14:00:10,235,20.000,29.175,27.630,979.805,282.245,40.687,1100.000,0.110,1.308,1153.000,1.394,1082.251,0.015,0.000,0.000,0.000,0.318,252.000,0.305,263.044,1.846,1.038,0.000,0.000
671342,2026-05-27 14:00:20,236,20.000,29.175,27.660,979.742,282.792,40.630,1200.000,0.120,1.330,1174.000,1.419,1100.601,0.015,0.000,0.000,0.000,0.316,256.000,0.309,261.635,1.831,1.053,0.000,0.000
681441,2026-05-27 14:00:30,237,20.000,29.175,27.660,979.796,282.328,40.676,1200.000,0.120,1.345,1160.000,1.402,1112.481,0.015,0.000,0.000,0.000,0.313,250.000,0.302,259.308,1.832,1.058,0.000,0.000
691542,2026-05-27 14:00:40,238,20.000,29.175,27.670,979.788,282.393,40.632,1200.000,0.120,1.347,1122.000,1.356,1114.385,0.015,0.000,0.000,0.000,0.317,273.000,0.330,262.046,1.839,1.052,0.000,0.000
701643,2026-05-27 14:00:50,239,20.000,29.175,27.680,979.838,281.966,40.621,1200.000,0.120,1.347,1116.000,1.349,1114.708,0.018,0.000,0.000,0.000,0.324,294.000,0.355,268.437,1.808,1.066,0.000,0.000
711744,2026-05-27 14:01:00,240,20.000,29.175,27.710,979.842,281.930,40.646,1100.000,0.110,1.312,969.000,1.171,1085.566,0.018,0.000,0.000,0.000,0.320,250.000,0.302,264.750,1.818,1.064,0.000,0.000
721843,2026-05-27 14:01:10,241,20.000,29.175,27.710,979.799,282.300,40.600,1100.000,0.110,1.289,989.000,1.195,1066.253,0.018,0.000,0.000,0.000,0.326,291.000,0.352,270.000,1.809,1.056,0.000,0.000
742045,2026-05-27 14:01:31,243,20.000,29.175,27.710,979.782,282.446,40.611,1100.000,0.110,1.311,1101.000,1.331,1084.522,0.015,0.000,0.000,0.000,0.323,254.000,0.307,267.440,1.796,1.073,0.000,0.000
752146,2026-05-27 14:01:41,244,20.000,29.175,27.740,979.786,282.409,40.567,1200.000,0.120,1.273,928.000,1.122,1053.218,0.015,0.000,0.000,0.000,0.330,295.000,0.357,272.952,1.786,1.066,0.000,0.000
762335,2026-05-27 14:01:51,245,20.000,29.175,27.730,979.829,282.047,40.532,1100.000,0.110,1.282,1090.000,1.318,1060.574,0.015,0.000,0.000,0.000,0.335,295.000,0.357,277.362,1.782,1.057,0.000,0.000
792637,2026-05-27 14:02:21,248,20.000,29.175,27.760,979.810,282.204,40.466,1200.000,0.120,1.338,1149.000,1.389,1106.574,0.020,0.000,0.000,0.000,0.334,293.000,0.354,276.033,1.761,1.096,0.000,0.000
802753,2026-05-27 14:02:31,249,20.000,29.175,27.750,979.814,282.176,40.441,1100.000,0.110,1.347,1147.000,1.386,1114.659,0.018,0.000,0.000,0.000,0.327,248.000,0.300,270.426,1.765,1.114,0.000,0.000
812854,2026-05-27 14:02:41,250,20.000,29.175,27.750,979.820,282.132,40.256,1100.000,0.110,1.324,1019.000,1.232,1095.527,0.015,0.000,0.000,0.000,0.331,289.000,0.349,274.141,1.753,1.105,0.000,0.000
822955,2026-05-27 14:02:51,251,20.000,29.175,27.750,979.795,282.333,40.476,1100.000,0.110,1.295,974.000,1.177,1071.222,0.018,0.000,0.000,0.000,0.325,248.000,0.300,268.913,1.767,1.100,0.000,0.000
833055,2026-05-27 14:03:02,252,20.000,29.175,27.750,979.813,282.180,40.593,1100.000,0.110,1.305,1113.000,1.345,1079.578,0.018,0.000,0.000,0.000,0.332,299.000,0.361,274.930,1.752,1.096,0.000,0.000
863356,2026-05-27 14:03:32,255,20.000,29.175,27.800,979.807,282.235,40.458,1100.000,0.110,1.281,1078.000,1.303,1059.736,0.018,0.000,0.000,0.000,0.330,263.000,0.318,272.628,1.766,1.076,0.000,0.000
883557,2026-05-27 14:03:52,257,20.000,29.282,27.800,979.785,282.418,40.354,1200.000,0.120,1.304,1074.000,1.298,1078.791,0.015,0.000,0.000,0.000,0.327,260.000,0.314,270.642,1.768,1.072,0.000,0.000
893657,2026-05-27 14:04:02,258,20.000,29.175,27.810,979.819,282.133,40.307,1200.000,0.120,1.328,1178.000,1.424,1098.633,0.013,0.000,0.000,0.000,0.327,268.000,0.324,270.114,1.749,1.090,0.000,0.000
9235,NO_TIME,262,20.000,29.282,27.820,979.773,282.520,40.228,1200.000,0.120,1.316,1010.000,1.221,1088.774,0.018,0.000,0.000,0.000,0.350,272.000,0.329,289.147,1.811,1.143,0.000,0.000
19336,2026-05-27 14:04:53,263,20.000,29.175,27.850,979.788,282.394,40.137,1200.000,0.120,1.320,1104.000,1.335,1091.820,0.018,0.000,0.000,0.000,0.341,254.000,0.307,282.118,1.820,1.134,0.000,0.000
29437,2026-05-27 14:05:03,264,20.000,29.282,27.860,979.788,282.397,40.241,1300.000,0.130,1.301,1015.000,1.227,1076.456,0.018,0.000,0.000,0.000,0.343,291.000,0.352,283.894,1.813,1.131,0.000,0.000
49725,2026-05-27 14:05:23,266,20.000,29.282,27.840,979.853,281.842,40.146,1300.000,0.130,1.283,988.000,1.194,1061.252,0.018,0.000,0.000,0.000,0.343,293.000,0.354,283.652,1.800,1.113,0.000,0.000
59825,2026-05-27 14:05:33,267,20.000,29.282,27.830,979.823,282.097,40.273,1200.000,0.120,1.273,1019.000,1.232,1052.801,0.020,0.000,0.000,0.000,0.334,249.000,0.301,276.722,1.790,1.119,0.000,0.000
80043,2026-05-27 14:05:53,269,20.000,29.175,27.850,979.817,282.150,39.975,1100.000,0.110,1.293,1138.000,1.376,1070.033,0.018,0.000,0.000,0.000,0.329,265.000,0.320,272.022,1.819,1.087,0.000,0.000
90144,2026-05-27 14:06:03,270,20.000,29.282,27.850,979.834,282.005,40.125,1200.000,0.120,1.264,950.000,1.148,1046.026,0.018,0.000,0.000,0.000,0.333,290.000,0.351,275.618,1.801,1.085,0.000,0.000
110344,2026-05-27 14:06:24,272,20.000,29.282,27.820,979.843,281.922,40.192,1100.000,0.110,1.279,1022.000,1.235,1058.337,0.015,0.000,0.000,0.000,0.327,247.000,0.299,270.115,1.775,1.100,0.000,0.000
5926,NO_TIME,275,20.000,29.282,27.780,979.790,282.375,40.258,1100.000,0.110,1.289,1015.000,1.227,1066.373,0.015,0.000,0.000,0.000,0.356,293.000,0.354,294.435,1.871,1.129,0.000,0.000
13090,NO_TIME,276,20.000,29.282,27.780,979.856,281.811,40.107,1100.000,0.110,1.263,959.000,1.159,1044.898,0.018,0.000,0.000,0.000,0.357,297.000,0.359,294.948,1.851,1.116,0.000,0.000
23189,2026-05-27 14:07:14,277,20.000,29.282,27.790,979.932,281.158,40.063,1100.000,0.110,1.275,1095.000,1.324,1054.918,0.018,0.000,0.000,0.000,0.356,293.000,0.354,294.558,1.846,1.095,0.000,0.000
33291,2026-05-27 14:07:24,278,20.000,29.282,27.810,979.882,281.588,40.075,1100.000,0.110,1.262,1000.000,1.209,1043.935,0.015,0.000,0.000,0.000,0.350,269.000,0.325,289.447,1.851,1.077,0.000,0.000
53494,2026-05-27 14:07:44,280,20.000,29.282,27.820,979.926,281.216,40.191,1200.000,0.120,1.289,1126.000,1.361,1066.598,0.018,0.000,0.000,0.000,0.330,246.000,0.297,273.166,1.846,1.079,0.000,0.000
63594,2026-05-27 14:07:55,281,20.000,29.282,27.850,979.910,281.351,40.356,1300.000,0.130,1.284,1044.000,1.262,1062.079,0.018,0.000,0.000,0.000,0.327,259.000,0.313,270.333,1.820,1.096,0.000,0.000
73694,2026-05-27 14:08:05,282,20.000,29.282,27.870,979.863,281.749,40.162,1600.000,0.160,1.251,926.000,1.119,1034.863,0.018,0.000,0.000,0.000,0.332,293.000,0.354,274.866,1.796,1.098,0.000,0.000
